"DESCRIPTION","DURATION IN MS","NAME","PARENT SUITE","START TIME","STATUS","STOP TIME","SUB SUITE","SUITE","TEST CLASS","TEST METHOD"
"","985","CreateFranchise - account_number as object","API_Regression_Suite","2026-03-25","passed","2026-03-25","autochek_api_negative.UserService.UserServiceNegative","Autochek_API_Automation","autochek_api_negative.UserService.UserServiceNegative","CreateFranchise"
"Get the list of Tyre brands","450","GetTyreBrandsNegative - Attempt SQL injection with comment","API_Regression_Suite","2026-03-25","passed","2026-03-25","autochek_api_negative.OfferSimulation.OfferSimulationNegative","Autochek_API_Automation","autochek_api_negative.OfferSimulation.OfferSimulationNegative","GetTyreBrandsNegative"
"Create Inspection for the carID generated in Car Creation","708","PostCreateInspection - Very large numeric value","API_Regression_Suite","2026-03-25","passed","2026-03-25","autochek_api_negative.DetachTyresSpecification.DetachTyresSpecificationNegative","Autochek_API_Automation","autochek_api_negative.DetachTyresSpecification.DetachTyresSpecificationNegative","PostCreateInspection"
"Validates GET /v2/origination/loans/{loan_id}/logbook/car-details - Negative Test","600","GetLogbookCarDetailsByLoanIdNegative - loan_id with only special characters","API_Regression_Suite","2026-03-25","passed","2026-03-25","autochek_api_negative.OriginationService.ResponsePayloadReductionV2APIsNegative","Autochek_API_Automation","autochek_api_negative.OriginationService.ResponsePayloadReductionV2APIsNegative","GetLogbookCarDetailsByLoanIdNegative"
"","468","GetFranchiseList - country is numeric string","API_Regression_Suite","2026-03-25","passed","2026-03-25","autochek_api_negative.UserService.UserServiceNegative","Autochek_API_Automation","autochek_api_negative.UserService.UserServiceNegative","GetFranchiseList"
"","485","UpdateFranchise - street_name too long string","API_Regression_Suite","2026-03-25","passed","2026-03-25","autochek_api_negative.UserService.UserServiceNegative","Autochek_API_Automation","autochek_api_negative.UserService.UserServiceNegative","UpdateFranchise"
"Submit Loan Customer Preferences","3758","SubmitLoanPreferencesNegative - upfrontWarranty special characters only","API_Regression_Suite","2026-03-25","passed","2026-03-25","autochek_api_negative.OfferSimulation.OfferSimulationNegative","Autochek_API_Automation","autochek_api_negative.OfferSimulation.OfferSimulationNegative","SubmitLoanPreferencesNegative"
"","0","PostLoginV2Negative - Password is null","API_Regression_Suite","2026-03-25","skipped","2026-03-25","autochek_api_negative.UserService.UserServiceV2Negative","Autochek_API_Automation","autochek_api_negative.UserService.UserServiceV2Negative","PostLoginV2Negative"
"Get the list of Tyre brands","1200","GetTyreBrands","API_Regression_Suite","2026-03-25","passed","2026-03-25","autochek_api_positive.OfferSimulation.OfferSimulationPositive","Autochek_API_Automation","autochek_api_positive.OfferSimulation.OfferSimulationPositive","GetTyreBrands"
"","0","PostLogoutAllAdminNegative - userId as very long string (300 chars)","API_Regression_Suite","2026-03-25","skipped","2026-03-25","autochek_api_negative.UserService.UserServiceV2Negative","Autochek_API_Automation","autochek_api_negative.UserService.UserServiceV2Negative","PostLogoutAllAdminNegative"
"Validates GET /v1/inventory/model with dynamic parameters - Positive Test","467","GetModelList - Validate only make.id is returned inside make","API_Regression_Suite","2026-03-25","passed","2026-03-25","autochek_api_positive.InventoryService.DynamicResponsePositive","Autochek_API_Automation","autochek_api_positive.InventoryService.DynamicResponsePositive","GetModelList"
"Validates GET /v1/inventory/car with dynamic parameters - Negative Test","1138","GetCarListNegative - Pass numeric value in fields","API_Regression_Suite","2026-03-25","passed","2026-03-25","autochek_api_negative.InventoryService.DynamicResponseNegative","Autochek_API_Automation","autochek_api_negative.InventoryService.DynamicResponseNegative","GetCarListNegative"
"Get Offer Details by OfferID","7694","GetOffersById","API_Regression_Suite","2026-03-25","passed","2026-03-25","autochek_api_positive.OriginationService.ResponsePayloadReductionV2APIs","Autochek_API_Automation","autochek_api_positive.OriginationService.ResponsePayloadReductionV2APIs","GetOffersById"
"","492","GetFranchiseList - status is special characters","API_Regression_Suite","2026-03-25","passed","2026-03-25","autochek_api_negative.UserService.UserServiceNegative","Autochek_API_Automation","autochek_api_negative.UserService.UserServiceNegative","GetFranchiseList"
"Validates GET /v1/inventory/car with dynamic parameters - Negative Test","592","GetCarListNegative - Pass invalid structure in relations","API_Regression_Suite","2026-03-25","passed","2026-03-25","autochek_api_negative.InventoryService.DynamicResponseNegative","Autochek_API_Automation","autochek_api_negative.InventoryService.DynamicResponseNegative","GetCarListNegative"
"Update Car and Validate Response","639","PutUpdateCar - state too short (1 char)","API_Regression_Suite","2026-03-25","passed","2026-03-25","autochek_api_negative.DetachTyresSpecification.DetachTyresSpecificationNegative","Autochek_API_Automation","autochek_api_negative.DetachTyresSpecification.DetachTyresSpecificationNegative","PutUpdateCar"
"Submit Loan Customer Preferences","3167","SubmitLoanPreferencesNegative - tyreQuantity string","API_Regression_Suite","2026-03-25","passed","2026-03-25","autochek_api_negative.OfferSimulation.OfferSimulationNegative","Autochek_API_Automation","autochek_api_negative.OfferSimulation.OfferSimulationNegative","SubmitLoanPreferencesNegative"
"Get TyreSpecs Details by Car ID","464","GetTyreSpecs - car_id with SQL injection attempt","API_Regression_Suite","2026-03-25","passed","2026-03-25","autochek_api_negative.DetachTyresSpecification.DetachTyresSpecificationNegative","Autochek_API_Automation","autochek_api_negative.DetachTyresSpecification.DetachTyresSpecificationNegative","GetTyreSpecs"
"","816","CreateFranchise - state is null","API_Regression_Suite","2026-03-25","passed","2026-03-25","autochek_api_negative.UserService.UserServiceNegative","Autochek_API_Automation","autochek_api_negative.UserService.UserServiceNegative","CreateFranchise"
"","740","CreateFranchise - phone with special characters","API_Regression_Suite","2026-03-25","passed","2026-03-25","autochek_api_negative.UserService.UserServiceNegative","Autochek_API_Automation","autochek_api_negative.UserService.UserServiceNegative","CreateFranchise"
"","0","PostLookUpV2Negative - Identifier is an empty string","API_Regression_Suite","2026-03-25","skipped","2026-03-25","autochek_api_negative.UserService.UserServiceV2Negative","Autochek_API_Automation","autochek_api_negative.UserService.UserServiceV2Negative","PostLookUpV2Negative"
"Negative test for Create System Config V2","0","PostSystemConfigV2 - DISALLOW_WHITESPACES zero value","API_Regression_Suite","2026-03-25","skipped","2026-03-25","autochek_api_negative.UserService.UserServiceV2Negative","Autochek_API_Automation","autochek_api_negative.UserService.UserServiceV2Negative","PostSystemConfigV2"
"","1300","UpdateFranchise - city ID is a special character","API_Regression_Suite","2026-03-25","passed","2026-03-25","autochek_api_negative.UserService.UserServiceNegative","Autochek_API_Automation","autochek_api_negative.UserService.UserServiceNegative","UpdateFranchise"
"Validates GET /v2/origination/loans/{loan_id}/logbook/car-details - Negative Test","540","GetLogbookCarDetailsByLoanIdNegative - Send loan_id as null","API_Regression_Suite","2026-03-25","passed","2026-03-25","autochek_api_negative.OriginationService.ResponsePayloadReductionV2APIsNegative","Autochek_API_Automation","autochek_api_negative.OriginationService.ResponsePayloadReductionV2APIsNegative","GetLogbookCarDetailsByLoanIdNegative"
"Submit Loan Customer Preferences","553","SubmitLoanPreferencesNegative - dealDiscount 0%","API_Regression_Suite","2026-03-25","passed","2026-03-25","autochek_api_negative.OfferSimulation.OfferSimulationNegative","Autochek_API_Automation","autochek_api_negative.OfferSimulation.OfferSimulationNegative","SubmitLoanPreferencesNegative"
"Submit Loan Customer Preferences","7367","SubmitLoanPreferencesNegative - Interest Rate Type invalid value","API_Regression_Suite","2026-03-25","passed","2026-03-25","autochek_api_negative.OfferSimulation.OfferSimulationNegative","Autochek_API_Automation","autochek_api_negative.OfferSimulation.OfferSimulationNegative","SubmitLoanPreferencesNegative"
"Submit Loan Customer Preferences","435","SubmitLoanPreferencesNegative - feePaymentMethod SQL injection attempt","API_Regression_Suite","2026-03-25","failed","2026-03-25","autochek_api_negative.OfferSimulation.OfferSimulationNegative","Autochek_API_Automation","autochek_api_negative.OfferSimulation.OfferSimulationNegative","SubmitLoanPreferencesNegative"
"Validates GET /v2/origination/loans/{loan_id}/accepted-offer - Negative Test","582","GetAcceptedOfferByLoanIdNegative - offer_id with only special characters","API_Regression_Suite","2026-03-25","passed","2026-03-25","autochek_api_negative.OriginationService.ResponsePayloadReductionV2APIsNegative","Autochek_API_Automation","autochek_api_negative.OriginationService.ResponsePayloadReductionV2APIsNegative","GetAcceptedOfferByLoanIdNegative"
"Validates GET /v1/inventory/model with dynamic parameters - Negative Test","435","GetModelListNegative - Pass nested field incorrectly format","API_Regression_Suite","2026-03-25","passed","2026-03-25","autochek_api_negative.InventoryService.DynamicResponseNegative","Autochek_API_Automation","autochek_api_negative.InventoryService.DynamicResponseNegative","GetModelListNegative"
"","479","UpdateFranchise - onboarding_source is boolean false","API_Regression_Suite","2026-03-25","passed","2026-03-25","autochek_api_negative.UserService.UserServiceNegative","Autochek_API_Automation","autochek_api_negative.UserService.UserServiceNegative","UpdateFranchise"
"Validates GET /v2/origination/offers with dynamic parameters - Positive Test","488","GetOffersListNegative - country is special characters","API_Regression_Suite","2026-03-25","passed","2026-03-25","autochek_api_negative.OriginationService.ResponsePayloadReductionV2APIsNegative","Autochek_API_Automation","autochek_api_negative.OriginationService.ResponsePayloadReductionV2APIsNegative","GetOffersListNegative"
"Update System Config dynamically for PASSWORD_POLICY or USER_SESSION","0","PatchSystemConfigV2 - REQUIRE_NUMBER array structure passed","API_Regression_Suite","2026-03-25","skipped","2026-03-25","autochek_api_negative.UserService.UserServiceV2Negative","Autochek_API_Automation","autochek_api_negative.UserService.UserServiceV2Negative","PatchSystemConfigV2"
"Validates GET /v2/origination/sources with dynamic parameters - Negative Test","541","GetSourcesListNegative - country is boolean","API_Regression_Suite","2026-03-25","passed","2026-03-25","autochek_api_negative.OriginationService.ResponsePayloadReductionV2APIsNegative","Autochek_API_Automation","autochek_api_negative.OriginationService.ResponsePayloadReductionV2APIsNegative","GetSourcesListNegative"
"Accept Simulation Offer","498","AcceptOfferNegative - loan_id in base64 encoded format","API_Regression_Suite","2026-03-25","passed","2026-03-25","autochek_api_negative.OfferSimulation.OfferSimulationNegative","Autochek_API_Automation","autochek_api_negative.OfferSimulation.OfferSimulationNegative","AcceptOfferNegative"
"","512","UpdateFranchise - phone is empty string","API_Regression_Suite","2026-03-25","passed","2026-03-25","autochek_api_negative.UserService.UserServiceNegative","Autochek_API_Automation","autochek_api_negative.UserService.UserServiceNegative","UpdateFranchise"
"","0","PatchUpdatePasswordV2Negative - SQL injection attempt","API_Regression_Suite","2026-03-25","skipped","2026-03-25","autochek_api_negative.UserService.UserServiceV2Negative","Autochek_API_Automation","autochek_api_negative.UserService.UserServiceV2Negative","PatchUpdatePasswordV2Negative"
"Create Inspection for the carID generated in Car Creation","569","PostCreateInspection - Car_id with spaces","API_Regression_Suite","2026-03-25","passed","2026-03-25","autochek_api_negative.DetachTyresSpecification.DetachTyresSpecificationNegative","Autochek_API_Automation","autochek_api_negative.DetachTyresSpecification.DetachTyresSpecificationNegative","PostCreateInspection"
"","767","CreateFranchise - map_address is null","API_Regression_Suite","2026-03-25","passed","2026-03-25","autochek_api_negative.UserService.UserServiceNegative","Autochek_API_Automation","autochek_api_negative.UserService.UserServiceNegative","CreateFranchise"
"","432","submitLoanPreference - Residual percentage 10%","API_Regression_Suite","2026-03-25","passed","2026-03-25","autochek_api_positive.OfferSimulation.OfferSimulationPositive","Autochek_API_Automation","autochek_api_positive.OfferSimulation.OfferSimulationPositive","submitLoanPreference"
"","0","PostDisableUserV2Negative - Send userId with leading/trailing spaces","API_Regression_Suite","2026-03-25","skipped","2026-03-25","autochek_api_negative.UserService.UserServiceV2Negative","Autochek_API_Automation","autochek_api_negative.UserService.UserServiceV2Negative","PostDisableUserV2Negative"
"","0","PostUserSignUpV2Negative - Password field is omitted from the request body","API_Regression_Suite","2026-03-25","skipped","2026-03-25","autochek_api_negative.UserService.UserServiceV2Negative","Autochek_API_Automation","autochek_api_negative.UserService.UserServiceV2Negative","PostUserSignUpV2Negative"
"","608","UpdateFranchise - latitude = ""abc""","API_Regression_Suite","2026-03-25","passed","2026-03-25","autochek_api_negative.UserService.UserServiceNegative","Autochek_API_Automation","autochek_api_negative.UserService.UserServiceNegative","UpdateFranchise"
"Validates GET /v2/origination/loans/{loan_id}/logbook/booking-info - Negative Test","512","GetBookingInfoForLogbookLoanNegative - Send loan_id as empty string","API_Regression_Suite","2026-03-25","passed","2026-03-25","autochek_api_negative.OriginationService.ResponsePayloadReductionV2APIsNegative","Autochek_API_Automation","autochek_api_negative.OriginationService.ResponsePayloadReductionV2APIsNegative","GetBookingInfoForLogbookLoanNegative"
"Create Inspection for the carID generated in Car Creation","493","PostCreateInspection - Special characters in country","API_Regression_Suite","2026-03-25","failed","2026-03-25","autochek_api_negative.DetachTyresSpecification.DetachTyresSpecificationNegative","Autochek_API_Automation","autochek_api_negative.DetachTyresSpecification.DetachTyresSpecificationNegative","PostCreateInspection"
"","507","CreateFranchise - owner has script tag (xss)","API_Regression_Suite","2026-03-25","passed","2026-03-25","autochek_api_negative.UserService.UserServiceNegative","Autochek_API_Automation","autochek_api_negative.UserService.UserServiceNegative","CreateFranchise"
"","772","CreateFranchise - email missing '@' symbol","API_Regression_Suite","2026-03-25","passed","2026-03-25","autochek_api_negative.UserService.UserServiceNegative","Autochek_API_Automation","autochek_api_negative.UserService.UserServiceNegative","CreateFranchise"
"Submit Loan Customer Preferences","442","SubmitLoanPreferencesNegative - includeLicenceRenewalFees boolean false","API_Regression_Suite","2026-03-25","failed","2026-03-25","autochek_api_negative.OfferSimulation.OfferSimulationNegative","Autochek_API_Automation","autochek_api_negative.OfferSimulation.OfferSimulationNegative","SubmitLoanPreferencesNegative"
"","1251","CreateFranchise - state special characters","API_Regression_Suite","2026-03-25","passed","2026-03-25","autochek_api_negative.UserService.UserServiceNegative","Autochek_API_Automation","autochek_api_negative.UserService.UserServiceNegative","CreateFranchise"
"","1200","CreateFranchise - account_name as array","API_Regression_Suite","2026-03-25","passed","2026-03-25","autochek_api_negative.UserService.UserServiceNegative","Autochek_API_Automation","autochek_api_negative.UserService.UserServiceNegative","CreateFranchise"
"Validates GET /v1/inventory/model with dynamic parameters - Positive Test","482","GetModelList - Validate only id field is returned","API_Regression_Suite","2026-03-25","passed","2026-03-25","autochek_api_positive.InventoryService.DynamicResponsePositive","Autochek_API_Automation","autochek_api_positive.InventoryService.DynamicResponsePositive","GetModelList"
"","489","UpdateFranchise - account_name is empty","API_Regression_Suite","2026-03-25","passed","2026-03-25","autochek_api_negative.UserService.UserServiceNegative","Autochek_API_Automation","autochek_api_negative.UserService.UserServiceNegative","UpdateFranchise"
"","525","submitLoanPreference - Omit equityContribution","API_Regression_Suite","2026-03-25","passed","2026-03-25","autochek_api_positive.OfferSimulation.OfferSimulationPositive","Autochek_API_Automation","autochek_api_positive.OfferSimulation.OfferSimulationPositive","submitLoanPreference"
"","1","PostLogoutAllAdminNegative - userId as null","API_Regression_Suite","2026-03-25","skipped","2026-03-25","autochek_api_negative.UserService.UserServiceV2Negative","Autochek_API_Automation","autochek_api_negative.UserService.UserServiceV2Negative","PostLogoutAllAdminNegative"
"","1","PostUserSignUpV2Negative - Invalid email format","API_Regression_Suite","2026-03-25","skipped","2026-03-25","autochek_api_negative.UserService.UserServiceV2Negative","Autochek_API_Automation","autochek_api_negative.UserService.UserServiceV2Negative","PostUserSignUpV2Negative"
"","483","UpdateFranchise - longitude as object","API_Regression_Suite","2026-03-25","passed","2026-03-25","autochek_api_negative.UserService.UserServiceNegative","Autochek_API_Automation","autochek_api_negative.UserService.UserServiceNegative","UpdateFranchise"
"Update Car and Validate Response","712","PutUpdateCar - license_plate as script injection","API_Regression_Suite","2026-03-25","failed","2026-03-25","autochek_api_negative.DetachTyresSpecification.DetachTyresSpecificationNegative","Autochek_API_Automation","autochek_api_negative.DetachTyresSpecification.DetachTyresSpecificationNegative","PutUpdateCar"
"","0","PostRefreshV2Negative - Send invalid (tampered) refresh token","API_Regression_Suite","2026-03-25","skipped","2026-03-25","autochek_api_negative.UserService.UserServiceV2Negative","Autochek_API_Automation","autochek_api_negative.UserService.UserServiceV2Negative","PostRefreshV2Negative"
"","1","PostEnableUserV2Negative - Send userId in invalid alphanumeric format","API_Regression_Suite","2026-03-25","skipped","2026-03-25","autochek_api_negative.UserService.UserServiceV2Negative","Autochek_API_Automation","autochek_api_negative.UserService.UserServiceV2Negative","PostEnableUserV2Negative"
"Validates GET /v1/inventory/car with dynamic parameters - Positive Test","1829","GetCarList - Validate nested field model is returned","API_Regression_Suite","2026-03-25","passed","2026-03-25","autochek_api_positive.InventoryService.DynamicResponsePositive","Autochek_API_Automation","autochek_api_positive.InventoryService.DynamicResponsePositive","GetCarList"
"Submit Loan Customer Preferences","439","SubmitLoanPreferencesNegative - monthlyPayment very large number","API_Regression_Suite","2026-03-25","failed","2026-03-25","autochek_api_negative.OfferSimulation.OfferSimulationNegative","Autochek_API_Automation","autochek_api_negative.OfferSimulation.OfferSimulationNegative","SubmitLoanPreferencesNegative"
"Create Inspection for the carID generated in Car Creation","458","PostCreateInspection - Object instead of string","API_Regression_Suite","2026-03-25","passed","2026-03-25","autochek_api_negative.DetachTyresSpecification.DetachTyresSpecificationNegative","Autochek_API_Automation","autochek_api_negative.DetachTyresSpecification.DetachTyresSpecificationNegative","PostCreateInspection"
"","787","CreateFranchise - city ID is a negative number","API_Regression_Suite","2026-03-25","passed","2026-03-25","autochek_api_negative.UserService.UserServiceNegative","Autochek_API_Automation","autochek_api_negative.UserService.UserServiceNegative","CreateFranchise"
"Submit Loan Customer Preferences","3312","SubmitLoanPreferencesNegative - Upfront Warranty invalid value","API_Regression_Suite","2026-03-25","passed","2026-03-25","autochek_api_negative.OfferSimulation.OfferSimulationNegative","Autochek_API_Automation","autochek_api_negative.OfferSimulation.OfferSimulationNegative","SubmitLoanPreferencesNegative"
"Validates GET /v2/origination/loans with dynamic parameters - Negative Test","504","GetLoansListNegative - country is null","API_Regression_Suite","2026-03-25","passed","2026-03-25","autochek_api_negative.OriginationService.ResponsePayloadReductionV2APIsNegative","Autochek_API_Automation","autochek_api_negative.OriginationService.ResponsePayloadReductionV2APIsNegative","GetLoansListNegative"
"","478","UpdateFranchise - account_name as boolean string","API_Regression_Suite","2026-03-25","passed","2026-03-25","autochek_api_negative.UserService.UserServiceNegative","Autochek_API_Automation","autochek_api_negative.UserService.UserServiceNegative","UpdateFranchise"
"","484","UpdateFranchise - longitude as array","API_Regression_Suite","2026-03-25","passed","2026-03-25","autochek_api_negative.UserService.UserServiceNegative","Autochek_API_Automation","autochek_api_negative.UserService.UserServiceNegative","UpdateFranchise"
"Submit Loan Customer Preferences","431","SubmitLoanPreferencesNegative - interestRate negative number","API_Regression_Suite","2026-03-25","failed","2026-03-25","autochek_api_negative.OfferSimulation.OfferSimulationNegative","Autochek_API_Automation","autochek_api_negative.OfferSimulation.OfferSimulationNegative","SubmitLoanPreferencesNegative"
"","470","UpdateFranchise - account_bvn too short","API_Regression_Suite","2026-03-25","passed","2026-03-25","autochek_api_negative.UserService.UserServiceNegative","Autochek_API_Automation","autochek_api_negative.UserService.UserServiceNegative","UpdateFranchise"
"","484","UpdateFranchise - is_anchor = ""false"" (string)","API_Regression_Suite","2026-03-25","passed","2026-03-25","autochek_api_negative.UserService.UserServiceNegative","Autochek_API_Automation","autochek_api_negative.UserService.UserServiceNegative","UpdateFranchise"
"Submit Loan Customer Preferences","444","SubmitLoanPreferencesNegative - desiredLoanCurrency too short","API_Regression_Suite","2026-03-25","failed","2026-03-25","autochek_api_negative.OfferSimulation.OfferSimulationNegative","Autochek_API_Automation","autochek_api_negative.OfferSimulation.OfferSimulationNegative","SubmitLoanPreferencesNegative"
"Update Car and Validate Response","495","PutUpdateCar - owner_type too long string","API_Regression_Suite","2026-03-25","passed","2026-03-25","autochek_api_negative.DetachTyresSpecification.DetachTyresSpecificationNegative","Autochek_API_Automation","autochek_api_negative.DetachTyresSpecification.DetachTyresSpecificationNegative","PutUpdateCar"
"Validates GET /v1/inspection with dynamic parameters - Negative Test","452","GetInspectionNegative - Validate API fails when passing special characters as relation value","API_Regression_Suite","2026-03-25","passed","2026-03-25","autochek_api_negative.InventoryService.DynamicResponseNegative","Autochek_API_Automation","autochek_api_negative.InventoryService.DynamicResponseNegative","GetInspectionNegative"
"Submit Loan Customer Preferences","437","SubmitLoanPreferencesNegative - residualPercentage blank","API_Regression_Suite","2026-03-25","failed","2026-03-25","autochek_api_negative.OfferSimulation.OfferSimulationNegative","Autochek_API_Automation","autochek_api_negative.OfferSimulation.OfferSimulationNegative","SubmitLoanPreferencesNegative"
"","483","UpdateFranchise - owner is invalid format (special chars)","API_Regression_Suite","2026-03-25","passed","2026-03-25","autochek_api_negative.UserService.UserServiceNegative","Autochek_API_Automation","autochek_api_negative.UserService.UserServiceNegative","UpdateFranchise"
"Create Inspection for the carID generated in Car Creation","456","PostCreateInspection - Invalid string not matching enum","API_Regression_Suite","2026-03-25","passed","2026-03-25","autochek_api_negative.DetachTyresSpecification.DetachTyresSpecificationNegative","Autochek_API_Automation","autochek_api_negative.DetachTyresSpecification.DetachTyresSpecificationNegative","PostCreateInspection"
"","744","CreateFranchise - latitude = null","API_Regression_Suite","2026-03-25","passed","2026-03-25","autochek_api_negative.UserService.UserServiceNegative","Autochek_API_Automation","autochek_api_negative.UserService.UserServiceNegative","CreateFranchise"
"","0","PostLookUpV2Negative - Identifier contains special characters in phone number","API_Regression_Suite","2026-03-25","skipped","2026-03-25","autochek_api_negative.UserService.UserServiceV2Negative","Autochek_API_Automation","autochek_api_negative.UserService.UserServiceV2Negative","PostLookUpV2Negative"
"Submit Loan Customer Preferences","431","SubmitLoanPreferencesNegative - upfrontWarranty blank","API_Regression_Suite","2026-03-25","failed","2026-03-25","autochek_api_negative.OfferSimulation.OfferSimulationNegative","Autochek_API_Automation","autochek_api_negative.OfferSimulation.OfferSimulationNegative","SubmitLoanPreferencesNegative"
"Validates GET /v1/inventory/car with dynamic parameters - Negative Test","497","GetCarListNegative - Pass numeric in relations","API_Regression_Suite","2026-03-25","passed","2026-03-25","autochek_api_negative.InventoryService.DynamicResponseNegative","Autochek_API_Automation","autochek_api_negative.InventoryService.DynamicResponseNegative","GetCarListNegative"
"Validates GET /v1/inventory/obds with dynamic parameters - Negative Test","465","GetObdsNegative - Repeated same field multiple times","API_Regression_Suite","2026-03-25","passed","2026-03-25","autochek_api_negative.InventoryService.DynamicResponseNegative","Autochek_API_Automation","autochek_api_negative.InventoryService.DynamicResponseNegative","GetObdsNegative"
"Create Inspection for the carID generated in Car Creation","668","PostCreateInspection - Invalid latitude format","API_Regression_Suite","2026-03-25","passed","2026-03-25","autochek_api_negative.DetachTyresSpecification.DetachTyresSpecificationNegative","Autochek_API_Automation","autochek_api_negative.DetachTyresSpecification.DetachTyresSpecificationNegative","PostCreateInspection"
"","0","PostRefreshV2Negative - Send refresh token containing special characters","API_Regression_Suite","2026-03-25","skipped","2026-03-25","autochek_api_negative.UserService.UserServiceV2Negative","Autochek_API_Automation","autochek_api_negative.UserService.UserServiceV2Negative","PostRefreshV2Negative"
"Update System Config dynamically for PASSWORD_POLICY or USER_SESSION","0","PatchSystemConfigV2 - DISALLOW_WHITESPACES null value","API_Regression_Suite","2026-03-25","skipped","2026-03-25","autochek_api_negative.UserService.UserServiceV2Negative","Autochek_API_Automation","autochek_api_negative.UserService.UserServiceV2Negative","PatchSystemConfigV2"
"","500","submitLoanPreference - Omit interestRate","API_Regression_Suite","2026-03-25","passed","2026-03-25","autochek_api_positive.OfferSimulation.OfferSimulationPositive","Autochek_API_Automation","autochek_api_positive.OfferSimulation.OfferSimulationPositive","submitLoanPreference"
"","760","CreateFranchise - nearest_landmark special chars","API_Regression_Suite","2026-03-25","passed","2026-03-25","autochek_api_negative.UserService.UserServiceNegative","Autochek_API_Automation","autochek_api_negative.UserService.UserServiceNegative","CreateFranchise"
"Negative test for Create System Config V2","0","PostSystemConfigV2 - MAX_LENGTH special chars","API_Regression_Suite","2026-03-25","skipped","2026-03-25","autochek_api_negative.UserService.UserServiceV2Negative","Autochek_API_Automation","autochek_api_negative.UserService.UserServiceV2Negative","PostSystemConfigV2"
"Submit Loan Customer Preferences","3275","SubmitLoanPreferencesNegative - tyreBrand very long string","API_Regression_Suite","2026-03-25","passed","2026-03-25","autochek_api_negative.OfferSimulation.OfferSimulationNegative","Autochek_API_Automation","autochek_api_negative.OfferSimulation.OfferSimulationNegative","SubmitLoanPreferencesNegative"
"","494","GetFranchiseList - country is array","API_Regression_Suite","2026-03-25","passed","2026-03-25","autochek_api_negative.UserService.UserServiceNegative","Autochek_API_Automation","autochek_api_negative.UserService.UserServiceNegative","GetFranchiseList"
"Submit Loan Customer Preferences","471","SubmitLoanPreferencesNegative - interestRate null","API_Regression_Suite","2026-03-25","failed","2026-03-25","autochek_api_negative.OfferSimulation.OfferSimulationNegative","Autochek_API_Automation","autochek_api_negative.OfferSimulation.OfferSimulationNegative","SubmitLoanPreferencesNegative"
"","491","UpdateFranchise - city is null","API_Regression_Suite","2026-03-25","passed","2026-03-25","autochek_api_negative.UserService.UserServiceNegative","Autochek_API_Automation","autochek_api_negative.UserService.UserServiceNegative","UpdateFranchise"
"Validates GET /v1/inspection with dynamic parameters - Negative Test","740","GetInspectionNegative - Pass valid field with space + relations together","API_Regression_Suite","2026-03-25","passed","2026-03-25","autochek_api_negative.InventoryService.DynamicResponseNegative","Autochek_API_Automation","autochek_api_negative.InventoryService.DynamicResponseNegative","GetInspectionNegative"
"","765","CreateFranchise - bank_name too short","API_Regression_Suite","2026-03-25","passed","2026-03-25","autochek_api_negative.UserService.UserServiceNegative","Autochek_API_Automation","autochek_api_negative.UserService.UserServiceNegative","CreateFranchise"
"Submit Loan Customer Preferences","441","SubmitLoanPreferencesNegative - interestRateType mixed invalid format","API_Regression_Suite","2026-03-25","failed","2026-03-25","autochek_api_negative.OfferSimulation.OfferSimulationNegative","Autochek_API_Automation","autochek_api_negative.OfferSimulation.OfferSimulationNegative","SubmitLoanPreferencesNegative"
"Validates GET /v1/inventory/trims with dynamic parameters - Positive Test","473","GetTrims - Validate only name are returned","API_Regression_Suite","2026-03-25","passed","2026-03-25","autochek_api_positive.InventoryService.DynamicResponsePositive","Autochek_API_Automation","autochek_api_positive.InventoryService.DynamicResponsePositive","GetTrims"
"Submit Loan Customer Preferences","7065","SubmitLoanPreferencesNegative - tyreQuantity XSS injection","API_Regression_Suite","2026-03-25","passed","2026-03-25","autochek_api_negative.OfferSimulation.OfferSimulationNegative","Autochek_API_Automation","autochek_api_negative.OfferSimulation.OfferSimulationNegative","SubmitLoanPreferencesNegative"
"","1304","CreateFranchise - city ID is a string","API_Regression_Suite","2026-03-25","passed","2026-03-25","autochek_api_negative.UserService.UserServiceNegative","Autochek_API_Automation","autochek_api_negative.UserService.UserServiceNegative","CreateFranchise"
"","0","PostUserSignUpV2Negative - PhoneNumber has an invalid format (missing + or country code)","API_Regression_Suite","2026-03-25","skipped","2026-03-25","autochek_api_negative.UserService.UserServiceV2Negative","Autochek_API_Automation","autochek_api_negative.UserService.UserServiceV2Negative","PostUserSignUpV2Negative"
"Validates GET /v2/origination/offers with dynamic parameters - Positive Test","510","GetOffersListNegative - country is boolean","API_Regression_Suite","2026-03-25","passed","2026-03-25","autochek_api_negative.OriginationService.ResponsePayloadReductionV2APIsNegative","Autochek_API_Automation","autochek_api_negative.OriginationService.ResponsePayloadReductionV2APIsNegative","GetOffersListNegative"
"","751","CreateFranchise - latitude = """"","API_Regression_Suite","2026-03-25","passed","2026-03-25","autochek_api_negative.UserService.UserServiceNegative","Autochek_API_Automation","autochek_api_negative.UserService.UserServiceNegative","CreateFranchise"
"","3209","PostRefreshV2 - Send valid refresh token in Authorization header","API_Regression_Suite","2026-03-25","failed","2026-03-25","autochek_api_positive.UserService.UserServiceV2","Autochek_API_Automation","autochek_api_positive.UserService.UserServiceV2","PostRefreshV2"
"Submit Loan Customer Preferences","985","SubmitLoanPreferencesNegative - Fee Payment Method numeric instead of string","API_Regression_Suite","2026-03-25","passed","2026-03-25","autochek_api_negative.OfferSimulation.OfferSimulationNegative","Autochek_API_Automation","autochek_api_negative.OfferSimulation.OfferSimulationNegative","SubmitLoanPreferencesNegative"
"","981","UpdateFranchise - longitude with alphanumeric","API_Regression_Suite","2026-03-25","passed","2026-03-25","autochek_api_negative.UserService.UserServiceNegative","Autochek_API_Automation","autochek_api_negative.UserService.UserServiceNegative","UpdateFranchise"
"Validates GET /v2/origination/loans/{loan_id}/logbook/car-details - Negative Test","589","GetLogbookCarDetailsByLoanIdNegative - Send loan_id as whitespace only","API_Regression_Suite","2026-03-25","passed","2026-03-25","autochek_api_negative.OriginationService.ResponsePayloadReductionV2APIsNegative","Autochek_API_Automation","autochek_api_negative.OriginationService.ResponsePayloadReductionV2APIsNegative","GetLogbookCarDetailsByLoanIdNegative"
"","1241","CreateFranchise - map_address is empty string","API_Regression_Suite","2026-03-25","passed","2026-03-25","autochek_api_negative.UserService.UserServiceNegative","Autochek_API_Automation","autochek_api_negative.UserService.UserServiceNegative","CreateFranchise"
"Get the list of Tyre brands","454","GetTyreBrandsNegative - Input contains tab or newline","API_Regression_Suite","2026-03-25","passed","2026-03-25","autochek_api_negative.OfferSimulation.OfferSimulationNegative","Autochek_API_Automation","autochek_api_negative.OfferSimulation.OfferSimulationNegative","GetTyreBrandsNegative"
"Submit Loan Customer Preferences","4349","SubmitLoanPreferencesNegative - Vehicle Discount above allowed range","API_Regression_Suite","2026-03-25","passed","2026-03-25","autochek_api_negative.OfferSimulation.OfferSimulationNegative","Autochek_API_Automation","autochek_api_negative.OfferSimulation.OfferSimulationNegative","SubmitLoanPreferencesNegative"
"","463","CreateFranchise - name is empty string","API_Regression_Suite","2026-03-25","passed","2026-03-25","autochek_api_negative.UserService.UserServiceNegative","Autochek_API_Automation","autochek_api_negative.UserService.UserServiceNegative","CreateFranchise"
"Validates GET /v1/inventory/make with dynamic fields filtering","453","GetMakeNegative - Pass field value from unrelated entity","API_Regression_Suite","2026-03-25","passed","2026-03-25","autochek_api_negative.InventoryService.DynamicResponseNegative","Autochek_API_Automation","autochek_api_negative.InventoryService.DynamicResponseNegative","GetMakeNegative"
"Validates GET /v1/inventory/model with dynamic parameters - Positive Test","478","GetModelList - Validate make(id,name,imageUrl) is returned","API_Regression_Suite","2026-03-25","passed","2026-03-25","autochek_api_positive.InventoryService.DynamicResponsePositive","Autochek_API_Automation","autochek_api_positive.InventoryService.DynamicResponsePositive","GetModelList"
"","480","UpdateFranchise - account_name only spaces","API_Regression_Suite","2026-03-25","passed","2026-03-25","autochek_api_negative.UserService.UserServiceNegative","Autochek_API_Automation","autochek_api_negative.UserService.UserServiceNegative","UpdateFranchise"
"Validates GET /v1/inventory/car with dynamic parameters - Positive Test","1454","GetCarList - Validate only id field is returned","API_Regression_Suite","2026-03-25","passed","2026-03-25","autochek_api_positive.InventoryService.DynamicResponsePositive","Autochek_API_Automation","autochek_api_positive.InventoryService.DynamicResponsePositive","GetCarList"
"Validates GET /v2/origination/loans with dynamic parameters - Negative Test","510","GetLoansListNegative - country is special characters","API_Regression_Suite","2026-03-25","passed","2026-03-25","autochek_api_negative.OriginationService.ResponsePayloadReductionV2APIsNegative","Autochek_API_Automation","autochek_api_negative.OriginationService.ResponsePayloadReductionV2APIsNegative","GetLoansListNegative"
"Validates GET /v2/origination/loans with dynamic parameters - Positive Test","10595","GetLoansList - country is GH","API_Regression_Suite","2026-03-25","passed","2026-03-25","autochek_api_positive.OriginationService.ResponsePayloadReductionV2APIs","Autochek_API_Automation","autochek_api_positive.OriginationService.ResponsePayloadReductionV2APIs","GetLoansList"
"Update System Config dynamically for PASSWORD_POLICY or USER_SESSION","0","PatchSystemConfigV2 - MAX_CONCURRENT_SESSIONS boolean value","API_Regression_Suite","2026-03-25","skipped","2026-03-25","autochek_api_negative.UserService.UserServiceV2Negative","Autochek_API_Automation","autochek_api_negative.UserService.UserServiceV2Negative","PatchSystemConfigV2"
"Submit Loan Customer Preferences","442","SubmitLoanPreferencesNegative - dealDiscount space","API_Regression_Suite","2026-03-25","failed","2026-03-25","autochek_api_negative.OfferSimulation.OfferSimulationNegative","Autochek_API_Automation","autochek_api_negative.OfferSimulation.OfferSimulationNegative","SubmitLoanPreferencesNegative"
"","470","UpdateFranchise - latitude = special char","API_Regression_Suite","2026-03-25","passed","2026-03-25","autochek_api_negative.UserService.UserServiceNegative","Autochek_API_Automation","autochek_api_negative.UserService.UserServiceNegative","UpdateFranchise"
"Get the list of Tyre brands","456","GetTyreBrandsNegative - Send boolean value","API_Regression_Suite","2026-03-25","passed","2026-03-25","autochek_api_negative.OfferSimulation.OfferSimulationNegative","Autochek_API_Automation","autochek_api_negative.OfferSimulation.OfferSimulationNegative","GetTyreBrandsNegative"
"Validates GET /v2/origination/loans with dynamic parameters - Negative Test","582","GetLoansListNegative - page_size is array","API_Regression_Suite","2026-03-25","passed","2026-03-25","autochek_api_negative.OriginationService.ResponsePayloadReductionV2APIsNegative","Autochek_API_Automation","autochek_api_negative.OriginationService.ResponsePayloadReductionV2APIsNegative","GetLoansListNegative"
"","490","GetFranchiseByID - null id value","API_Regression_Suite","2026-03-25","passed","2026-03-25","autochek_api_negative.UserService.UserServiceNegative","Autochek_API_Automation","autochek_api_negative.UserService.UserServiceNegative","GetFranchiseByID"
"Negative test for Create System Config V2","0","PostSystemConfigV2 - REQUIRE_NUMBER numeric other than boolean","API_Regression_Suite","2026-03-25","skipped","2026-03-25","autochek_api_negative.UserService.UserServiceV2Negative","Autochek_API_Automation","autochek_api_negative.UserService.UserServiceV2Negative","PostSystemConfigV2"
"","0","PostDisableUserV2Negative - Send userId that doesn’t exist in system","API_Regression_Suite","2026-03-25","skipped","2026-03-25","autochek_api_negative.UserService.UserServiceV2Negative","Autochek_API_Automation","autochek_api_negative.UserService.UserServiceV2Negative","PostDisableUserV2Negative"
"","736","CreateFranchise - onboarding_source too long (>255 chars)","API_Regression_Suite","2026-03-25","passed","2026-03-25","autochek_api_negative.UserService.UserServiceNegative","Autochek_API_Automation","autochek_api_negative.UserService.UserServiceNegative","CreateFranchise"
"Negative test for Create System Config V2","0","PostSystemConfigV2 - REQUIRE_LOWERCASE object structure passed","API_Regression_Suite","2026-03-25","skipped","2026-03-25","autochek_api_negative.UserService.UserServiceV2Negative","Autochek_API_Automation","autochek_api_negative.UserService.UserServiceV2Negative","PostSystemConfigV2"
"Get Offer Details by OfferID","566","GetOffersByIdNegative - SQL injection with DROP statement","API_Regression_Suite","2026-03-25","passed","2026-03-25","autochek_api_negative.OriginationService.ResponsePayloadReductionV2APIsNegative","Autochek_API_Automation","autochek_api_negative.OriginationService.ResponsePayloadReductionV2APIsNegative","GetOffersByIdNegative"
"","484","GetFranchiseByID - too short id (1 char)","API_Regression_Suite","2026-03-25","passed","2026-03-25","autochek_api_negative.UserService.UserServiceNegative","Autochek_API_Automation","autochek_api_negative.UserService.UserServiceNegative","GetFranchiseByID"
"Create Car and Validate Response","1876","CreateCar - Verify car creation with engine type 4-cylinder(I4)","API_Regression_Suite","2026-03-25","broken","2026-03-25","autochek_api_positive.DetachTyreSpecification.DetachTyreSpecificationPositive","Autochek_API_Automation","autochek_api_positive.DetachTyreSpecification.DetachTyreSpecificationPositive","CreateCar"
"Submit Loan Customer Preferences","3533","SubmitLoanPreferencesNegative - tyreQuantity SQL injection","API_Regression_Suite","2026-03-25","passed","2026-03-25","autochek_api_negative.OfferSimulation.OfferSimulationNegative","Autochek_API_Automation","autochek_api_negative.OfferSimulation.OfferSimulationNegative","SubmitLoanPreferencesNegative"
"Validates GET /v2/origination/sources with dynamic parameters - Negative Test","528","GetSourcesListNegative - page_size is special characters","API_Regression_Suite","2026-03-25","passed","2026-03-25","autochek_api_negative.OriginationService.ResponsePayloadReductionV2APIsNegative","Autochek_API_Automation","autochek_api_negative.OriginationService.ResponsePayloadReductionV2APIsNegative","GetSourcesListNegative"
"","483","UpdateFranchise - email is null","API_Regression_Suite","2026-03-25","passed","2026-03-25","autochek_api_negative.UserService.UserServiceNegative","Autochek_API_Automation","autochek_api_negative.UserService.UserServiceNegative","UpdateFranchise"
"Submit Loan Customer Preferences","6236","SubmitLoanPreferencesNegative - Residual Percentage invalid string","API_Regression_Suite","2026-03-25","passed","2026-03-25","autochek_api_negative.OfferSimulation.OfferSimulationNegative","Autochek_API_Automation","autochek_api_negative.OfferSimulation.OfferSimulationNegative","SubmitLoanPreferencesNegative"
"Validates GET /v1/inventory/trims with dynamic parameters - Positive Test","501","GetTrims - Validate only id, wheelType, and popular fields are returned","API_Regression_Suite","2026-03-25","passed","2026-03-25","autochek_api_positive.InventoryService.DynamicResponsePositive","Autochek_API_Automation","autochek_api_positive.InventoryService.DynamicResponsePositive","GetTrims"
"Create Inspection for the carID generated in Car Creation","444","PostCreateInspection - Empty wheel_type","API_Regression_Suite","2026-03-25","passed","2026-03-25","autochek_api_negative.DetachTyresSpecification.DetachTyresSpecificationNegative","Autochek_API_Automation","autochek_api_negative.DetachTyresSpecification.DetachTyresSpecificationNegative","PostCreateInspection"
"","512","UpdateFranchise - owner is boolean string","API_Regression_Suite","2026-03-25","passed","2026-03-25","autochek_api_negative.UserService.UserServiceNegative","Autochek_API_Automation","autochek_api_negative.UserService.UserServiceNegative","UpdateFranchise"
"Validates GET /v2/origination/loans/{loan_id}/accepted-offer - Negative Test","570","GetAcceptedOfferByLoanIdNegative - HTML tag injection","API_Regression_Suite","2026-03-25","passed","2026-03-25","autochek_api_negative.OriginationService.ResponsePayloadReductionV2APIsNegative","Autochek_API_Automation","autochek_api_negative.OriginationService.ResponsePayloadReductionV2APIsNegative","GetAcceptedOfferByLoanIdNegative"
"Validates GET /v2/origination/loans/{loan_id}/logbook/car-details - Negative Test","525","GetLogbookCarDetailsByLoanIdNegative - Send loan_id as empty string","API_Regression_Suite","2026-03-25","failed","2026-03-25","autochek_api_negative.OriginationService.ResponsePayloadReductionV2APIsNegative","Autochek_API_Automation","autochek_api_negative.OriginationService.ResponsePayloadReductionV2APIsNegative","GetLogbookCarDetailsByLoanIdNegative"
"","11952","UpdateFranchise - bank_name is empty","API_Regression_Suite","2026-03-25","passed","2026-03-25","autochek_api_negative.UserService.UserServiceNegative","Autochek_API_Automation","autochek_api_negative.UserService.UserServiceNegative","UpdateFranchise"
"","479","UpdateFranchise - country special characters","API_Regression_Suite","2026-03-25","passed","2026-03-25","autochek_api_negative.UserService.UserServiceNegative","Autochek_API_Automation","autochek_api_negative.UserService.UserServiceNegative","UpdateFranchise"
"","484","UpdateFranchise - owner with tab character","API_Regression_Suite","2026-03-25","passed","2026-03-25","autochek_api_negative.UserService.UserServiceNegative","Autochek_API_Automation","autochek_api_negative.UserService.UserServiceNegative","UpdateFranchise"
"Negative test for Create System Config V2","0","PostSystemConfigV2 - REQUIRE_LOWERCASE decimal value","API_Regression_Suite","2026-03-25","skipped","2026-03-25","autochek_api_negative.UserService.UserServiceV2Negative","Autochek_API_Automation","autochek_api_negative.UserService.UserServiceV2Negative","PostSystemConfigV2"
"Submit Loan Customer Preferences","431","SubmitLoanPreferencesNegative - upfrontCreditLifeInsurance null","API_Regression_Suite","2026-03-25","failed","2026-03-25","autochek_api_negative.OfferSimulation.OfferSimulationNegative","Autochek_API_Automation","autochek_api_negative.OfferSimulation.OfferSimulationNegative","SubmitLoanPreferencesNegative"
"","479","submitLoanPreference - Omit upfrontWarranty","API_Regression_Suite","2026-03-25","passed","2026-03-25","autochek_api_positive.OfferSimulation.OfferSimulationPositive","Autochek_API_Automation","autochek_api_positive.OfferSimulation.OfferSimulationPositive","submitLoanPreference"
"","2093","CreateFranchise - house_no too long string","API_Regression_Suite","2026-03-25","passed","2026-03-25","autochek_api_negative.UserService.UserServiceNegative","Autochek_API_Automation","autochek_api_negative.UserService.UserServiceNegative","CreateFranchise"
"","478","UpdateFranchise - city too long","API_Regression_Suite","2026-03-25","passed","2026-03-25","autochek_api_negative.UserService.UserServiceNegative","Autochek_API_Automation","autochek_api_negative.UserService.UserServiceNegative","UpdateFranchise"
"Validates GET /v1/inventory/car with dynamic parameters - Negative Test","456","GetCarListNegative - Pass nested relation not supported","API_Regression_Suite","2026-03-25","passed","2026-03-25","autochek_api_negative.InventoryService.DynamicResponseNegative","Autochek_API_Automation","autochek_api_negative.InventoryService.DynamicResponseNegative","GetCarListNegative"
"Create Inspection for the carID generated in Car Creation","452","PostCreateInspection - Null inspection_type value","API_Regression_Suite","2026-03-25","passed","2026-03-25","autochek_api_negative.DetachTyresSpecification.DetachTyresSpecificationNegative","Autochek_API_Automation","autochek_api_negative.DetachTyresSpecification.DetachTyresSpecificationNegative","PostCreateInspection"
"","1","PostUserSignUpV2Negative - UserType is null","API_Regression_Suite","2026-03-25","skipped","2026-03-25","autochek_api_negative.UserService.UserServiceV2Negative","Autochek_API_Automation","autochek_api_negative.UserService.UserServiceV2Negative","PostUserSignUpV2Negative"
"Submit Loan Customer Preferences","469","SubmitLoanPreferencesNegative - upfrontCreditLifeInsurance SQL injection attempt","API_Regression_Suite","2026-03-25","failed","2026-03-25","autochek_api_negative.OfferSimulation.OfferSimulationNegative","Autochek_API_Automation","autochek_api_negative.OfferSimulation.OfferSimulationNegative","SubmitLoanPreferencesNegative"
"Validates GET /v1/inventory/model with dynamic parameters - Negative Test","459","GetModelListNegative - Pass invalid field not in model schema","API_Regression_Suite","2026-03-25","passed","2026-03-25","autochek_api_negative.InventoryService.DynamicResponseNegative","Autochek_API_Automation","autochek_api_negative.InventoryService.DynamicResponseNegative","GetModelListNegative"
"Submit Loan Customer Preferences","490","SubmitLoanPreferencesNegative - vehicleDiscount no %","API_Regression_Suite","2026-03-25","passed","2026-03-25","autochek_api_negative.OfferSimulation.OfferSimulationNegative","Autochek_API_Automation","autochek_api_negative.OfferSimulation.OfferSimulationNegative","SubmitLoanPreferencesNegative"
"","489","UpdateFranchise - city ID is a decimal","API_Regression_Suite","2026-03-25","passed","2026-03-25","autochek_api_negative.UserService.UserServiceNegative","Autochek_API_Automation","autochek_api_negative.UserService.UserServiceNegative","UpdateFranchise"
"Submit Loan Customer Preferences","431","SubmitLoanPreferencesNegative - feePaymentMethod very long string","API_Regression_Suite","2026-03-25","failed","2026-03-25","autochek_api_negative.OfferSimulation.OfferSimulationNegative","Autochek_API_Automation","autochek_api_negative.OfferSimulation.OfferSimulationNegative","SubmitLoanPreferencesNegative"
"Validates GET /v1/inventory/obds with dynamic parameters - Positive Test","790","GetObds - Validate only description field is returned","API_Regression_Suite","2026-03-25","passed","2026-03-25","autochek_api_positive.InventoryService.DynamicResponsePositive","Autochek_API_Automation","autochek_api_positive.InventoryService.DynamicResponsePositive","GetObds"
"","484","UpdateFranchise - address as html","API_Regression_Suite","2026-03-25","passed","2026-03-25","autochek_api_negative.UserService.UserServiceNegative","Autochek_API_Automation","autochek_api_negative.UserService.UserServiceNegative","UpdateFranchise"
"Accept Simulation Offer","469","AcceptOfferNegative - loan_id with only special characters","API_Regression_Suite","2026-03-25","passed","2026-03-25","autochek_api_negative.OfferSimulation.OfferSimulationNegative","Autochek_API_Automation","autochek_api_negative.OfferSimulation.OfferSimulationNegative","AcceptOfferNegative"
"Validates GET /v1/inventory/car with dynamic parameters - Negative Test","462","GetCarListNegative - Validate API fails when passing special characters as relation value","API_Regression_Suite","2026-03-25","passed","2026-03-25","autochek_api_negative.InventoryService.DynamicResponseNegative","Autochek_API_Automation","autochek_api_negative.InventoryService.DynamicResponseNegative","GetCarListNegative"
"Validates GET /v1/inventory/body_type with dynamic parameters - Negative Test","440","GetBodyTypeNegative - Exclude all valid fields with minus sign but invalid key","API_Regression_Suite","2026-03-25","passed","2026-03-25","autochek_api_negative.InventoryService.DynamicResponseNegative","Autochek_API_Automation","autochek_api_negative.InventoryService.DynamicResponseNegative","GetBodyTypeNegative"
"","1025","CreateFranchise - street_name too long string","API_Regression_Suite","2026-03-25","passed","2026-03-25","autochek_api_negative.UserService.UserServiceNegative","Autochek_API_Automation","autochek_api_negative.UserService.UserServiceNegative","CreateFranchise"
"","760","CreateFranchise - phone in international format with +","API_Regression_Suite","2026-03-25","passed","2026-03-25","autochek_api_negative.UserService.UserServiceNegative","Autochek_API_Automation","autochek_api_negative.UserService.UserServiceNegative","CreateFranchise"
"Create Inspection for the carID generated in Car Creation","441","PostCreateInspection - Invalid code longer than 2 chars","API_Regression_Suite","2026-03-25","failed","2026-03-25","autochek_api_negative.DetachTyresSpecification.DetachTyresSpecificationNegative","Autochek_API_Automation","autochek_api_negative.DetachTyresSpecification.DetachTyresSpecificationNegative","PostCreateInspection"
"Create Inspection for the carID generated in Car Creation","686","PostCreateInspection - SQL injection attempt in wheel_type","API_Regression_Suite","2026-03-25","passed","2026-03-25","autochek_api_negative.DetachTyresSpecification.DetachTyresSpecificationNegative","Autochek_API_Automation","autochek_api_negative.DetachTyresSpecification.DetachTyresSpecificationNegative","PostCreateInspection"
"","970","UpdateFranchise - name is too long","API_Regression_Suite","2026-03-25","passed","2026-03-25","autochek_api_negative.UserService.UserServiceNegative","Autochek_API_Automation","autochek_api_negative.UserService.UserServiceNegative","UpdateFranchise"
"","3393","PostEnableUserV2 - Send valid userId which is already enabled","API_Regression_Suite","2026-03-25","passed","2026-03-25","autochek_api_positive.UserService.UserServiceV2","Autochek_API_Automation","autochek_api_positive.UserService.UserServiceV2","PostEnableUserV2"
"Accept Simulation Offer","474","AcceptOfferNegative - Send loan_id as random alphanumeric invalid format","API_Regression_Suite","2026-03-25","passed","2026-03-25","autochek_api_negative.OfferSimulation.OfferSimulationNegative","Autochek_API_Automation","autochek_api_negative.OfferSimulation.OfferSimulationNegative","AcceptOfferNegative"
"Validates GET /v2/origination/partners with dynamic parameters - Positive Test","598","GetPartnersListNegative - country is longer than 2 chars","API_Regression_Suite","2026-03-25","passed","2026-03-25","autochek_api_negative.OriginationService.ResponsePayloadReductionV2APIsNegative","Autochek_API_Automation","autochek_api_negative.OriginationService.ResponsePayloadReductionV2APIsNegative","GetPartnersListNegative"
"Validates GET /v1/origination/offers/{offer_Id}/loan-document with dynamic parameters - Negative Test","610","GetLoanDocumentsByOfferIdNegative - offer_id in base64 encoded format","API_Regression_Suite","2026-03-25","passed","2026-03-25","autochek_api_negative.OriginationService.ResponsePayloadReductionV2APIsNegative","Autochek_API_Automation","autochek_api_negative.OriginationService.ResponsePayloadReductionV2APIsNegative","GetLoanDocumentsByOfferIdNegative"
"Negative test for Create System Config V2","1","PostSystemConfigV2 - REQUIRE_UPPERCASE array structure passed","API_Regression_Suite","2026-03-25","skipped","2026-03-25","autochek_api_negative.UserService.UserServiceV2Negative","Autochek_API_Automation","autochek_api_negative.UserService.UserServiceV2Negative","PostSystemConfigV2"
"","752","CreateFranchise - zip_code too long","API_Regression_Suite","2026-03-25","passed","2026-03-25","autochek_api_negative.UserService.UserServiceNegative","Autochek_API_Automation","autochek_api_negative.UserService.UserServiceNegative","CreateFranchise"
"Create Inspection for the carID generated in Car Creation","489","PostCreateInspection - inspection_request_id invalid format + tyreCode too short","API_Regression_Suite","2026-03-25","failed","2026-03-25","autochek_api_negative.DetachTyresSpecification.DetachTyresSpecificationNegative","Autochek_API_Automation","autochek_api_negative.DetachTyresSpecification.DetachTyresSpecificationNegative","PostCreateInspection"
"Validates GET /v1/inventory/inspection_request with dynamic parameters - Positive Test","470","GetInspectionRequest - Validate only carTitle field is returned","API_Regression_Suite","2026-03-25","passed","2026-03-25","autochek_api_positive.InventoryService.DynamicResponsePositive","Autochek_API_Automation","autochek_api_positive.InventoryService.DynamicResponsePositive","GetInspectionRequest"
"Validates GET /v1/inventory/make with dynamic fields filtering - Positive Test","502","GetMake - Verify response returns name, imageUrl and excludes id","API_Regression_Suite","2026-03-25","passed","2026-03-25","autochek_api_positive.InventoryService.DynamicResponsePositive","Autochek_API_Automation","autochek_api_positive.InventoryService.DynamicResponsePositive","GetMake"
"Negative test for Create System Config V2","0","PostSystemConfigV2 - DISALLOW_WHITESPACES decimal value","API_Regression_Suite","2026-03-25","skipped","2026-03-25","autochek_api_negative.UserService.UserServiceV2Negative","Autochek_API_Automation","autochek_api_negative.UserService.UserServiceV2Negative","PostSystemConfigV2"
"Validates GET /v1/inventory/car with dynamic parameters - Negative Test","1102","GetCarListNegative - Pass special chars in fields","API_Regression_Suite","2026-03-25","passed","2026-03-25","autochek_api_negative.InventoryService.DynamicResponseNegative","Autochek_API_Automation","autochek_api_negative.InventoryService.DynamicResponseNegative","GetCarListNegative"
"","552","submitLoanPreference - Customer Preferences","API_Regression_Suite","2026-03-25","passed","2026-03-25","autochek_api_positive.OfferSimulation.OfferSimulationPositive","Autochek_API_Automation","autochek_api_positive.OfferSimulation.OfferSimulationPositive","submitLoanPreference"
"","754","CreateFranchise - email is null","API_Regression_Suite","2026-03-25","passed","2026-03-25","autochek_api_negative.UserService.UserServiceNegative","Autochek_API_Automation","autochek_api_negative.UserService.UserServiceNegative","CreateFranchise"
"Update Car and Validate Response","1443","PutUpdateCar - owner_type special characters","API_Regression_Suite","2026-03-25","passed","2026-03-25","autochek_api_negative.DetachTyresSpecification.DetachTyresSpecificationNegative","Autochek_API_Automation","autochek_api_negative.DetachTyresSpecification.DetachTyresSpecificationNegative","PutUpdateCar"
"","482","UpdateFranchise - account_number boolean","API_Regression_Suite","2026-03-25","passed","2026-03-25","autochek_api_negative.UserService.UserServiceNegative","Autochek_API_Automation","autochek_api_negative.UserService.UserServiceNegative","UpdateFranchise"
"Create Inspection for the carID generated in Car Creation","468","PostCreateInspection - Non-numeric string","API_Regression_Suite","2026-03-25","passed","2026-03-25","autochek_api_negative.DetachTyresSpecification.DetachTyresSpecificationNegative","Autochek_API_Automation","autochek_api_negative.DetachTyresSpecification.DetachTyresSpecificationNegative","PostCreateInspection"
"Validates GET /v2/origination/partners with dynamic parameters - Positive Test","565","GetPartnersListNegative - country is null","API_Regression_Suite","2026-03-25","passed","2026-03-25","autochek_api_negative.OriginationService.ResponsePayloadReductionV2APIsNegative","Autochek_API_Automation","autochek_api_negative.OriginationService.ResponsePayloadReductionV2APIsNegative","GetPartnersListNegative"
"Validates GET v2/origination/offers/{offer_id}/loan-document with dynamic parameters - Positive Test","75489","GetLoanDocumentsByOfferId","API_Regression_Suite","2026-03-25","failed","2026-03-25","autochek_api_positive.OriginationService.ResponsePayloadReductionV2APIs","Autochek_API_Automation","autochek_api_positive.OriginationService.ResponsePayloadReductionV2APIs","GetLoanDocumentsByOfferId"
"Update System Config dynamically for PASSWORD_POLICY or USER_SESSION","1","PatchSystemConfigV2 - REQUIRE_LOWERCASE object structure passed","API_Regression_Suite","2026-03-25","skipped","2026-03-25","autochek_api_negative.UserService.UserServiceV2Negative","Autochek_API_Automation","autochek_api_negative.UserService.UserServiceV2Negative","PatchSystemConfigV2"
"Validates GET /v1/inventory/car with dynamic parameters - Negative Test","1082","GetCarListNegative - Pass SQL injection-like pattern in fields","API_Regression_Suite","2026-03-25","passed","2026-03-25","autochek_api_negative.InventoryService.DynamicResponseNegative","Autochek_API_Automation","autochek_api_negative.InventoryService.DynamicResponseNegative","GetCarListNegative"
"Negative test for Create System Config V2","1","PostSystemConfigV2 - REQUIRE_SPECIAL_CHAR object structure passed","API_Regression_Suite","2026-03-25","skipped","2026-03-25","autochek_api_negative.UserService.UserServiceV2Negative","Autochek_API_Automation","autochek_api_negative.UserService.UserServiceV2Negative","PostSystemConfigV2"
"","468","UpdateFranchise - zip_code is boolean","API_Regression_Suite","2026-03-25","passed","2026-03-25","autochek_api_negative.UserService.UserServiceNegative","Autochek_API_Automation","autochek_api_negative.UserService.UserServiceNegative","UpdateFranchise"
"","520","GetFranchiseByID - too long id (100+ chars)","API_Regression_Suite","2026-03-25","passed","2026-03-25","autochek_api_negative.UserService.UserServiceNegative","Autochek_API_Automation","autochek_api_negative.UserService.UserServiceNegative","GetFranchiseByID"
"","490","UpdateFranchise - latitude = null","API_Regression_Suite","2026-03-25","passed","2026-03-25","autochek_api_negative.UserService.UserServiceNegative","Autochek_API_Automation","autochek_api_negative.UserService.UserServiceNegative","UpdateFranchise"
"Create Inspection for the carID generated in Car Creation","650","PostCreateInspection - Latitude out of valid range","API_Regression_Suite","2026-03-25","passed","2026-03-25","autochek_api_negative.DetachTyresSpecification.DetachTyresSpecificationNegative","Autochek_API_Automation","autochek_api_negative.DetachTyresSpecification.DetachTyresSpecificationNegative","PostCreateInspection"
"","1028","CreateFranchise - city ID is an array","API_Regression_Suite","2026-03-25","passed","2026-03-25","autochek_api_negative.UserService.UserServiceNegative","Autochek_API_Automation","autochek_api_negative.UserService.UserServiceNegative","CreateFranchise"
"Validates GET /v1/origination/offers/{offer_Id}/loan-document with dynamic parameters - Negative Test","585","GetLoanDocumentsByOfferIdNegative - offer_id with Unicode characters","API_Regression_Suite","2026-03-25","passed","2026-03-25","autochek_api_negative.OriginationService.ResponsePayloadReductionV2APIsNegative","Autochek_API_Automation","autochek_api_negative.OriginationService.ResponsePayloadReductionV2APIsNegative","GetLoanDocumentsByOfferIdNegative"
"Update Car and Validate Response","667","PutUpdateCar - state as SQL injection","API_Regression_Suite","2026-03-25","passed","2026-03-25","autochek_api_negative.DetachTyresSpecification.DetachTyresSpecificationNegative","Autochek_API_Automation","autochek_api_negative.DetachTyresSpecification.DetachTyresSpecificationNegative","PutUpdateCar"
"Create Inspection for the carID generated in Car Creation","2773","PostCreateInspection - Decimal number for id","API_Regression_Suite","2026-03-25","passed","2026-03-25","autochek_api_negative.DetachTyresSpecification.DetachTyresSpecificationNegative","Autochek_API_Automation","autochek_api_negative.DetachTyresSpecification.DetachTyresSpecificationNegative","PostCreateInspection"
"Update System Config dynamically for PASSWORD_POLICY or USER_SESSION","0","PatchSystemConfigV2 - MAX_LENGTH negative","API_Regression_Suite","2026-03-25","skipped","2026-03-25","autochek_api_negative.UserService.UserServiceV2Negative","Autochek_API_Automation","autochek_api_negative.UserService.UserServiceV2Negative","PatchSystemConfigV2"
"Create Inspection for the carID generated in Car Creation","567","PostCreateInspection - Special characters in id","API_Regression_Suite","2026-03-25","passed","2026-03-25","autochek_api_negative.DetachTyresSpecification.DetachTyresSpecificationNegative","Autochek_API_Automation","autochek_api_negative.DetachTyresSpecification.DetachTyresSpecificationNegative","PostCreateInspection"
"","0","GetMeV2Negative - Send expired access token","API_Regression_Suite","2026-03-25","skipped","2026-03-25","autochek_api_negative.UserService.UserServiceV2Negative","Autochek_API_Automation","autochek_api_negative.UserService.UserServiceV2Negative","GetMeV2Negative"
"Update Car and Validate Response","2396","PutUpdateCar - created_by script injection","API_Regression_Suite","2026-03-25","passed","2026-03-25","autochek_api_negative.DetachTyresSpecification.DetachTyresSpecificationNegative","Autochek_API_Automation","autochek_api_negative.DetachTyresSpecification.DetachTyresSpecificationNegative","PutUpdateCar"
"Submit Loan Customer Preferences","441","SubmitLoanPreferencesNegative - upfrontVehicleRegistration XSS attempt","API_Regression_Suite","2026-03-25","failed","2026-03-25","autochek_api_negative.OfferSimulation.OfferSimulationNegative","Autochek_API_Automation","autochek_api_negative.OfferSimulation.OfferSimulationNegative","SubmitLoanPreferencesNegative"
"","487","GetFranchiseByID - xss payload as id","API_Regression_Suite","2026-03-25","passed","2026-03-25","autochek_api_negative.UserService.UserServiceNegative","Autochek_API_Automation","autochek_api_negative.UserService.UserServiceNegative","GetFranchiseByID"
"Create Inspection for the carID generated in Car Creation","846","PostCreateInspection - Special chars","API_Regression_Suite","2026-03-25","passed","2026-03-25","autochek_api_negative.DetachTyresSpecification.DetachTyresSpecificationNegative","Autochek_API_Automation","autochek_api_negative.DetachTyresSpecification.DetachTyresSpecificationNegative","PostCreateInspection"
"","0","PostLoginV2Negative - Existing username but wrong password","API_Regression_Suite","2026-03-25","skipped","2026-03-25","autochek_api_negative.UserService.UserServiceV2Negative","Autochek_API_Automation","autochek_api_negative.UserService.UserServiceV2Negative","PostLoginV2Negative"
"","968","UpdateFranchise - phone with special characters","API_Regression_Suite","2026-03-25","passed","2026-03-25","autochek_api_negative.UserService.UserServiceNegative","Autochek_API_Automation","autochek_api_negative.UserService.UserServiceNegative","UpdateFranchise"
"Validates GET /v1/inventory/car with dynamic parameters - Positive Test","1329","GetCarList - Validate relations parameter includes model object","API_Regression_Suite","2026-03-25","passed","2026-03-25","autochek_api_positive.InventoryService.DynamicResponsePositive","Autochek_API_Automation","autochek_api_positive.InventoryService.DynamicResponsePositive","GetCarList"
"","688","CreateFranchise - onboarding_source is object","API_Regression_Suite","2026-03-25","passed","2026-03-25","autochek_api_negative.UserService.UserServiceNegative","Autochek_API_Automation","autochek_api_negative.UserService.UserServiceNegative","CreateFranchise"
"Update System Config dynamically for PASSWORD_POLICY or USER_SESSION","0","PatchSystemConfigV2 - REQUIRE_SPECIAL_CHAR special characters","API_Regression_Suite","2026-03-25","skipped","2026-03-25","autochek_api_negative.UserService.UserServiceV2Negative","Autochek_API_Automation","autochek_api_negative.UserService.UserServiceV2Negative","PatchSystemConfigV2"
"","760","CreateFranchise - account_bvn too short","API_Regression_Suite","2026-03-25","passed","2026-03-25","autochek_api_negative.UserService.UserServiceNegative","Autochek_API_Automation","autochek_api_negative.UserService.UserServiceNegative","CreateFranchise"
"Validates GET /v1/inventory/trims with dynamic parameters - Negative Test","447","GetTrimsNegative - Validate response when passing space separated field names","API_Regression_Suite","2026-03-25","passed","2026-03-25","autochek_api_negative.InventoryService.DynamicResponseNegative","Autochek_API_Automation","autochek_api_negative.InventoryService.DynamicResponseNegative","GetTrimsNegative"
"Create a new franchise with valid data","2325","CreateFranchise - all valid fields","API_Regression_Suite","2026-03-25","passed","2026-03-25","autochek_api_positive.UserService.UserService","Autochek_API_Automation","autochek_api_positive.UserService.UserService","CreateFranchise"
"Validates GET /v1/inventory/trims with dynamic parameters - Negative Test","454","GetTrimsNegative - Validate response when passing special characters as field","API_Regression_Suite","2026-03-25","passed","2026-03-25","autochek_api_negative.InventoryService.DynamicResponseNegative","Autochek_API_Automation","autochek_api_negative.InventoryService.DynamicResponseNegative","GetTrimsNegative"
"Validates GET /v2/origination/offers with dynamic parameters - Positive Test","4218","GetOffersList - country is GH","API_Regression_Suite","2026-03-25","passed","2026-03-25","autochek_api_positive.OriginationService.ResponsePayloadReductionV2APIs","Autochek_API_Automation","autochek_api_positive.OriginationService.ResponsePayloadReductionV2APIs","GetOffersList"
"Get the list of Tyre brands","1518","GetTyreBrandsNegative - Pass unsupported special characters","API_Regression_Suite","2026-03-25","passed","2026-03-25","autochek_api_negative.OfferSimulation.OfferSimulationNegative","Autochek_API_Automation","autochek_api_negative.OfferSimulation.OfferSimulationNegative","GetTyreBrandsNegative"
"","472","UpdateFranchise - city ID is a negative number","API_Regression_Suite","2026-03-25","passed","2026-03-25","autochek_api_negative.UserService.UserServiceNegative","Autochek_API_Automation","autochek_api_negative.UserService.UserServiceNegative","UpdateFranchise"
"Validates GET /v2/origination/partners with dynamic parameters - Positive Test","9625","GetPartnersList - country is NG","API_Regression_Suite","2026-03-25","passed","2026-03-25","autochek_api_positive.OriginationService.ResponsePayloadReductionV2APIs","Autochek_API_Automation","autochek_api_positive.OriginationService.ResponsePayloadReductionV2APIs","GetPartnersList"
"Delete USER_SESSION and PASSWORD_POLICY using stored IDs","0","deleteSystemConfigs - Delete with empty ID","API_Regression_Suite","2026-03-25","skipped","2026-03-25","autochek_api_negative.UserService.UserServiceV2Negative","Autochek_API_Automation","autochek_api_negative.UserService.UserServiceV2Negative","deleteSystemConfigs"
"Submit Loan Customer Preferences","1497","SubmitLoanPreferencesNegative - Include Licence Renewal Fees empty string","API_Regression_Suite","2026-03-25","passed","2026-03-25","autochek_api_negative.OfferSimulation.OfferSimulationNegative","Autochek_API_Automation","autochek_api_negative.OfferSimulation.OfferSimulationNegative","SubmitLoanPreferencesNegative"
"Create Inspection for the carID generated in Car Creation","710","PostCreateInspection - Longitude out of valid range","API_Regression_Suite","2026-03-25","passed","2026-03-25","autochek_api_negative.DetachTyresSpecification.DetachTyresSpecificationNegative","Autochek_API_Automation","autochek_api_negative.DetachTyresSpecification.DetachTyresSpecificationNegative","PostCreateInspection"
"Validates GET /v1/inventory/trims with dynamic parameters - Negative Test","438","GetTrimsNegative - Validate response when passing SQL injection using comment style","API_Regression_Suite","2026-03-25","passed","2026-03-25","autochek_api_negative.InventoryService.DynamicResponseNegative","Autochek_API_Automation","autochek_api_negative.InventoryService.DynamicResponseNegative","GetTrimsNegative"
"Create Car and Validate Response","3066","CreateCar - Verify car creation with is_draft = false","API_Regression_Suite","2026-03-25","broken","2026-03-25","autochek_api_positive.DetachTyreSpecification.DetachTyreSpecificationPositive","Autochek_API_Automation","autochek_api_positive.DetachTyreSpecification.DetachTyreSpecificationPositive","CreateCar"
"Update System Config dynamically for PASSWORD_POLICY or USER_SESSION","0","PatchSystemConfigV2 - MIN_LENGTH extremely large","API_Regression_Suite","2026-03-25","skipped","2026-03-25","autochek_api_negative.UserService.UserServiceV2Negative","Autochek_API_Automation","autochek_api_negative.UserService.UserServiceV2Negative","PatchSystemConfigV2"
"","516","GetFranchiseByID - array instead of string","API_Regression_Suite","2026-03-25","passed","2026-03-25","autochek_api_negative.UserService.UserServiceNegative","Autochek_API_Automation","autochek_api_negative.UserService.UserServiceNegative","GetFranchiseByID"
"Submit Loan Customer Preferences","938","SubmitLoanPreferencesNegative - tyreBrand XSS injection","API_Regression_Suite","2026-03-25","passed","2026-03-25","autochek_api_negative.OfferSimulation.OfferSimulationNegative","Autochek_API_Automation","autochek_api_negative.OfferSimulation.OfferSimulationNegative","SubmitLoanPreferencesNegative"
"","440","submitLoanPreference - Omit upfrontMaintenancePlan","API_Regression_Suite","2026-03-25","passed","2026-03-25","autochek_api_positive.OfferSimulation.OfferSimulationPositive","Autochek_API_Automation","autochek_api_positive.OfferSimulation.OfferSimulationPositive","submitLoanPreference"
"Create Inspection for the carID generated in Car Creation","436","PostCreateInspection - form_id null + wheel_type null","API_Regression_Suite","2026-03-25","failed","2026-03-25","autochek_api_negative.DetachTyresSpecification.DetachTyresSpecificationNegative","Autochek_API_Automation","autochek_api_negative.DetachTyresSpecification.DetachTyresSpecificationNegative","PostCreateInspection"
"Submit Loan Customer Preferences","439","SubmitLoanPreferencesNegative - upfrontVehicleTracking SQL injection attempt","API_Regression_Suite","2026-03-25","failed","2026-03-25","autochek_api_negative.OfferSimulation.OfferSimulationNegative","Autochek_API_Automation","autochek_api_negative.OfferSimulation.OfferSimulationNegative","SubmitLoanPreferencesNegative"
"","0","GetMeV2Negative - Empty cookie value for access token","API_Regression_Suite","2026-03-25","skipped","2026-03-25","autochek_api_negative.UserService.UserServiceV2Negative","Autochek_API_Automation","autochek_api_negative.UserService.UserServiceV2Negative","GetMeV2Negative"
"Update System Config dynamically for PASSWORD_POLICY or USER_SESSION","0","PatchSystemConfigV2 - REQUIRE_NUMBER numeric other than boolean","API_Regression_Suite","2026-03-25","skipped","2026-03-25","autochek_api_negative.UserService.UserServiceV2Negative","Autochek_API_Automation","autochek_api_negative.UserService.UserServiceV2Negative","PatchSystemConfigV2"
"","0","PostUserSignUpV2Negative - UserType has an invalid value (not an allowed role)","API_Regression_Suite","2026-03-25","skipped","2026-03-25","autochek_api_negative.UserService.UserServiceV2Negative","Autochek_API_Automation","autochek_api_negative.UserService.UserServiceV2Negative","PostUserSignUpV2Negative"
"","562","UpdateFranchise - display_address as boolean","API_Regression_Suite","2026-03-25","passed","2026-03-25","autochek_api_negative.UserService.UserServiceNegative","Autochek_API_Automation","autochek_api_negative.UserService.UserServiceNegative","UpdateFranchise"
"","1096","CreateFranchise - onboarding_source is null","API_Regression_Suite","2026-03-25","passed","2026-03-25","autochek_api_negative.UserService.UserServiceNegative","Autochek_API_Automation","autochek_api_negative.UserService.UserServiceNegative","CreateFranchise"
"","0","PostLogoutV2Negative - Send expired refresh token in cookie","API_Regression_Suite","2026-03-25","skipped","2026-03-25","autochek_api_negative.UserService.UserServiceV2Negative","Autochek_API_Automation","autochek_api_negative.UserService.UserServiceV2Negative","PostLogoutV2Negative"
"","481","UpdateFranchise - account_number all letters","API_Regression_Suite","2026-03-25","passed","2026-03-25","autochek_api_negative.UserService.UserServiceNegative","Autochek_API_Automation","autochek_api_negative.UserService.UserServiceNegative","UpdateFranchise"
"Validates GET /v1/inventory/car with dynamic parameters - Negative Test","1407","GetCarListNegative - Pass duplicate fields","API_Regression_Suite","2026-03-25","passed","2026-03-25","autochek_api_negative.InventoryService.DynamicResponseNegative","Autochek_API_Automation","autochek_api_negative.InventoryService.DynamicResponseNegative","GetCarListNegative"
"Validates GET /v1/inventory/body_type with dynamic parameters - Negative Test","443","GetBodyTypeNegative - Pass numeric value as field","API_Regression_Suite","2026-03-25","passed","2026-03-25","autochek_api_negative.InventoryService.DynamicResponseNegative","Autochek_API_Automation","autochek_api_negative.InventoryService.DynamicResponseNegative","GetBodyTypeNegative"
"","487","UpdateFranchise - address whitespace only","API_Regression_Suite","2026-03-25","passed","2026-03-25","autochek_api_negative.UserService.UserServiceNegative","Autochek_API_Automation","autochek_api_negative.UserService.UserServiceNegative","UpdateFranchise"
"Update System Config dynamically for PASSWORD_POLICY or USER_SESSION","0","PatchSystemConfigV2 - MIN_LENGTH null","API_Regression_Suite","2026-03-25","skipped","2026-03-25","autochek_api_negative.UserService.UserServiceV2Negative","Autochek_API_Automation","autochek_api_negative.UserService.UserServiceV2Negative","PatchSystemConfigV2"
"Validates GET /v1/inventory/body_type with dynamic parameters - Positive Test","448","GetBodyType - Validate only imageUrl field is returned","API_Regression_Suite","2026-03-25","passed","2026-03-25","autochek_api_positive.InventoryService.DynamicResponsePositive","Autochek_API_Automation","autochek_api_positive.InventoryService.DynamicResponsePositive","GetBodyType"
"Validates GET /v1/inventory/model with dynamic parameters - Positive Test","445","GetModelList - Pass whitespace in relation","API_Regression_Suite","2026-03-25","passed","2026-03-25","autochek_api_positive.InventoryService.DynamicResponsePositive","Autochek_API_Automation","autochek_api_positive.InventoryService.DynamicResponsePositive","GetModelList"
"","1304","CreateFranchise - account_name too short","API_Regression_Suite","2026-03-25","passed","2026-03-25","autochek_api_negative.UserService.UserServiceNegative","Autochek_API_Automation","autochek_api_negative.UserService.UserServiceNegative","CreateFranchise"
"","912","UpdateFranchise - house_no is boolean true","API_Regression_Suite","2026-03-25","passed","2026-03-25","autochek_api_negative.UserService.UserServiceNegative","Autochek_API_Automation","autochek_api_negative.UserService.UserServiceNegative","UpdateFranchise"
"","481","UpdateFranchise - state is null","API_Regression_Suite","2026-03-25","passed","2026-03-25","autochek_api_negative.UserService.UserServiceNegative","Autochek_API_Automation","autochek_api_negative.UserService.UserServiceNegative","UpdateFranchise"
"Create Inspection for the carID generated in Car Creation","444","PostCreateInspection - Empty inspection_type should be rejected","API_Regression_Suite","2026-03-25","passed","2026-03-25","autochek_api_negative.DetachTyresSpecification.DetachTyresSpecificationNegative","Autochek_API_Automation","autochek_api_negative.DetachTyresSpecification.DetachTyresSpecificationNegative","PostCreateInspection"
"","482","UpdateFranchise - bank_name with newline","API_Regression_Suite","2026-03-25","passed","2026-03-25","autochek_api_negative.UserService.UserServiceNegative","Autochek_API_Automation","autochek_api_negative.UserService.UserServiceNegative","UpdateFranchise"
"Negative test for Create System Config V2","0","PostSystemConfigV2 - REQUIRE_SPECIAL_CHAR string true instead of boolean","API_Regression_Suite","2026-03-25","skipped","2026-03-25","autochek_api_negative.UserService.UserServiceV2Negative","Autochek_API_Automation","autochek_api_negative.UserService.UserServiceV2Negative","PostSystemConfigV2"
"Create Car and Validate Response","1959","CreateCar - Verify car creation with tyre_code = TY002 and is_draft = true","API_Regression_Suite","2026-03-25","broken","2026-03-25","autochek_api_positive.DetachTyreSpecification.DetachTyreSpecificationPositive","Autochek_API_Automation","autochek_api_positive.DetachTyreSpecification.DetachTyreSpecificationPositive","CreateCar"
"","469","UpdateFranchise - city ID is a very large number","API_Regression_Suite","2026-03-25","passed","2026-03-25","autochek_api_negative.UserService.UserServiceNegative","Autochek_API_Automation","autochek_api_negative.UserService.UserServiceNegative","UpdateFranchise"
"Get Offer Details by OfferID","4104","GetOffersByIdNegative - HTML tag injection","API_Regression_Suite","2026-03-25","passed","2026-03-25","autochek_api_negative.OriginationService.ResponsePayloadReductionV2APIsNegative","Autochek_API_Automation","autochek_api_negative.OriginationService.ResponsePayloadReductionV2APIsNegative","GetOffersByIdNegative"
"Get Offer Details by OfferID","902","GetOffersByIdNegative - offer_id with valid format plus special characters","API_Regression_Suite","2026-03-25","passed","2026-03-25","autochek_api_negative.OriginationService.ResponsePayloadReductionV2APIsNegative","Autochek_API_Automation","autochek_api_negative.OriginationService.ResponsePayloadReductionV2APIsNegative","GetOffersByIdNegative"
"Validates GET /v2/origination/sources with dynamic parameters - Negative Test","514","GetBanksListNegative - page_size is array","API_Regression_Suite","2026-03-25","passed","2026-03-25","autochek_api_negative.OriginationService.ResponsePayloadReductionV2APIsNegative","Autochek_API_Automation","autochek_api_negative.OriginationService.ResponsePayloadReductionV2APIsNegative","GetBanksListNegative"
"","1629","PostLogoutV2 - Valid refresh token, no all parameter — logout only current session","API_Regression_Suite","2026-03-25","passed","2026-03-25","autochek_api_positive.UserService.UserServiceV2","Autochek_API_Automation","autochek_api_positive.UserService.UserServiceV2","PostLogoutV2"
"","755","CreateFranchise - address as number","API_Regression_Suite","2026-03-25","passed","2026-03-25","autochek_api_negative.UserService.UserServiceNegative","Autochek_API_Automation","autochek_api_negative.UserService.UserServiceNegative","CreateFranchise"
"Submit Loan Customer Preferences","487","SubmitLoanPreferencesNegative - Tyre Quantity negative value","API_Regression_Suite","2026-03-25","passed","2026-03-25","autochek_api_negative.OfferSimulation.OfferSimulationNegative","Autochek_API_Automation","autochek_api_negative.OfferSimulation.OfferSimulationNegative","SubmitLoanPreferencesNegative"
"","0","PostLogoutAllAdminNegative - Send expired access token","API_Regression_Suite","2026-03-25","skipped","2026-03-25","autochek_api_negative.UserService.UserServiceV2Negative","Autochek_API_Automation","autochek_api_negative.UserService.UserServiceV2Negative","PostLogoutAllAdminNegative"
"","530","submitLoanPreference - Omit monthlyPayment","API_Regression_Suite","2026-03-25","passed","2026-03-25","autochek_api_positive.OfferSimulation.OfferSimulationPositive","Autochek_API_Automation","autochek_api_positive.OfferSimulation.OfferSimulationPositive","submitLoanPreference"
"Validates GET /v2/origination/loans/{loan_id}/accepted-offer - Negative Test","530","GetAcceptedOfferByLoanIdNegative - Script injection (XSS attempt)","API_Regression_Suite","2026-03-25","passed","2026-03-25","autochek_api_negative.OriginationService.ResponsePayloadReductionV2APIsNegative","Autochek_API_Automation","autochek_api_negative.OriginationService.ResponsePayloadReductionV2APIsNegative","GetAcceptedOfferByLoanIdNegative"
"Update Car and Validate Response","610","PutUpdateCar - created_by too long (100+ chars)","API_Regression_Suite","2026-03-25","passed","2026-03-25","autochek_api_negative.DetachTyresSpecification.DetachTyresSpecificationNegative","Autochek_API_Automation","autochek_api_negative.DetachTyresSpecification.DetachTyresSpecificationNegative","PutUpdateCar"
"","0","PostRefreshV2Negative - SQL injection string as token","API_Regression_Suite","2026-03-25","skipped","2026-03-25","autochek_api_negative.UserService.UserServiceV2Negative","Autochek_API_Automation","autochek_api_negative.UserService.UserServiceV2Negative","PostRefreshV2Negative"
"","5487","UpdateFranchise - bank_name html","API_Regression_Suite","2026-03-25","passed","2026-03-25","autochek_api_negative.UserService.UserServiceNegative","Autochek_API_Automation","autochek_api_negative.UserService.UserServiceNegative","UpdateFranchise"
"","500","GetFranchiseList - page_size is object","API_Regression_Suite","2026-03-25","passed","2026-03-25","autochek_api_negative.UserService.UserServiceNegative","Autochek_API_Automation","autochek_api_negative.UserService.UserServiceNegative","GetFranchiseList"
"","1296","PostUserSignUpV2 - Verify signup with userType = dealer","API_Regression_Suite","2026-03-25","passed","2026-03-25","autochek_api_positive.UserService.UserServiceV2","Autochek_API_Automation","autochek_api_positive.UserService.UserServiceV2","PostUserSignUpV2"
"Validates GET /v2/origination/offers with dynamic parameters - Positive Test","496","GetOffersListNegative - page_size is special characters","API_Regression_Suite","2026-03-25","passed","2026-03-25","autochek_api_negative.OriginationService.ResponsePayloadReductionV2APIsNegative","Autochek_API_Automation","autochek_api_negative.OriginationService.ResponsePayloadReductionV2APIsNegative","GetOffersListNegative"
"Update System Config dynamically for PASSWORD_POLICY or USER_SESSION","0","PatchSystemConfigV2 - REQUIRE_NUMBER zero value","API_Regression_Suite","2026-03-25","skipped","2026-03-25","autochek_api_negative.UserService.UserServiceV2Negative","Autochek_API_Automation","autochek_api_negative.UserService.UserServiceV2Negative","PatchSystemConfigV2"
"Submit Loan Customer Preferences","443","SubmitLoanPreferencesNegative - feePaymentMethod boolean false","API_Regression_Suite","2026-03-25","failed","2026-03-25","autochek_api_negative.OfferSimulation.OfferSimulationNegative","Autochek_API_Automation","autochek_api_negative.OfferSimulation.OfferSimulationNegative","SubmitLoanPreferencesNegative"
"","741","CreateFranchise - state too long","API_Regression_Suite","2026-03-25","passed","2026-03-25","autochek_api_negative.UserService.UserServiceNegative","Autochek_API_Automation","autochek_api_negative.UserService.UserServiceNegative","CreateFranchise"
"","757","CreateFranchise - account_number float","API_Regression_Suite","2026-03-25","passed","2026-03-25","autochek_api_negative.UserService.UserServiceNegative","Autochek_API_Automation","autochek_api_negative.UserService.UserServiceNegative","CreateFranchise"
"","1305","PostUserSignUpV2 - Verify signup with country = GH","API_Regression_Suite","2026-03-25","passed","2026-03-25","autochek_api_positive.UserService.UserServiceV2","Autochek_API_Automation","autochek_api_positive.UserService.UserServiceV2","PostUserSignUpV2"
"Validates GET /v1/inventory/inspection_request with dynamic parameters - Negative Test","491","GetInspectionRequestNegative - Pass object instead of string","API_Regression_Suite","2026-03-25","passed","2026-03-25","autochek_api_negative.InventoryService.DynamicResponseNegative","Autochek_API_Automation","autochek_api_negative.InventoryService.DynamicResponseNegative","GetInspectionRequestNegative"
"Create Inspection for the carID generated in Car Creation","900","PostCreateInspection - Empty inspection_request_id","API_Regression_Suite","2026-03-25","passed","2026-03-25","autochek_api_negative.DetachTyresSpecification.DetachTyresSpecificationNegative","Autochek_API_Automation","autochek_api_negative.DetachTyresSpecification.DetachTyresSpecificationNegative","PostCreateInspection"
"","475","submitLoanPreference - Fee payment method Upfront","API_Regression_Suite","2026-03-25","passed","2026-03-25","autochek_api_positive.OfferSimulation.OfferSimulationPositive","Autochek_API_Automation","autochek_api_positive.OfferSimulation.OfferSimulationPositive","submitLoanPreference"
"Negative test for Create System Config V2","0","PostSystemConfigV2 - REQUIRE_NUMBER string true instead of boolean","API_Regression_Suite","2026-03-25","skipped","2026-03-25","autochek_api_negative.UserService.UserServiceV2Negative","Autochek_API_Automation","autochek_api_negative.UserService.UserServiceV2Negative","PostSystemConfigV2"
"Update Car and Validate Response","1709","PutUpdateCar - is_upgraded as numeric value","API_Regression_Suite","2026-03-25","passed","2026-03-25","autochek_api_negative.DetachTyresSpecification.DetachTyresSpecificationNegative","Autochek_API_Automation","autochek_api_negative.DetachTyresSpecification.DetachTyresSpecificationNegative","PutUpdateCar"
"Create Inspection for the carID generated in Car Creation","616","PostCreateInspection - Numeric only value","API_Regression_Suite","2026-03-25","passed","2026-03-25","autochek_api_negative.DetachTyresSpecification.DetachTyresSpecificationNegative","Autochek_API_Automation","autochek_api_negative.DetachTyresSpecification.DetachTyresSpecificationNegative","PostCreateInspection"
"Validates GET /v1/inventory/car with dynamic parameters - Negative Test","1222","GetCarListNegative - Validate API fails when requesting invalid field name","API_Regression_Suite","2026-03-25","passed","2026-03-25","autochek_api_negative.InventoryService.DynamicResponseNegative","Autochek_API_Automation","autochek_api_negative.InventoryService.DynamicResponseNegative","GetCarListNegative"
"","762","CreateFranchise - map_address is special characters","API_Regression_Suite","2026-03-25","passed","2026-03-25","autochek_api_negative.UserService.UserServiceNegative","Autochek_API_Automation","autochek_api_negative.UserService.UserServiceNegative","CreateFranchise"
"Validates GET /v1/inventory/model with dynamic parameters - Positive Test","515","GetModelList - Validate relations parameter includes make object","API_Regression_Suite","2026-03-25","passed","2026-03-25","autochek_api_positive.InventoryService.DynamicResponsePositive","Autochek_API_Automation","autochek_api_positive.InventoryService.DynamicResponsePositive","GetModelList"
"Create Inspection for the carID generated in Car Creation","466","PostCreateInspection - Script injection attempt in country","API_Regression_Suite","2026-03-25","failed","2026-03-25","autochek_api_negative.DetachTyresSpecification.DetachTyresSpecificationNegative","Autochek_API_Automation","autochek_api_negative.DetachTyresSpecification.DetachTyresSpecificationNegative","PostCreateInspection"
"Accept Simulation Offer","473","AcceptOfferNegative - Send loan_id as whitespace only","API_Regression_Suite","2026-03-25","passed","2026-03-25","autochek_api_negative.OfferSimulation.OfferSimulationNegative","Autochek_API_Automation","autochek_api_negative.OfferSimulation.OfferSimulationNegative","AcceptOfferNegative"
"","851","CreateFranchise - account_name is empty","API_Regression_Suite","2026-03-25","passed","2026-03-25","autochek_api_negative.UserService.UserServiceNegative","Autochek_API_Automation","autochek_api_negative.UserService.UserServiceNegative","CreateFranchise"
"Update System Config dynamically for PASSWORD_POLICY or USER_SESSION","0","PatchSystemConfigV2 - REQUIRE_LOWERCASE decimal value","API_Regression_Suite","2026-03-25","skipped","2026-03-25","autochek_api_negative.UserService.UserServiceV2Negative","Autochek_API_Automation","autochek_api_negative.UserService.UserServiceV2Negative","PatchSystemConfigV2"
"Get Offer Details by LoanID","820","GetOffersByLoanIdNegative - loan_id with only special characters","API_Regression_Suite","2026-03-25","passed","2026-03-25","autochek_api_negative.OriginationService.ResponsePayloadReductionV2APIsNegative","Autochek_API_Automation","autochek_api_negative.OriginationService.ResponsePayloadReductionV2APIsNegative","GetOffersByLoanIdNegative"
"Validates GET /v1/inventory/trims with dynamic parameters - Negative Test","468","GetTrimsNegative - Validate response when passing JSON object as field value","API_Regression_Suite","2026-03-25","passed","2026-03-25","autochek_api_negative.InventoryService.DynamicResponseNegative","Autochek_API_Automation","autochek_api_negative.InventoryService.DynamicResponseNegative","GetTrimsNegative"
"Update Car and Validate Response","1200","PutUpdateCar - owner_type script injection","API_Regression_Suite","2026-03-25","passed","2026-03-25","autochek_api_negative.DetachTyresSpecification.DetachTyresSpecificationNegative","Autochek_API_Automation","autochek_api_negative.DetachTyresSpecification.DetachTyresSpecificationNegative","PutUpdateCar"
"","0","PostDisableUserV2Negative - Send SQL injection string as userId","API_Regression_Suite","2026-03-25","skipped","2026-03-25","autochek_api_negative.UserService.UserServiceV2Negative","Autochek_API_Automation","autochek_api_negative.UserService.UserServiceV2Negative","PostDisableUserV2Negative"
"Validates GET /v1/inventory/trims with dynamic parameters - Positive Test","464","GetTrims - Validate all fields except name are returned","API_Regression_Suite","2026-03-25","passed","2026-03-25","autochek_api_positive.InventoryService.DynamicResponsePositive","Autochek_API_Automation","autochek_api_positive.InventoryService.DynamicResponsePositive","GetTrims"
"","0","PostLookUpV2Negative - Identifier has invalid email format (missing @)","API_Regression_Suite","2026-03-25","skipped","2026-03-25","autochek_api_negative.UserService.UserServiceV2Negative","Autochek_API_Automation","autochek_api_negative.UserService.UserServiceV2Negative","PostLookUpV2Negative"
"Negative test for Create System Config V2","0","PostSystemConfigV2 - MAX_LENGTH SQL injection","API_Regression_Suite","2026-03-25","skipped","2026-03-25","autochek_api_negative.UserService.UserServiceV2Negative","Autochek_API_Automation","autochek_api_negative.UserService.UserServiceV2Negative","PostSystemConfigV2"
"Negative test for Create System Config V2","0","PostSystemConfigV2 - REQUIRE_LOWERCASE special characters","API_Regression_Suite","2026-03-25","skipped","2026-03-25","autochek_api_negative.UserService.UserServiceV2Negative","Autochek_API_Automation","autochek_api_negative.UserService.UserServiceV2Negative","PostSystemConfigV2"
"","480","UpdateFranchise - nearest_landmark has numbers","API_Regression_Suite","2026-03-25","passed","2026-03-25","autochek_api_negative.UserService.UserServiceNegative","Autochek_API_Automation","autochek_api_negative.UserService.UserServiceNegative","UpdateFranchise"
"","2417","PostLogoutAllAdmin - User sends valid userId","API_Regression_Suite","2026-03-25","passed","2026-03-25","autochek_api_positive.UserService.UserServiceV2","Autochek_API_Automation","autochek_api_positive.UserService.UserServiceV2","PostLogoutAllAdmin"
"","0","PostUserSignUpV2Negative - PhoneNumber is too short","API_Regression_Suite","2026-03-25","skipped","2026-03-25","autochek_api_negative.UserService.UserServiceV2Negative","Autochek_API_Automation","autochek_api_negative.UserService.UserServiceV2Negative","PostUserSignUpV2Negative"
"Update System Config dynamically for PASSWORD_POLICY or USER_SESSION","0","PatchSystemConfigV2 - REQUIRE_SPECIAL_CHAR array structure passed","API_Regression_Suite","2026-03-25","skipped","2026-03-25","autochek_api_negative.UserService.UserServiceV2Negative","Autochek_API_Automation","autochek_api_negative.UserService.UserServiceV2Negative","PatchSystemConfigV2"
"Negative test for Create System Config V2","1","PostSystemConfigV2 - DISALLOW_WHITESPACES array structure passed","API_Regression_Suite","2026-03-25","skipped","2026-03-25","autochek_api_negative.UserService.UserServiceV2Negative","Autochek_API_Automation","autochek_api_negative.UserService.UserServiceV2Negative","PostSystemConfigV2"
"","473","UpdateFranchise - phone with newline/tab characters","API_Regression_Suite","2026-03-25","passed","2026-03-25","autochek_api_negative.UserService.UserServiceNegative","Autochek_API_Automation","autochek_api_negative.UserService.UserServiceNegative","UpdateFranchise"
"","756","CreateFranchise - phone with newline/tab characters","API_Regression_Suite","2026-03-25","passed","2026-03-25","autochek_api_negative.UserService.UserServiceNegative","Autochek_API_Automation","autochek_api_negative.UserService.UserServiceNegative","CreateFranchise"
"Validates GET /v2/origination/loans with dynamic parameters - Negative Test","516","GetLoansListNegative - page_size is null","API_Regression_Suite","2026-03-25","passed","2026-03-25","autochek_api_negative.OriginationService.ResponsePayloadReductionV2APIsNegative","Autochek_API_Automation","autochek_api_negative.OriginationService.ResponsePayloadReductionV2APIsNegative","GetLoansListNegative"
"Validates GET /v1/inventory/trims with dynamic parameters - Negative Test","486","GetTrimsNegative - Validate response when passing boolean as field","API_Regression_Suite","2026-03-25","passed","2026-03-25","autochek_api_negative.InventoryService.DynamicResponseNegative","Autochek_API_Automation","autochek_api_negative.InventoryService.DynamicResponseNegative","GetTrimsNegative"
"Validates GET /v1/inventory/trims with dynamic parameters - Negative Test","452","GetTrimsNegative - Validate response when passing excessively long string as field","API_Regression_Suite","2026-03-25","passed","2026-03-25","autochek_api_negative.InventoryService.DynamicResponseNegative","Autochek_API_Automation","autochek_api_negative.InventoryService.DynamicResponseNegative","GetTrimsNegative"
"","474","CreateFranchise - owner with new line characters","API_Regression_Suite","2026-03-25","passed","2026-03-25","autochek_api_negative.UserService.UserServiceNegative","Autochek_API_Automation","autochek_api_negative.UserService.UserServiceNegative","CreateFranchise"
"","2056","CreateFranchise - display_address is null","API_Regression_Suite","2026-03-25","passed","2026-03-25","autochek_api_negative.UserService.UserServiceNegative","Autochek_API_Automation","autochek_api_negative.UserService.UserServiceNegative","CreateFranchise"
"Validates GET /v1/inspection with dynamic parameters - Negative Test","450","GetInspectionNegative - Validate API fails when requesting invalid relation path","API_Regression_Suite","2026-03-25","passed","2026-03-25","autochek_api_negative.InventoryService.DynamicResponseNegative","Autochek_API_Automation","autochek_api_negative.InventoryService.DynamicResponseNegative","GetInspectionNegative"
"","0","PatchUpdatePasswordV2Negative - Send XSS payload as token","API_Regression_Suite","2026-03-25","skipped","2026-03-25","autochek_api_negative.UserService.UserServiceV2Negative","Autochek_API_Automation","autochek_api_negative.UserService.UserServiceV2Negative","PatchUpdatePasswordV2Negative"
"","457","GetFranchiseList - country is special characters","API_Regression_Suite","2026-03-25","passed","2026-03-25","autochek_api_negative.UserService.UserServiceNegative","Autochek_API_Automation","autochek_api_negative.UserService.UserServiceNegative","GetFranchiseList"
"Submit Loan Customer Preferences","3198","SubmitLoanPreferencesNegative - vehicleDiscount null","API_Regression_Suite","2026-03-25","passed","2026-03-25","autochek_api_negative.OfferSimulation.OfferSimulationNegative","Autochek_API_Automation","autochek_api_negative.OfferSimulation.OfferSimulationNegative","SubmitLoanPreferencesNegative"
"","764","CreateFranchise - street_name is null","API_Regression_Suite","2026-03-25","passed","2026-03-25","autochek_api_negative.UserService.UserServiceNegative","Autochek_API_Automation","autochek_api_negative.UserService.UserServiceNegative","CreateFranchise"
"","479","UpdateFranchise - account_bvn float","API_Regression_Suite","2026-03-25","passed","2026-03-25","autochek_api_negative.UserService.UserServiceNegative","Autochek_API_Automation","autochek_api_negative.UserService.UserServiceNegative","UpdateFranchise"
"Validates GET /v1/inventory/car with dynamic parameters - Negative Test","1174","GetCarListNegative - Exclude all valid fields using - but invalid key","API_Regression_Suite","2026-03-25","passed","2026-03-25","autochek_api_negative.InventoryService.DynamicResponseNegative","Autochek_API_Automation","autochek_api_negative.InventoryService.DynamicResponseNegative","GetCarListNegative"
"Validates GET /v1/inventory/make with dynamic fields filtering - Positive Test","466","GetMake - Verify response returns only name, imageUrl fields (exclude id)","API_Regression_Suite","2026-03-25","passed","2026-03-25","autochek_api_positive.InventoryService.DynamicResponsePositive","Autochek_API_Automation","autochek_api_positive.InventoryService.DynamicResponsePositive","GetMake"
"Create Car and Validate Response","3351","CreateCar - Verify car creation with tyre_code = TY001","API_Regression_Suite","2026-03-25","broken","2026-03-25","autochek_api_positive.DetachTyreSpecification.DetachTyreSpecificationPositive","Autochek_API_Automation","autochek_api_positive.DetachTyreSpecification.DetachTyreSpecificationPositive","CreateCar"
"Validates GET /v1/inventory/body_type with dynamic parameters - Negative Test","444","GetBodyTypeNegative - Pass field value from unrelated entity","API_Regression_Suite","2026-03-25","passed","2026-03-25","autochek_api_negative.InventoryService.DynamicResponseNegative","Autochek_API_Automation","autochek_api_negative.InventoryService.DynamicResponseNegative","GetBodyTypeNegative"
"","1251","CreateFranchise - latitude = ""abc""","API_Regression_Suite","2026-03-25","passed","2026-03-25","autochek_api_negative.UserService.UserServiceNegative","Autochek_API_Automation","autochek_api_negative.UserService.UserServiceNegative","CreateFranchise"
"Validates GET /v1/inventory/body_type with dynamic parameters - Positive Test","867","GetBodyType - Validate id and imageUrl fields are returned","API_Regression_Suite","2026-03-25","passed","2026-03-25","autochek_api_positive.InventoryService.DynamicResponsePositive","Autochek_API_Automation","autochek_api_positive.InventoryService.DynamicResponsePositive","GetBodyType"
"","487","UpdateFranchise - phone with more than 9 digits","API_Regression_Suite","2026-03-25","passed","2026-03-25","autochek_api_negative.UserService.UserServiceNegative","Autochek_API_Automation","autochek_api_negative.UserService.UserServiceNegative","UpdateFranchise"
"Create Inspection for the carID generated in Car Creation","500","PostCreateInspection - car_id injection + tyreCode injection","API_Regression_Suite","2026-03-25","failed","2026-03-25","autochek_api_negative.DetachTyresSpecification.DetachTyresSpecificationNegative","Autochek_API_Automation","autochek_api_negative.DetachTyresSpecification.DetachTyresSpecificationNegative","PostCreateInspection"
"Submit Loan Customer Preferences","427","SubmitLoanPreferencesNegative - upfrontCreditLifeInsurance JSON object instead boolean","API_Regression_Suite","2026-03-25","failed","2026-03-25","autochek_api_negative.OfferSimulation.OfferSimulationNegative","Autochek_API_Automation","autochek_api_negative.OfferSimulation.OfferSimulationNegative","SubmitLoanPreferencesNegative"
"Validates GET /v1/inspection with dynamic parameters - Positive Test","857","GetInspection - Validate only car field is returned","API_Regression_Suite","2026-03-25","passed","2026-03-25","autochek_api_positive.InventoryService.DynamicResponsePositive","Autochek_API_Automation","autochek_api_positive.InventoryService.DynamicResponsePositive","GetInspection"
"Validates GET /v1/inspection with dynamic parameters - Negative Test","705","GetInspectionNegative - Pass numeric value in fields","API_Regression_Suite","2026-03-25","passed","2026-03-25","autochek_api_negative.InventoryService.DynamicResponseNegative","Autochek_API_Automation","autochek_api_negative.InventoryService.DynamicResponseNegative","GetInspectionNegative"
"","0","PostLogoutAllAdminNegative - Send XSS payload as token","API_Regression_Suite","2026-03-25","skipped","2026-03-25","autochek_api_negative.UserService.UserServiceV2Negative","Autochek_API_Automation","autochek_api_negative.UserService.UserServiceV2Negative","PostLogoutAllAdminNegative"
"","0","GetMeV2Negative - No cookie header sent","API_Regression_Suite","2026-03-25","skipped","2026-03-25","autochek_api_negative.UserService.UserServiceV2Negative","Autochek_API_Automation","autochek_api_negative.UserService.UserServiceV2Negative","GetMeV2Negative"
"Submit Loan Customer Preferences","1008","SubmitLoanPreferencesNegative - upfrontWarranty very long string","API_Regression_Suite","2026-03-25","passed","2026-03-25","autochek_api_negative.OfferSimulation.OfferSimulationNegative","Autochek_API_Automation","autochek_api_negative.OfferSimulation.OfferSimulationNegative","SubmitLoanPreferencesNegative"
"","442","submitLoanPreference - Omit upfrontInsurance","API_Regression_Suite","2026-03-25","passed","2026-03-25","autochek_api_positive.OfferSimulation.OfferSimulationPositive","Autochek_API_Automation","autochek_api_positive.OfferSimulation.OfferSimulationPositive","submitLoanPreference"
"","974","UpdateFranchise - account_bvn boolean","API_Regression_Suite","2026-03-25","passed","2026-03-25","autochek_api_negative.UserService.UserServiceNegative","Autochek_API_Automation","autochek_api_negative.UserService.UserServiceNegative","UpdateFranchise"
"Get TyreSpecs Details by Car ID","459","GetTyreSpecs - car_id as empty","API_Regression_Suite","2026-03-25","passed","2026-03-25","autochek_api_negative.DetachTyresSpecification.DetachTyresSpecificationNegative","Autochek_API_Automation","autochek_api_negative.DetachTyresSpecification.DetachTyresSpecificationNegative","GetTyreSpecs"
"","485","UpdateFranchise - address as object","API_Regression_Suite","2026-03-25","passed","2026-03-25","autochek_api_negative.UserService.UserServiceNegative","Autochek_API_Automation","autochek_api_negative.UserService.UserServiceNegative","UpdateFranchise"
"","469","UpdateFranchise - state too long","API_Regression_Suite","2026-03-25","passed","2026-03-25","autochek_api_negative.UserService.UserServiceNegative","Autochek_API_Automation","autochek_api_negative.UserService.UserServiceNegative","UpdateFranchise"
"","747","CreateFranchise - street_name is only numbers","API_Regression_Suite","2026-03-25","passed","2026-03-25","autochek_api_negative.UserService.UserServiceNegative","Autochek_API_Automation","autochek_api_negative.UserService.UserServiceNegative","CreateFranchise"
"Update System Config dynamically for PASSWORD_POLICY or USER_SESSION","0","PatchSystemConfigV2 - REQUIRE_LOWERCASE zero value","API_Regression_Suite","2026-03-25","skipped","2026-03-25","autochek_api_negative.UserService.UserServiceV2Negative","Autochek_API_Automation","autochek_api_negative.UserService.UserServiceV2Negative","PatchSystemConfigV2"
"Validates GET /v1/inventory/car with dynamic parameters - Positive Test","1124","GetCarList - Validate both include and exclude in fields for nested model","API_Regression_Suite","2026-03-25","passed","2026-03-25","autochek_api_positive.InventoryService.DynamicResponsePositive","Autochek_API_Automation","autochek_api_positive.InventoryService.DynamicResponsePositive","GetCarList"
"","0","PostLoginV2Negative - Password too short (less than policy minimum)","API_Regression_Suite","2026-03-25","skipped","2026-03-25","autochek_api_negative.UserService.UserServiceV2Negative","Autochek_API_Automation","autochek_api_negative.UserService.UserServiceV2Negative","PostLoginV2Negative"
"Submit Loan Customer Preferences","5075","SubmitLoanPreferencesNegative - requestedWarrantyPlan array instead of text","API_Regression_Suite","2026-03-25","passed","2026-03-25","autochek_api_negative.OfferSimulation.OfferSimulationNegative","Autochek_API_Automation","autochek_api_negative.OfferSimulation.OfferSimulationNegative","SubmitLoanPreferencesNegative"
"Submit Loan Customer Preferences","3548","SubmitLoanPreferencesNegative - tyreQuantity special characters","API_Regression_Suite","2026-03-25","passed","2026-03-25","autochek_api_negative.OfferSimulation.OfferSimulationNegative","Autochek_API_Automation","autochek_api_negative.OfferSimulation.OfferSimulationNegative","SubmitLoanPreferencesNegative"
"","0","PatchUpdatePasswordV2Negative - XSS payload in password","API_Regression_Suite","2026-03-25","skipped","2026-03-25","autochek_api_negative.UserService.UserServiceV2Negative","Autochek_API_Automation","autochek_api_negative.UserService.UserServiceV2Negative","PatchUpdatePasswordV2Negative"
"Update System Config dynamically for PASSWORD_POLICY or USER_SESSION","1","PatchSystemConfigV2 - MAX_LENGTH less than MIN_LENGTH","API_Regression_Suite","2026-03-25","skipped","2026-03-25","autochek_api_negative.UserService.UserServiceV2Negative","Autochek_API_Automation","autochek_api_negative.UserService.UserServiceV2Negative","PatchSystemConfigV2"
"Submit Loan Customer Preferences","1178","SubmitLoanPreferencesNegative - upfrontWarranty SQL injection attempt","API_Regression_Suite","2026-03-25","passed","2026-03-25","autochek_api_negative.OfferSimulation.OfferSimulationNegative","Autochek_API_Automation","autochek_api_negative.OfferSimulation.OfferSimulationNegative","SubmitLoanPreferencesNegative"
"Validates GET /v2/origination/loans/{loan_id}/accepted-offer - Negative Test","524","GetAcceptedOfferByLoanIdNegative - Send offer_id as empty string","API_Regression_Suite","2026-03-25","passed","2026-03-25","autochek_api_negative.OriginationService.ResponsePayloadReductionV2APIsNegative","Autochek_API_Automation","autochek_api_negative.OriginationService.ResponsePayloadReductionV2APIsNegative","GetAcceptedOfferByLoanIdNegative"
"Update Car and Validate Response","828","PutUpdateCar - license_plate with whitespace only","API_Regression_Suite","2026-03-25","passed","2026-03-25","autochek_api_negative.DetachTyresSpecification.DetachTyresSpecificationNegative","Autochek_API_Automation","autochek_api_negative.DetachTyresSpecification.DetachTyresSpecificationNegative","PutUpdateCar"
"","0","PostLogoutAllAdminNegative - userId with leading space","API_Regression_Suite","2026-03-25","skipped","2026-03-25","autochek_api_negative.UserService.UserServiceV2Negative","Autochek_API_Automation","autochek_api_negative.UserService.UserServiceV2Negative","PostLogoutAllAdminNegative"
"Update Car and Validate Response","649","PutUpdateCar - is_draft as null","API_Regression_Suite","2026-03-25","failed","2026-03-25","autochek_api_negative.DetachTyresSpecification.DetachTyresSpecificationNegative","Autochek_API_Automation","autochek_api_negative.DetachTyresSpecification.DetachTyresSpecificationNegative","PutUpdateCar"
"Create Inspection for the carID generated in Car Creation","654","PostCreateInspection - Alphabetic string instead of number","API_Regression_Suite","2026-03-25","passed","2026-03-25","autochek_api_negative.DetachTyresSpecification.DetachTyresSpecificationNegative","Autochek_API_Automation","autochek_api_negative.DetachTyresSpecification.DetachTyresSpecificationNegative","PostCreateInspection"
"","972","UpdateFranchise - onboarding_source with special characters","API_Regression_Suite","2026-03-25","passed","2026-03-25","autochek_api_negative.UserService.UserServiceNegative","Autochek_API_Automation","autochek_api_negative.UserService.UserServiceNegative","UpdateFranchise"
"","0","PostLookUpV2Negative - Identifier is null","API_Regression_Suite","2026-03-25","skipped","2026-03-25","autochek_api_negative.UserService.UserServiceV2Negative","Autochek_API_Automation","autochek_api_negative.UserService.UserServiceV2Negative","PostLookUpV2Negative"
"","783","CreateFranchise - account_number empty string","API_Regression_Suite","2026-03-25","passed","2026-03-25","autochek_api_negative.UserService.UserServiceNegative","Autochek_API_Automation","autochek_api_negative.UserService.UserServiceNegative","CreateFranchise"
"","476","UpdateFranchise - account_number too short","API_Regression_Suite","2026-03-25","passed","2026-03-25","autochek_api_negative.UserService.UserServiceNegative","Autochek_API_Automation","autochek_api_negative.UserService.UserServiceNegative","UpdateFranchise"
"Validates GET /v1/inventory/obds with dynamic parameters - Negative Test","440","GetObdsNegative - Pass array type","API_Regression_Suite","2026-03-25","passed","2026-03-25","autochek_api_negative.InventoryService.DynamicResponseNegative","Autochek_API_Automation","autochek_api_negative.InventoryService.DynamicResponseNegative","GetObdsNegative"
"Validates GET /v1/inventory/obds with dynamic parameters - Negative Test","490","GetObdsNegative - SQL injection in fields","API_Regression_Suite","2026-03-25","passed","2026-03-25","autochek_api_negative.InventoryService.DynamicResponseNegative","Autochek_API_Automation","autochek_api_negative.InventoryService.DynamicResponseNegative","GetObdsNegative"
"Validates GET /v1/inventory/car with dynamic parameters - Positive Test","1399","GetCarList - Validate relations parameter includes model.make object","API_Regression_Suite","2026-03-25","passed","2026-03-25","autochek_api_positive.InventoryService.DynamicResponsePositive","Autochek_API_Automation","autochek_api_positive.InventoryService.DynamicResponsePositive","GetCarList"
"Validates GET /v2/origination/sources with dynamic parameters - Negative Test","561","GetBanksListNegative - country is number","API_Regression_Suite","2026-03-25","passed","2026-03-25","autochek_api_negative.OriginationService.ResponsePayloadReductionV2APIsNegative","Autochek_API_Automation","autochek_api_negative.OriginationService.ResponsePayloadReductionV2APIsNegative","GetBanksListNegative"
"","432","submitLoanPreference - Include roadworthiness fees Yes","API_Regression_Suite","2026-03-25","passed","2026-03-25","autochek_api_positive.OfferSimulation.OfferSimulationPositive","Autochek_API_Automation","autochek_api_positive.OfferSimulation.OfferSimulationPositive","submitLoanPreference"
"Validates GET /v1/inventory/car with dynamic parameters - Negative Test","1154","GetCarListNegative - Validate API fails when using special characters in fields","API_Regression_Suite","2026-03-25","passed","2026-03-25","autochek_api_negative.InventoryService.DynamicResponseNegative","Autochek_API_Automation","autochek_api_negative.InventoryService.DynamicResponseNegative","GetCarListNegative"
"Submit Loan Customer Preferences","438","SubmitLoanPreferencesNegative - upfrontVehicleRegistration unsupported keyword","API_Regression_Suite","2026-03-25","failed","2026-03-25","autochek_api_negative.OfferSimulation.OfferSimulationNegative","Autochek_API_Automation","autochek_api_negative.OfferSimulation.OfferSimulationNegative","SubmitLoanPreferencesNegative"
"Validates GET /v2/origination/loans/{loan_id}/logbook/car-details - Negative Test","603","GetLogbookCarDetailsByLoanIdNegative - loan_id with valid format plus special characters","API_Regression_Suite","2026-03-25","passed","2026-03-25","autochek_api_negative.OriginationService.ResponsePayloadReductionV2APIsNegative","Autochek_API_Automation","autochek_api_negative.OriginationService.ResponsePayloadReductionV2APIsNegative","GetLogbookCarDetailsByLoanIdNegative"
"","0","PostLogoutV2Negative - Send XSS payload in refreshToken cookie","API_Regression_Suite","2026-03-25","skipped","2026-03-25","autochek_api_negative.UserService.UserServiceV2Negative","Autochek_API_Automation","autochek_api_negative.UserService.UserServiceV2Negative","PostLogoutV2Negative"
"","1129","CreateFranchise - email with html tag","API_Regression_Suite","2026-03-25","passed","2026-03-25","autochek_api_negative.UserService.UserServiceNegative","Autochek_API_Automation","autochek_api_negative.UserService.UserServiceNegative","CreateFranchise"
"Create Inspection for the carID generated in Car Creation","737","PostCreateInspection - Invalid longitude format","API_Regression_Suite","2026-03-25","passed","2026-03-25","autochek_api_negative.DetachTyresSpecification.DetachTyresSpecificationNegative","Autochek_API_Automation","autochek_api_negative.DetachTyresSpecification.DetachTyresSpecificationNegative","PostCreateInspection"
"","468","CreateFranchise - owner with unicode characters","API_Regression_Suite","2026-03-25","passed","2026-03-25","autochek_api_negative.UserService.UserServiceNegative","Autochek_API_Automation","autochek_api_negative.UserService.UserServiceNegative","CreateFranchise"
"Validates /v2/origination/loans/{loan_id}/logbook/booking-info with dynamic parameters - Positive Test","19186","GetBookingInfoForLogbookLoan","API_Regression_Suite","2026-03-25","passed","2026-03-25","autochek_api_positive.OriginationService.ResponsePayloadReductionV2APIs","Autochek_API_Automation","autochek_api_positive.OriginationService.ResponsePayloadReductionV2APIs","GetBookingInfoForLogbookLoan"
"","2109","CreateFranchise - account_number is null","API_Regression_Suite","2026-03-25","passed","2026-03-25","autochek_api_negative.UserService.UserServiceNegative","Autochek_API_Automation","autochek_api_negative.UserService.UserServiceNegative","CreateFranchise"
"Submit Loan Customer Preferences","431","SubmitLoanPreferencesNegative - includeLicenceRenewalFees unsupported option y","API_Regression_Suite","2026-03-25","failed","2026-03-25","autochek_api_negative.OfferSimulation.OfferSimulationNegative","Autochek_API_Automation","autochek_api_negative.OfferSimulation.OfferSimulationNegative","SubmitLoanPreferencesNegative"
"","796","CreateFranchise - phone with less than 9 digits","API_Regression_Suite","2026-03-25","passed","2026-03-25","autochek_api_negative.UserService.UserServiceNegative","Autochek_API_Automation","autochek_api_negative.UserService.UserServiceNegative","CreateFranchise"
"Submit Loan Customer Preferences","443","SubmitLoanPreferencesNegative - equityContribution null","API_Regression_Suite","2026-03-25","failed","2026-03-25","autochek_api_negative.OfferSimulation.OfferSimulationNegative","Autochek_API_Automation","autochek_api_negative.OfferSimulation.OfferSimulationNegative","SubmitLoanPreferencesNegative"
"Validates GET /v1/inventory/inspection_request with dynamic parameters - Negative Test","534","GetInspectionRequestNegative - Pass SQL injection-like pattern","API_Regression_Suite","2026-03-25","passed","2026-03-25","autochek_api_negative.InventoryService.DynamicResponseNegative","Autochek_API_Automation","autochek_api_negative.InventoryService.DynamicResponseNegative","GetInspectionRequestNegative"
"","1","PostDisableUserV2Negative - Send empty userId value","API_Regression_Suite","2026-03-25","skipped","2026-03-25","autochek_api_negative.UserService.UserServiceV2Negative","Autochek_API_Automation","autochek_api_negative.UserService.UserServiceV2Negative","PostDisableUserV2Negative"
"","2136","CreateFranchise - country is null","API_Regression_Suite","2026-03-25","passed","2026-03-25","autochek_api_negative.UserService.UserServiceNegative","Autochek_API_Automation","autochek_api_negative.UserService.UserServiceNegative","CreateFranchise"
"","471","UpdateFranchise - state is empty","API_Regression_Suite","2026-03-25","passed","2026-03-25","autochek_api_negative.UserService.UserServiceNegative","Autochek_API_Automation","autochek_api_negative.UserService.UserServiceNegative","UpdateFranchise"
"","853","CreateFranchise - city ID is a very large number","API_Regression_Suite","2026-03-25","passed","2026-03-25","autochek_api_negative.UserService.UserServiceNegative","Autochek_API_Automation","autochek_api_negative.UserService.UserServiceNegative","CreateFranchise"
"Update System Config dynamically for PASSWORD_POLICY or USER_SESSION","0","PatchSystemConfigV2 - REQUIRE_LOWERCASE empty value","API_Regression_Suite","2026-03-25","skipped","2026-03-25","autochek_api_negative.UserService.UserServiceV2Negative","Autochek_API_Automation","autochek_api_negative.UserService.UserServiceV2Negative","PatchSystemConfigV2"
"","751","CreateFranchise - longitude is string","API_Regression_Suite","2026-03-25","passed","2026-03-25","autochek_api_negative.UserService.UserServiceNegative","Autochek_API_Automation","autochek_api_negative.UserService.UserServiceNegative","CreateFranchise"
"","759","CreateFranchise - street_name is empty","API_Regression_Suite","2026-03-25","passed","2026-03-25","autochek_api_negative.UserService.UserServiceNegative","Autochek_API_Automation","autochek_api_negative.UserService.UserServiceNegative","CreateFranchise"
"Update Car and Validate Response","1291","PutUpdateCar - owner_type numeric value","API_Regression_Suite","2026-03-25","passed","2026-03-25","autochek_api_negative.DetachTyresSpecification.DetachTyresSpecificationNegative","Autochek_API_Automation","autochek_api_negative.DetachTyresSpecification.DetachTyresSpecificationNegative","PutUpdateCar"
"Update Car and Validate Response","942","PutUpdateCar - license_plate too short (2 chars)","API_Regression_Suite","2026-03-25","passed","2026-03-25","autochek_api_negative.DetachTyresSpecification.DetachTyresSpecificationNegative","Autochek_API_Automation","autochek_api_negative.DetachTyresSpecification.DetachTyresSpecificationNegative","PutUpdateCar"
"Negative test for Create System Config V2","0","PostSystemConfigV2 - MIN_LENGTH empty","API_Regression_Suite","2026-03-25","skipped","2026-03-25","autochek_api_negative.UserService.UserServiceV2Negative","Autochek_API_Automation","autochek_api_negative.UserService.UserServiceV2Negative","PostSystemConfigV2"
"","970","UpdateFranchise - account_number as array","API_Regression_Suite","2026-03-25","passed","2026-03-25","autochek_api_negative.UserService.UserServiceNegative","Autochek_API_Automation","autochek_api_negative.UserService.UserServiceNegative","UpdateFranchise"
"Negative test for Create System Config V2","0","PostSystemConfigV2 - MAX_CONCURRENT_SESSIONS null value","API_Regression_Suite","2026-03-25","skipped","2026-03-25","autochek_api_negative.UserService.UserServiceV2Negative","Autochek_API_Automation","autochek_api_negative.UserService.UserServiceV2Negative","PostSystemConfigV2"
"Update Car and Validate Response","839","PutUpdateCar - created_by too short (1 char)","API_Regression_Suite","2026-03-25","passed","2026-03-25","autochek_api_negative.DetachTyresSpecification.DetachTyresSpecificationNegative","Autochek_API_Automation","autochek_api_negative.DetachTyresSpecification.DetachTyresSpecificationNegative","PutUpdateCar"
"","484","UpdateFranchise - address as boolean","API_Regression_Suite","2026-03-25","passed","2026-03-25","autochek_api_negative.UserService.UserServiceNegative","Autochek_API_Automation","autochek_api_negative.UserService.UserServiceNegative","UpdateFranchise"
"","740","CreateFranchise - state is empty","API_Regression_Suite","2026-03-25","passed","2026-03-25","autochek_api_negative.UserService.UserServiceNegative","Autochek_API_Automation","autochek_api_negative.UserService.UserServiceNegative","CreateFranchise"
"Submit Loan Customer Preferences","442","SubmitLoanPreferencesNegative - monthlyPayment blank","API_Regression_Suite","2026-03-25","failed","2026-03-25","autochek_api_negative.OfferSimulation.OfferSimulationNegative","Autochek_API_Automation","autochek_api_negative.OfferSimulation.OfferSimulationNegative","SubmitLoanPreferencesNegative"
"Submit Loan Customer Preferences","462","SubmitLoanPreferencesNegative - upfrontMaintenancePlan SQL injection attempt","API_Regression_Suite","2026-03-25","failed","2026-03-25","autochek_api_negative.OfferSimulation.OfferSimulationNegative","Autochek_API_Automation","autochek_api_negative.OfferSimulation.OfferSimulationNegative","SubmitLoanPreferencesNegative"
"","0","PostLoginV2Negative - Username field is omitted","API_Regression_Suite","2026-03-25","skipped","2026-03-25","autochek_api_negative.UserService.UserServiceV2Negative","Autochek_API_Automation","autochek_api_negative.UserService.UserServiceV2Negative","PostLoginV2Negative"
"Validates GET /v1/inventory/inspection_request with dynamic parameters - Negative Test","450","GetInspectionRequestNegative - Try SQL injection style value","API_Regression_Suite","2026-03-25","passed","2026-03-25","autochek_api_negative.InventoryService.DynamicResponseNegative","Autochek_API_Automation","autochek_api_negative.InventoryService.DynamicResponseNegative","GetInspectionRequestNegative"
"","0","PostEnableUserV2Negative - Send userId containing special characters","API_Regression_Suite","2026-03-25","skipped","2026-03-25","autochek_api_negative.UserService.UserServiceV2Negative","Autochek_API_Automation","autochek_api_negative.UserService.UserServiceV2Negative","PostEnableUserV2Negative"
"Update System Config dynamically for PASSWORD_POLICY or USER_SESSION","1","PatchSystemConfigV2 - REQUIRE_UPPERCASE zero value","API_Regression_Suite","2026-03-25","skipped","2026-03-25","autochek_api_negative.UserService.UserServiceV2Negative","Autochek_API_Automation","autochek_api_negative.UserService.UserServiceV2Negative","PatchSystemConfigV2"
"","513","UpdateFranchise - bank_name is null","API_Regression_Suite","2026-03-25","passed","2026-03-25","autochek_api_negative.UserService.UserServiceNegative","Autochek_API_Automation","autochek_api_negative.UserService.UserServiceNegative","UpdateFranchise"
"","752","CreateFranchise - name is too long","API_Regression_Suite","2026-03-25","passed","2026-03-25","autochek_api_negative.UserService.UserServiceNegative","Autochek_API_Automation","autochek_api_negative.UserService.UserServiceNegative","CreateFranchise"
"Submit Loan Customer Preferences","492","SubmitLoanPreferencesNegative - dealDiscount blank","API_Regression_Suite","2026-03-25","passed","2026-03-25","autochek_api_negative.OfferSimulation.OfferSimulationNegative","Autochek_API_Automation","autochek_api_negative.OfferSimulation.OfferSimulationNegative","SubmitLoanPreferencesNegative"
"","483","UpdateFranchise - account_name too short","API_Regression_Suite","2026-03-25","passed","2026-03-25","autochek_api_negative.UserService.UserServiceNegative","Autochek_API_Automation","autochek_api_negative.UserService.UserServiceNegative","UpdateFranchise"
"Submit Loan Customer Preferences","483","SubmitLoanPreferencesNegative - term blank","API_Regression_Suite","2026-03-25","failed","2026-03-25","autochek_api_negative.OfferSimulation.OfferSimulationNegative","Autochek_API_Automation","autochek_api_negative.OfferSimulation.OfferSimulationNegative","SubmitLoanPreferencesNegative"
"Validates GET /v1/inventory/body_type with dynamic parameters - Negative Test","477","GetBodyTypeNegative - Use semicolon instead of comma for separation","API_Regression_Suite","2026-03-25","passed","2026-03-25","autochek_api_negative.InventoryService.DynamicResponseNegative","Autochek_API_Automation","autochek_api_negative.InventoryService.DynamicResponseNegative","GetBodyTypeNegative"
"Negative test for Create System Config V2","0","PostSystemConfigV2 - MAX_LENGTH less than MIN_LENGTH","API_Regression_Suite","2026-03-25","skipped","2026-03-25","autochek_api_negative.UserService.UserServiceV2Negative","Autochek_API_Automation","autochek_api_negative.UserService.UserServiceV2Negative","PostSystemConfigV2"
"","482","UpdateFranchise - onboarding_source too long (>255 chars)","API_Regression_Suite","2026-03-25","passed","2026-03-25","autochek_api_negative.UserService.UserServiceNegative","Autochek_API_Automation","autochek_api_negative.UserService.UserServiceNegative","UpdateFranchise"
"","0","GetMeV2Negative - Send SQL injection string as token","API_Regression_Suite","2026-03-25","skipped","2026-03-25","autochek_api_negative.UserService.UserServiceV2Negative","Autochek_API_Automation","autochek_api_negative.UserService.UserServiceV2Negative","GetMeV2Negative"
"Validates GET /v1/inspection with dynamic parameters - Negative Test","1210","GetInspectionNegative - Pass excluded field that doesn't exist","API_Regression_Suite","2026-03-25","passed","2026-03-25","autochek_api_negative.InventoryService.DynamicResponseNegative","Autochek_API_Automation","autochek_api_negative.InventoryService.DynamicResponseNegative","GetInspectionNegative"
"Verify that an expired token is rejected","416","LoginWithStaticTokenNegative","API_Regression_Suite","2026-03-25","passed","2026-03-25","autochek_api_negative.OfferSimulation.OfferSimulationNegative","Autochek_API_Automation","autochek_api_negative.OfferSimulation.OfferSimulationNegative","LoginWithStaticTokenNegative"
"Validates GET /v1/inventory/model with dynamic parameters - Positive Test","456","GetModelList - Pass only whitespace in fields","API_Regression_Suite","2026-03-25","passed","2026-03-25","autochek_api_positive.InventoryService.DynamicResponsePositive","Autochek_API_Automation","autochek_api_positive.InventoryService.DynamicResponsePositive","GetModelList"
"Validates GET /v2/origination/offers with dynamic parameters - Positive Test","498","GetOffersListNegative - page_size is negative","API_Regression_Suite","2026-03-25","passed","2026-03-25","autochek_api_negative.OriginationService.ResponsePayloadReductionV2APIsNegative","Autochek_API_Automation","autochek_api_negative.OriginationService.ResponsePayloadReductionV2APIsNegative","GetOffersListNegative"
"Get TyreSpecs Details by Car ID","1779","GetTyreSpecs - car_id special characters only","API_Regression_Suite","2026-03-25","passed","2026-03-25","autochek_api_negative.DetachTyresSpecification.DetachTyresSpecificationNegative","Autochek_API_Automation","autochek_api_negative.DetachTyresSpecification.DetachTyresSpecificationNegative","GetTyreSpecs"
"","986","UpdateFranchise - account_name with newline","API_Regression_Suite","2026-03-25","passed","2026-03-25","autochek_api_negative.UserService.UserServiceNegative","Autochek_API_Automation","autochek_api_negative.UserService.UserServiceNegative","UpdateFranchise"
"Validates GET /v1/origination/offers/{offer_Id}/loan-document with dynamic parameters - Negative Test","543","GetLoanDocumentsByOfferIdNegative - offer_id with very long string (300 chars)","API_Regression_Suite","2026-03-25","passed","2026-03-25","autochek_api_negative.OriginationService.ResponsePayloadReductionV2APIsNegative","Autochek_API_Automation","autochek_api_negative.OriginationService.ResponsePayloadReductionV2APIsNegative","GetLoanDocumentsByOfferIdNegative"
"","0","PostUserSignUpV2Negative - Country is null","API_Regression_Suite","2026-03-25","skipped","2026-03-25","autochek_api_negative.UserService.UserServiceV2Negative","Autochek_API_Automation","autochek_api_negative.UserService.UserServiceV2Negative","PostUserSignUpV2Negative"
"Update System Config dynamically for PASSWORD_POLICY or USER_SESSION","0","PatchSystemConfigV2 - DISALLOW_WHITESPACES special characters","API_Regression_Suite","2026-03-25","skipped","2026-03-25","autochek_api_negative.UserService.UserServiceV2Negative","Autochek_API_Automation","autochek_api_negative.UserService.UserServiceV2Negative","PatchSystemConfigV2"
"Fetching loan by ID","525","GetLoanByIdNegative - loan_id with very long string","API_Regression_Suite","2026-03-25","passed","2026-03-25","autochek_api_negative.OriginationService.ResponsePayloadReductionV2APIsNegative","Autochek_API_Automation","autochek_api_negative.OriginationService.ResponsePayloadReductionV2APIsNegative","GetLoanByIdNegative"
"Update Car and Validate Response","571","PutUpdateCar - city as null","API_Regression_Suite","2026-03-25","passed","2026-03-25","autochek_api_negative.DetachTyresSpecification.DetachTyresSpecificationNegative","Autochek_API_Automation","autochek_api_negative.DetachTyresSpecification.DetachTyresSpecificationNegative","PutUpdateCar"
"Submit Loan Customer Preferences","60549","SubmitLoanPreferencesNegative - term null","API_Regression_Suite","2026-03-25","passed","2026-03-25","autochek_api_negative.OfferSimulation.OfferSimulationNegative","Autochek_API_Automation","autochek_api_negative.OfferSimulation.OfferSimulationNegative","SubmitLoanPreferencesNegative"
"Validates GET /v1/inspection with dynamic parameters - Negative Test","736","GetInspectionNegative - Pass SQL injection-like pattern in fields","API_Regression_Suite","2026-03-25","passed","2026-03-25","autochek_api_negative.InventoryService.DynamicResponseNegative","Autochek_API_Automation","autochek_api_negative.InventoryService.DynamicResponseNegative","GetInspectionNegative"
"","484","UpdateFranchise - zip_code contains letters","API_Regression_Suite","2026-03-25","passed","2026-03-25","autochek_api_negative.UserService.UserServiceNegative","Autochek_API_Automation","autochek_api_negative.UserService.UserServiceNegative","UpdateFranchise"
"Validates GET /v2/origination/loans with dynamic parameters - Negative Test","526","GetLoansListNegative - page_size is negative","API_Regression_Suite","2026-03-25","passed","2026-03-25","autochek_api_negative.OriginationService.ResponsePayloadReductionV2APIsNegative","Autochek_API_Automation","autochek_api_negative.OriginationService.ResponsePayloadReductionV2APIsNegative","GetLoansListNegative"
"Fetching loan by ID","500","GetLoanByIdNegative - Send loan_id as empty string","API_Regression_Suite","2026-03-25","passed","2026-03-25","autochek_api_negative.OriginationService.ResponsePayloadReductionV2APIsNegative","Autochek_API_Automation","autochek_api_negative.OriginationService.ResponsePayloadReductionV2APIsNegative","GetLoanByIdNegative"
"","951","CreateFranchise - name is too short","API_Regression_Suite","2026-03-25","passed","2026-03-25","autochek_api_negative.UserService.UserServiceNegative","Autochek_API_Automation","autochek_api_negative.UserService.UserServiceNegative","CreateFranchise"
"Get Offer Details by LoanID","533","GetOffersByLoanIdNegative - loan_id in base64 encoded format","API_Regression_Suite","2026-03-25","passed","2026-03-25","autochek_api_negative.OriginationService.ResponsePayloadReductionV2APIsNegative","Autochek_API_Automation","autochek_api_negative.OriginationService.ResponsePayloadReductionV2APIsNegative","GetOffersByLoanIdNegative"
"","478","UpdateFranchise - display_address is empty","API_Regression_Suite","2026-03-25","passed","2026-03-25","autochek_api_negative.UserService.UserServiceNegative","Autochek_API_Automation","autochek_api_negative.UserService.UserServiceNegative","UpdateFranchise"
"Create Inspection for the carID generated in Car Creation","696","PostCreateInspection - Too long car_id","API_Regression_Suite","2026-03-25","passed","2026-03-25","autochek_api_negative.DetachTyresSpecification.DetachTyresSpecificationNegative","Autochek_API_Automation","autochek_api_negative.DetachTyresSpecification.DetachTyresSpecificationNegative","PostCreateInspection"
"","1899","CreateFranchise - name contains script tag (xss)","API_Regression_Suite","2026-03-25","passed","2026-03-25","autochek_api_negative.UserService.UserServiceNegative","Autochek_API_Automation","autochek_api_negative.UserService.UserServiceNegative","CreateFranchise"
"","759","CreateFranchise - address is empty","API_Regression_Suite","2026-03-25","passed","2026-03-25","autochek_api_negative.UserService.UserServiceNegative","Autochek_API_Automation","autochek_api_negative.UserService.UserServiceNegative","CreateFranchise"
"Submit Loan Customer Preferences","439","SubmitLoanPreferencesNegative - equityContribution spaces only","API_Regression_Suite","2026-03-25","failed","2026-03-25","autochek_api_negative.OfferSimulation.OfferSimulationNegative","Autochek_API_Automation","autochek_api_negative.OfferSimulation.OfferSimulationNegative","SubmitLoanPreferencesNegative"
"Delete USER_SESSION and PASSWORD_POLICY using stored IDs","1","deleteSystemConfigs - Delete with invalid ID (non-existing numeric ID)","API_Regression_Suite","2026-03-25","skipped","2026-03-25","autochek_api_negative.UserService.UserServiceV2Negative","Autochek_API_Automation","autochek_api_negative.UserService.UserServiceV2Negative","deleteSystemConfigs"
"Create Car and Validate Response","1999","CreateCar - Verify car creation with tyre_code = TY001 and is_draft = false","API_Regression_Suite","2026-03-25","broken","2026-03-25","autochek_api_positive.DetachTyreSpecification.DetachTyreSpecificationPositive","Autochek_API_Automation","autochek_api_positive.DetachTyreSpecification.DetachTyreSpecificationPositive","CreateCar"
"Validates GET /v1/inventory/make with dynamic fields filtering - Positive Test","470","GetMake - Verify response returns only id, imageUrl fields (exclude name)","API_Regression_Suite","2026-03-25","passed","2026-03-25","autochek_api_positive.InventoryService.DynamicResponsePositive","Autochek_API_Automation","autochek_api_positive.InventoryService.DynamicResponsePositive","GetMake"
"","0","GetMeV2Negative - Send invalid (tampered) access token","API_Regression_Suite","2026-03-25","skipped","2026-03-25","autochek_api_negative.UserService.UserServiceV2Negative","Autochek_API_Automation","autochek_api_negative.UserService.UserServiceV2Negative","GetMeV2Negative"
"Create Inspection for the carID generated in Car Creation","582","PostCreateInspection - String instead of boolean","API_Regression_Suite","2026-03-25","passed","2026-03-25","autochek_api_negative.DetachTyresSpecification.DetachTyresSpecificationNegative","Autochek_API_Automation","autochek_api_negative.DetachTyresSpecification.DetachTyresSpecificationNegative","PostCreateInspection"
"","871","CreateFranchise - bank_name as boolean","API_Regression_Suite","2026-03-25","passed","2026-03-25","autochek_api_negative.UserService.UserServiceNegative","Autochek_API_Automation","autochek_api_negative.UserService.UserServiceNegative","CreateFranchise"
"","0","PostLogoutAllAdminNegative - userId as boolean false","API_Regression_Suite","2026-03-25","skipped","2026-03-25","autochek_api_negative.UserService.UserServiceV2Negative","Autochek_API_Automation","autochek_api_negative.UserService.UserServiceV2Negative","PostLogoutAllAdminNegative"
"Validates GET /v2/origination/loans/{loan_id}/accepted-offer - Negative Test","1207","GetAcceptedOfferByLoanIdNegative - offer_id in base64 encoded format","API_Regression_Suite","2026-03-25","passed","2026-03-25","autochek_api_negative.OriginationService.ResponsePayloadReductionV2APIsNegative","Autochek_API_Automation","autochek_api_negative.OriginationService.ResponsePayloadReductionV2APIsNegative","GetAcceptedOfferByLoanIdNegative"
"Submit Loan Customer Preferences","443","SubmitLoanPreferencesNegative - monthlyPayment special characters","API_Regression_Suite","2026-03-25","failed","2026-03-25","autochek_api_negative.OfferSimulation.OfferSimulationNegative","Autochek_API_Automation","autochek_api_negative.OfferSimulation.OfferSimulationNegative","SubmitLoanPreferencesNegative"
"Validates GET /v1/inventory/model with dynamic parameters - Negative Test","449","GetModelListNegative - Pass duplicate relation","API_Regression_Suite","2026-03-25","passed","2026-03-25","autochek_api_negative.InventoryService.DynamicResponseNegative","Autochek_API_Automation","autochek_api_negative.InventoryService.DynamicResponseNegative","GetModelListNegative"
"","798","CreateFranchise - city ID is a special character","API_Regression_Suite","2026-03-25","passed","2026-03-25","autochek_api_negative.UserService.UserServiceNegative","Autochek_API_Automation","autochek_api_negative.UserService.UserServiceNegative","CreateFranchise"
"","0","PostUserSignUpV2Negative - Country contains numeric value","API_Regression_Suite","2026-03-25","skipped","2026-03-25","autochek_api_negative.UserService.UserServiceV2Negative","Autochek_API_Automation","autochek_api_negative.UserService.UserServiceV2Negative","PostUserSignUpV2Negative"
"","758","CreateFranchise - house_no is boolean true","API_Regression_Suite","2026-03-25","passed","2026-03-25","autochek_api_negative.UserService.UserServiceNegative","Autochek_API_Automation","autochek_api_negative.UserService.UserServiceNegative","CreateFranchise"
"Validates GET /v1/inventory/obds with dynamic parameters - Negative Test","1585","GetObdsNegative - Use mixed exclusions and valid fields","API_Regression_Suite","2026-03-25","passed","2026-03-25","autochek_api_negative.InventoryService.DynamicResponseNegative","Autochek_API_Automation","autochek_api_negative.InventoryService.DynamicResponseNegative","GetObdsNegative"
"Create Inspection for the carID generated in Car Creation","724","PostCreateInspection - Alphabets only","API_Regression_Suite","2026-03-25","passed","2026-03-25","autochek_api_negative.DetachTyresSpecification.DetachTyresSpecificationNegative","Autochek_API_Automation","autochek_api_negative.DetachTyresSpecification.DetachTyresSpecificationNegative","PostCreateInspection"
"Submit Loan Customer Preferences","885","SubmitLoanPreferencesNegative - upfrontTyres string instead of boolean","API_Regression_Suite","2026-03-25","passed","2026-03-25","autochek_api_negative.OfferSimulation.OfferSimulationNegative","Autochek_API_Automation","autochek_api_negative.OfferSimulation.OfferSimulationNegative","SubmitLoanPreferencesNegative"
"Submit Loan Customer Preferences","4998","SubmitLoanPreferencesNegative - Interest Rate below allowed range","API_Regression_Suite","2026-03-25","passed","2026-03-25","autochek_api_negative.OfferSimulation.OfferSimulationNegative","Autochek_API_Automation","autochek_api_negative.OfferSimulation.OfferSimulationNegative","SubmitLoanPreferencesNegative"
"Validates GET /v1/inventory/model with dynamic parameters - Positive Test","440","GetModelList - Validate response contains only top-level fields id,name without relations","API_Regression_Suite","2026-03-25","passed","2026-03-25","autochek_api_positive.InventoryService.DynamicResponsePositive","Autochek_API_Automation","autochek_api_positive.InventoryService.DynamicResponsePositive","GetModelList"
"","7382","UpdatePasswordShouldLogoutAllSessions","API_Regression_Suite","2026-03-25","passed","2026-03-25","autochek_api_positive.UserService.UserServiceV2","Autochek_API_Automation","autochek_api_positive.UserService.UserServiceV2","UpdatePasswordShouldLogoutAllSessions"
"","470","UpdateFranchise - account_name as number","API_Regression_Suite","2026-03-25","passed","2026-03-25","autochek_api_negative.UserService.UserServiceNegative","Autochek_API_Automation","autochek_api_negative.UserService.UserServiceNegative","UpdateFranchise"
"","0","PostUserSignUpV2Negative - Password is null","API_Regression_Suite","2026-03-25","skipped","2026-03-25","autochek_api_negative.UserService.UserServiceV2Negative","Autochek_API_Automation","autochek_api_negative.UserService.UserServiceV2Negative","PostUserSignUpV2Negative"
"Validates GET /v2/origination/sources with dynamic parameters - Positive Test","1818","GetSourcesList - valid request where page_size is at a boundary value (10)","API_Regression_Suite","2026-03-25","passed","2026-03-25","autochek_api_positive.OriginationService.ResponsePayloadReductionV2APIs","Autochek_API_Automation","autochek_api_positive.OriginationService.ResponsePayloadReductionV2APIs","GetSourcesList"
"Delete USER_SESSION and PASSWORD_POLICY using stored IDs","0","deleteSystemConfigs - Delete with null ID","API_Regression_Suite","2026-03-25","skipped","2026-03-25","autochek_api_negative.UserService.UserServiceV2Negative","Autochek_API_Automation","autochek_api_negative.UserService.UserServiceV2Negative","deleteSystemConfigs"
"","481","submitLoanPreference - Requested Warranty Plan2","API_Regression_Suite","2026-03-25","passed","2026-03-25","autochek_api_positive.OfferSimulation.OfferSimulationPositive","Autochek_API_Automation","autochek_api_positive.OfferSimulation.OfferSimulationPositive","submitLoanPreference"
"Submit Loan Customer Preferences","11095","SubmitLoanPreferencesNegative - requestedWarrantyPlan special characters","API_Regression_Suite","2026-03-25","passed","2026-03-25","autochek_api_negative.OfferSimulation.OfferSimulationNegative","Autochek_API_Automation","autochek_api_negative.OfferSimulation.OfferSimulationNegative","SubmitLoanPreferencesNegative"
"Update System Config dynamically for PASSWORD_POLICY or USER_SESSION","1","PatchSystemConfigV2 - MIN_LENGTH zero","API_Regression_Suite","2026-03-25","skipped","2026-03-25","autochek_api_negative.UserService.UserServiceV2Negative","Autochek_API_Automation","autochek_api_negative.UserService.UserServiceV2Negative","PatchSystemConfigV2"
"Validates GET /v1/inventory/model with dynamic parameters - Negative Test","493","GetModelListNegative - Pass special chars in relation","API_Regression_Suite","2026-03-25","passed","2026-03-25","autochek_api_negative.InventoryService.DynamicResponseNegative","Autochek_API_Automation","autochek_api_negative.InventoryService.DynamicResponseNegative","GetModelListNegative"
"Submit Loan Customer Preferences","4027","SubmitLoanPreferencesNegative - Residual Percentage invalid value (out of range)","API_Regression_Suite","2026-03-25","passed","2026-03-25","autochek_api_negative.OfferSimulation.OfferSimulationNegative","Autochek_API_Automation","autochek_api_negative.OfferSimulation.OfferSimulationNegative","SubmitLoanPreferencesNegative"
"Update Car and Validate Response","895","PutUpdateCar - license_plate as SQL injection","API_Regression_Suite","2026-03-25","passed","2026-03-25","autochek_api_negative.DetachTyresSpecification.DetachTyresSpecificationNegative","Autochek_API_Automation","autochek_api_negative.DetachTyresSpecification.DetachTyresSpecificationNegative","PutUpdateCar"
"Accept Simulation Offer","457","AcceptOfferNegative - Send loan_id as numeric only","API_Regression_Suite","2026-03-25","passed","2026-03-25","autochek_api_negative.OfferSimulation.OfferSimulationNegative","Autochek_API_Automation","autochek_api_negative.OfferSimulation.OfferSimulationNegative","AcceptOfferNegative"
"Validates GET /v2/origination/sources with dynamic parameters - Negative Test","3508","GetSourcesListNegative - country is one character","API_Regression_Suite","2026-03-25","passed","2026-03-25","autochek_api_negative.OriginationService.ResponsePayloadReductionV2APIsNegative","Autochek_API_Automation","autochek_api_negative.OriginationService.ResponsePayloadReductionV2APIsNegative","GetSourcesListNegative"
"Reset PASSWORD_POLICY and USER_SESSION to original stored values","0","resetSystemConfigsToOriginal","API_Regression_Suite","2026-03-25","skipped","2026-03-25","autochek_api_negative.UserService.UserServiceV2Negative","Autochek_API_Automation","autochek_api_negative.UserService.UserServiceV2Negative","resetSystemConfigsToOriginal"
"Validates GET /v1/inventory/car with dynamic parameters - Positive Test","1358","GetCarList - Validate response contains only top-level fields (id,year) without relations","API_Regression_Suite","2026-03-25","passed","2026-03-25","autochek_api_positive.InventoryService.DynamicResponsePositive","Autochek_API_Automation","autochek_api_positive.InventoryService.DynamicResponsePositive","GetCarList"
"Submit Loan Customer Preferences","4173","SubmitLoanPreferencesNegative - Tyre Brand unsupported value","API_Regression_Suite","2026-03-25","passed","2026-03-25","autochek_api_negative.OfferSimulation.OfferSimulationNegative","Autochek_API_Automation","autochek_api_negative.OfferSimulation.OfferSimulationNegative","SubmitLoanPreferencesNegative"
"","514","UpdateFranchise - owner has leading/trailing whitespaces","API_Regression_Suite","2026-03-25","passed","2026-03-25","autochek_api_negative.UserService.UserServiceNegative","Autochek_API_Automation","autochek_api_negative.UserService.UserServiceNegative","UpdateFranchise"
"Update Car and Validate Response","759","PutUpdateCar - state as empty","API_Regression_Suite","2026-03-25","passed","2026-03-25","autochek_api_negative.DetachTyresSpecification.DetachTyresSpecificationNegative","Autochek_API_Automation","autochek_api_negative.DetachTyresSpecification.DetachTyresSpecificationNegative","PutUpdateCar"
"Validates GET /v1/inventory/obds with dynamic parameters - Negative Test","455","GetObdsNegative - Pass special characters","API_Regression_Suite","2026-03-25","passed","2026-03-25","autochek_api_negative.InventoryService.DynamicResponseNegative","Autochek_API_Automation","autochek_api_negative.InventoryService.DynamicResponseNegative","GetObdsNegative"
"","473","UpdateFranchise - map_address is special characters","API_Regression_Suite","2026-03-25","passed","2026-03-25","autochek_api_negative.UserService.UserServiceNegative","Autochek_API_Automation","autochek_api_negative.UserService.UserServiceNegative","UpdateFranchise"
"Validates GET /v1/inventory/inspection_request with dynamic parameters - Negative Test","456","GetInspectionRequestNegative - Pass boolean instead of string","API_Regression_Suite","2026-03-25","passed","2026-03-25","autochek_api_negative.InventoryService.DynamicResponseNegative","Autochek_API_Automation","autochek_api_negative.InventoryService.DynamicResponseNegative","GetInspectionRequestNegative"
"","765","CreateFranchise - display_address as object","API_Regression_Suite","2026-03-25","passed","2026-03-25","autochek_api_negative.UserService.UserServiceNegative","Autochek_API_Automation","autochek_api_negative.UserService.UserServiceNegative","CreateFranchise"
"Validates GET /v1/inventory/make with dynamic fields filtering","781","GetMakeNegative - Pass array instead of comma-separated string","API_Regression_Suite","2026-03-25","passed","2026-03-25","autochek_api_negative.InventoryService.DynamicResponseNegative","Autochek_API_Automation","autochek_api_negative.InventoryService.DynamicResponseNegative","GetMakeNegative"
"Create Inspection for the carID generated in Car Creation","601","PostCreateInspection - Object instead of boolean","API_Regression_Suite","2026-03-25","passed","2026-03-25","autochek_api_negative.DetachTyresSpecification.DetachTyresSpecificationNegative","Autochek_API_Automation","autochek_api_negative.DetachTyresSpecification.DetachTyresSpecificationNegative","PostCreateInspection"
"","0","PatchUpdatePasswordV2Negative - Password length of very large length","API_Regression_Suite","2026-03-25","skipped","2026-03-25","autochek_api_negative.UserService.UserServiceV2Negative","Autochek_API_Automation","autochek_api_negative.UserService.UserServiceV2Negative","PatchUpdatePasswordV2Negative"
"Update Car and Validate Response","640","PutUpdateCar - license_plate as numeric only","API_Regression_Suite","2026-03-25","failed","2026-03-25","autochek_api_negative.DetachTyresSpecification.DetachTyresSpecificationNegative","Autochek_API_Automation","autochek_api_negative.DetachTyresSpecification.DetachTyresSpecificationNegative","PutUpdateCar"
"Get system configs after POST and store new ids + values","0","GetSystemConfigsAfterPost","API_Regression_Suite","2026-03-25","skipped","2026-03-25","autochek_api_negative.UserService.UserServiceV2Negative","Autochek_API_Automation","autochek_api_negative.UserService.UserServiceV2Negative","GetSystemConfigsAfterPost"
"","755","CreateFranchise - account_bvn array","API_Regression_Suite","2026-03-25","passed","2026-03-25","autochek_api_negative.UserService.UserServiceNegative","Autochek_API_Automation","autochek_api_negative.UserService.UserServiceNegative","CreateFranchise"
"","735","CreateFranchise - is_anchor = ""true"" (string)","API_Regression_Suite","2026-03-25","passed","2026-03-25","autochek_api_negative.UserService.UserServiceNegative","Autochek_API_Automation","autochek_api_negative.UserService.UserServiceNegative","CreateFranchise"
"","5935","CreateFranchise - account_bvn special characters","API_Regression_Suite","2026-03-25","passed","2026-03-25","autochek_api_negative.UserService.UserServiceNegative","Autochek_API_Automation","autochek_api_negative.UserService.UserServiceNegative","CreateFranchise"
"Accept Simulation Offer","470","AcceptOfferNegative - loan_id with valid format plus special characters","API_Regression_Suite","2026-03-25","passed","2026-03-25","autochek_api_negative.OfferSimulation.OfferSimulationNegative","Autochek_API_Automation","autochek_api_negative.OfferSimulation.OfferSimulationNegative","AcceptOfferNegative"
"Update Car and Validate Response","2727","PutUpdateCar - created_by as null","API_Regression_Suite","2026-03-25","passed","2026-03-25","autochek_api_negative.DetachTyresSpecification.DetachTyresSpecificationNegative","Autochek_API_Automation","autochek_api_negative.DetachTyresSpecification.DetachTyresSpecificationNegative","PutUpdateCar"
"","448","submitLoanPreference - Tyre Quantity 4","API_Regression_Suite","2026-03-25","passed","2026-03-25","autochek_api_positive.OfferSimulation.OfferSimulationPositive","Autochek_API_Automation","autochek_api_positive.OfferSimulation.OfferSimulationPositive","submitLoanPreference"
"","697","CreateFranchise - onboarding_source is boolean true","API_Regression_Suite","2026-03-25","passed","2026-03-25","autochek_api_negative.UserService.UserServiceNegative","Autochek_API_Automation","autochek_api_negative.UserService.UserServiceNegative","CreateFranchise"
"Submit Loan Customer Preferences","4636","SubmitLoanPreferencesNegative - requestedWarrantyPlan too long string","API_Regression_Suite","2026-03-25","passed","2026-03-25","autochek_api_negative.OfferSimulation.OfferSimulationNegative","Autochek_API_Automation","autochek_api_negative.OfferSimulation.OfferSimulationNegative","SubmitLoanPreferencesNegative"
"","477","UpdateFranchise - latitude = whitespace","API_Regression_Suite","2026-03-25","passed","2026-03-25","autochek_api_negative.UserService.UserServiceNegative","Autochek_API_Automation","autochek_api_negative.UserService.UserServiceNegative","UpdateFranchise"
"Update Car and Validate Response","656","PutUpdateCar - is_upgraded as string instead of boolean","API_Regression_Suite","2026-03-25","passed","2026-03-25","autochek_api_negative.DetachTyresSpecification.DetachTyresSpecificationNegative","Autochek_API_Automation","autochek_api_negative.DetachTyresSpecification.DetachTyresSpecificationNegative","PutUpdateCar"
"","0","PostEnableUserV2Negative - Send SQL injection string as token","API_Regression_Suite","2026-03-25","skipped","2026-03-25","autochek_api_negative.UserService.UserServiceV2Negative","Autochek_API_Automation","autochek_api_negative.UserService.UserServiceV2Negative","PostEnableUserV2Negative"
"","523","UpdateFranchise - onboarding_source is array","API_Regression_Suite","2026-03-25","passed","2026-03-25","autochek_api_negative.UserService.UserServiceNegative","Autochek_API_Automation","autochek_api_negative.UserService.UserServiceNegative","UpdateFranchise"
"","741","CreateFranchise - account_bvn boolean","API_Regression_Suite","2026-03-25","passed","2026-03-25","autochek_api_negative.UserService.UserServiceNegative","Autochek_API_Automation","autochek_api_negative.UserService.UserServiceNegative","CreateFranchise"
"Create Inspection for the carID generated in Car Creation","531","PostCreateInspection - Too long inspection_request_summary_id","API_Regression_Suite","2026-03-25","passed","2026-03-25","autochek_api_negative.DetachTyresSpecification.DetachTyresSpecificationNegative","Autochek_API_Automation","autochek_api_negative.DetachTyresSpecification.DetachTyresSpecificationNegative","PostCreateInspection"
"Submit Loan Customer Preferences","992","SubmitLoanPreferencesNegative - vehicleDiscount symbol","API_Regression_Suite","2026-03-25","passed","2026-03-25","autochek_api_negative.OfferSimulation.OfferSimulationNegative","Autochek_API_Automation","autochek_api_negative.OfferSimulation.OfferSimulationNegative","SubmitLoanPreferencesNegative"
"Validates GET /v1/inventory/model with dynamic parameters - Negative Test","477","GetModelListNegative - Pass numeric as field","API_Regression_Suite","2026-03-25","passed","2026-03-25","autochek_api_negative.InventoryService.DynamicResponseNegative","Autochek_API_Automation","autochek_api_negative.InventoryService.DynamicResponseNegative","GetModelListNegative"
"","792","CreateFranchise - is_anchor = whitespace","API_Regression_Suite","2026-03-25","passed","2026-03-25","autochek_api_negative.UserService.UserServiceNegative","Autochek_API_Automation","autochek_api_negative.UserService.UserServiceNegative","CreateFranchise"
"Submit Loan Customer Preferences","443","SubmitLoanPreferencesNegative - upfrontCreditLifeInsurance special characters","API_Regression_Suite","2026-03-25","failed","2026-03-25","autochek_api_negative.OfferSimulation.OfferSimulationNegative","Autochek_API_Automation","autochek_api_negative.OfferSimulation.OfferSimulationNegative","SubmitLoanPreferencesNegative"
"Submit Loan Customer Preferences","432","SubmitLoanPreferencesNegative - equityContribution negative number","API_Regression_Suite","2026-03-25","failed","2026-03-25","autochek_api_negative.OfferSimulation.OfferSimulationNegative","Autochek_API_Automation","autochek_api_negative.OfferSimulation.OfferSimulationNegative","SubmitLoanPreferencesNegative"
"Update Car and Validate Response","769","PutUpdateCar - address too long (200+ chars)","API_Regression_Suite","2026-03-25","passed","2026-03-25","autochek_api_negative.DetachTyresSpecification.DetachTyresSpecificationNegative","Autochek_API_Automation","autochek_api_negative.DetachTyresSpecification.DetachTyresSpecificationNegative","PutUpdateCar"
"","482","GetFranchiseByID - random alphanumeric not in db","API_Regression_Suite","2026-03-25","passed","2026-03-25","autochek_api_negative.UserService.UserServiceNegative","Autochek_API_Automation","autochek_api_negative.UserService.UserServiceNegative","GetFranchiseByID"
"Validates GET /v1/inspection with dynamic parameters - Negative Test","484","GetInspectionNegative - Validate API fails when mixing valid and invalid relation paths","API_Regression_Suite","2026-03-25","passed","2026-03-25","autochek_api_negative.InventoryService.DynamicResponseNegative","Autochek_API_Automation","autochek_api_negative.InventoryService.DynamicResponseNegative","GetInspectionNegative"
"Submit Loan Customer Preferences","469","SubmitLoanPreferencesNegative - desiredLoanCurrency null","API_Regression_Suite","2026-03-25","failed","2026-03-25","autochek_api_negative.OfferSimulation.OfferSimulationNegative","Autochek_API_Automation","autochek_api_negative.OfferSimulation.OfferSimulationNegative","SubmitLoanPreferencesNegative"
"","500","UpdateFranchise - name is null","API_Regression_Suite","2026-03-25","passed","2026-03-25","autochek_api_negative.UserService.UserServiceNegative","Autochek_API_Automation","autochek_api_negative.UserService.UserServiceNegative","UpdateFranchise"
"","487","UpdateFranchise - city ID is empty string","API_Regression_Suite","2026-03-25","passed","2026-03-25","autochek_api_negative.UserService.UserServiceNegative","Autochek_API_Automation","autochek_api_negative.UserService.UserServiceNegative","UpdateFranchise"
"Create Inspection for the carID generated in Car Creation","807","PostCreateInspection - Too short car_id","API_Regression_Suite","2026-03-25","passed","2026-03-25","autochek_api_negative.DetachTyresSpecification.DetachTyresSpecificationNegative","Autochek_API_Automation","autochek_api_negative.DetachTyresSpecification.DetachTyresSpecificationNegative","PostCreateInspection"
"Update System Config dynamically for PASSWORD_POLICY or USER_SESSION","0","PatchSystemConfigV2 - MAX_CONCURRENT_SESSIONS array or object structure passed","API_Regression_Suite","2026-03-25","skipped","2026-03-25","autochek_api_negative.UserService.UserServiceV2Negative","Autochek_API_Automation","autochek_api_negative.UserService.UserServiceV2Negative","PatchSystemConfigV2"
"Validates GET /v2/origination/loans/{loan_id}/accepted-offer - Negative Test","1279","GetAcceptedOfferByLoanIdNegative - offer_id with very short string","API_Regression_Suite","2026-03-25","passed","2026-03-25","autochek_api_negative.OriginationService.ResponsePayloadReductionV2APIsNegative","Autochek_API_Automation","autochek_api_negative.OriginationService.ResponsePayloadReductionV2APIsNegative","GetAcceptedOfferByLoanIdNegative"
"Validates GET /v2/origination/loans/{loan_id}/logbook/booking-info - Negative Test","4299","GetBookingInfoForLogbookLoanNegative - Send loan_id as null","API_Regression_Suite","2026-03-25","passed","2026-03-25","autochek_api_negative.OriginationService.ResponsePayloadReductionV2APIsNegative","Autochek_API_Automation","autochek_api_negative.OriginationService.ResponsePayloadReductionV2APIsNegative","GetBookingInfoForLogbookLoanNegative"
"Create Car and Validate Response","1919","CreateCar - Verify car creation with latest year 2025","API_Regression_Suite","2026-03-25","broken","2026-03-25","autochek_api_positive.DetachTyreSpecification.DetachTyreSpecificationPositive","Autochek_API_Automation","autochek_api_positive.DetachTyreSpecification.DetachTyreSpecificationPositive","CreateCar"
"Update Car and Validate Response","801","PutUpdateCar - city as empty","API_Regression_Suite","2026-03-25","failed","2026-03-25","autochek_api_negative.DetachTyresSpecification.DetachTyresSpecificationNegative","Autochek_API_Automation","autochek_api_negative.DetachTyresSpecification.DetachTyresSpecificationNegative","PutUpdateCar"
"","483","UpdateFranchise - street_name is null","API_Regression_Suite","2026-03-25","passed","2026-03-25","autochek_api_negative.UserService.UserServiceNegative","Autochek_API_Automation","autochek_api_negative.UserService.UserServiceNegative","UpdateFranchise"
"Submit Loan Customer Preferences","442","SubmitLoanPreferencesNegative - interestRate extremely large value","API_Regression_Suite","2026-03-25","failed","2026-03-25","autochek_api_negative.OfferSimulation.OfferSimulationNegative","Autochek_API_Automation","autochek_api_negative.OfferSimulation.OfferSimulationNegative","SubmitLoanPreferencesNegative"
"","473","UpdateFranchise - onboarding_source is empty string","API_Regression_Suite","2026-03-25","passed","2026-03-25","autochek_api_negative.UserService.UserServiceNegative","Autochek_API_Automation","autochek_api_negative.UserService.UserServiceNegative","UpdateFranchise"
"Create Inspection for the carID generated in Car Creation","624","PostCreateInspection - SQL injection attempt","API_Regression_Suite","2026-03-25","passed","2026-03-25","autochek_api_negative.DetachTyresSpecification.DetachTyresSpecificationNegative","Autochek_API_Automation","autochek_api_negative.DetachTyresSpecification.DetachTyresSpecificationNegative","PostCreateInspection"
"Create Inspection for the carID generated in Car Creation","639","PostCreateInspection - Null id","API_Regression_Suite","2026-03-25","passed","2026-03-25","autochek_api_negative.DetachTyresSpecification.DetachTyresSpecificationNegative","Autochek_API_Automation","autochek_api_negative.DetachTyresSpecification.DetachTyresSpecificationNegative","PostCreateInspection"
"","486","UpdateFranchise - display_address as array","API_Regression_Suite","2026-03-25","passed","2026-03-25","autochek_api_negative.UserService.UserServiceNegative","Autochek_API_Automation","autochek_api_negative.UserService.UserServiceNegative","UpdateFranchise"
"Update System Config dynamically for PASSWORD_POLICY or USER_SESSION","0","PatchSystemConfigV2 - REQUIRE_NUMBER decimal value","API_Regression_Suite","2026-03-25","skipped","2026-03-25","autochek_api_negative.UserService.UserServiceV2Negative","Autochek_API_Automation","autochek_api_negative.UserService.UserServiceV2Negative","PatchSystemConfigV2"
"Fetching loan by ID","606","GetLoanByIdNegative - loan_id with only special characters","API_Regression_Suite","2026-03-25","passed","2026-03-25","autochek_api_negative.OriginationService.ResponsePayloadReductionV2APIsNegative","Autochek_API_Automation","autochek_api_negative.OriginationService.ResponsePayloadReductionV2APIsNegative","GetLoanByIdNegative"
"Update System Config dynamically for PASSWORD_POLICY or USER_SESSION","0","PatchSystemConfigV2 - REQUIRE_UPPERCASE string true instead of boolean","API_Regression_Suite","2026-03-25","skipped","2026-03-25","autochek_api_negative.UserService.UserServiceV2Negative","Autochek_API_Automation","autochek_api_negative.UserService.UserServiceV2Negative","PatchSystemConfigV2"
"Validates GET /v2/origination/loans with dynamic parameters - Negative Test","500","GetLoansListNegative - country is lowercase","API_Regression_Suite","2026-03-25","passed","2026-03-25","autochek_api_negative.OriginationService.ResponsePayloadReductionV2APIsNegative","Autochek_API_Automation","autochek_api_negative.OriginationService.ResponsePayloadReductionV2APIsNegative","GetLoansListNegative"
"Validates GET /v1/inventory/car with dynamic parameters - Negative Test","449","GetCarListNegative - Pass special characters in relations","API_Regression_Suite","2026-03-25","passed","2026-03-25","autochek_api_negative.InventoryService.DynamicResponseNegative","Autochek_API_Automation","autochek_api_negative.InventoryService.DynamicResponseNegative","GetCarListNegative"
"","0","PostLoginV2Negative - Username email with spaces","API_Regression_Suite","2026-03-25","skipped","2026-03-25","autochek_api_negative.UserService.UserServiceV2Negative","Autochek_API_Automation","autochek_api_negative.UserService.UserServiceV2Negative","PostLoginV2Negative"
"Submit Loan Customer Preferences","470","SubmitLoanPreferencesNegative - residualPercentage without % symbol","API_Regression_Suite","2026-03-25","failed","2026-03-25","autochek_api_negative.OfferSimulation.OfferSimulationNegative","Autochek_API_Automation","autochek_api_negative.OfferSimulation.OfferSimulationNegative","SubmitLoanPreferencesNegative"
"","2219","CreateFranchise - city ID is null","API_Regression_Suite","2026-03-25","passed","2026-03-25","autochek_api_negative.UserService.UserServiceNegative","Autochek_API_Automation","autochek_api_negative.UserService.UserServiceNegative","CreateFranchise"
"Update System Config dynamically for PASSWORD_POLICY or USER_SESSION","0","PatchSystemConfigV2 - MAX_CONCURRENT_SESSIONS negative number","API_Regression_Suite","2026-03-25","skipped","2026-03-25","autochek_api_negative.UserService.UserServiceV2Negative","Autochek_API_Automation","autochek_api_negative.UserService.UserServiceV2Negative","PatchSystemConfigV2"
"","443","submitLoanPreference - Upfront vehicle registration TRUE","API_Regression_Suite","2026-03-25","passed","2026-03-25","autochek_api_positive.OfferSimulation.OfferSimulationPositive","Autochek_API_Automation","autochek_api_positive.OfferSimulation.OfferSimulationPositive","submitLoanPreference"
"Validates GET /v1/inventory/car with dynamic parameters - Negative Test","1438","GetCarListNegative - Pass invalid field + relations together","API_Regression_Suite","2026-03-25","passed","2026-03-25","autochek_api_negative.InventoryService.DynamicResponseNegative","Autochek_API_Automation","autochek_api_negative.InventoryService.DynamicResponseNegative","GetCarListNegative"
"","1011","CreateFranchise - display_address as number","API_Regression_Suite","2026-03-25","passed","2026-03-25","autochek_api_negative.UserService.UserServiceNegative","Autochek_API_Automation","autochek_api_negative.UserService.UserServiceNegative","CreateFranchise"
"Negative test for Create System Config V2","0","PostSystemConfigV2 - REQUIRE_UPPERCASE object structure passed","API_Regression_Suite","2026-03-25","skipped","2026-03-25","autochek_api_negative.UserService.UserServiceV2Negative","Autochek_API_Automation","autochek_api_negative.UserService.UserServiceV2Negative","PostSystemConfigV2"
"","476","GetFranchiseByID - sql injection attempt","API_Regression_Suite","2026-03-25","failed","2026-03-25","autochek_api_negative.UserService.UserServiceNegative","Autochek_API_Automation","autochek_api_negative.UserService.UserServiceNegative","GetFranchiseByID"
"Submit Loan Customer Preferences","441","SubmitLoanPreferencesNegative - interestRateType lowercase only","API_Regression_Suite","2026-03-25","failed","2026-03-25","autochek_api_negative.OfferSimulation.OfferSimulationNegative","Autochek_API_Automation","autochek_api_negative.OfferSimulation.OfferSimulationNegative","SubmitLoanPreferencesNegative"
"","737","CreateFranchise - city too long","API_Regression_Suite","2026-03-25","passed","2026-03-25","autochek_api_negative.UserService.UserServiceNegative","Autochek_API_Automation","autochek_api_negative.UserService.UserServiceNegative","CreateFranchise"
"","462","GetFranchiseList - status is SQL injection","API_Regression_Suite","2026-03-25","passed","2026-03-25","autochek_api_negative.UserService.UserServiceNegative","Autochek_API_Automation","autochek_api_negative.UserService.UserServiceNegative","GetFranchiseList"
"","971","UpdateFranchise - address too long (256+)","API_Regression_Suite","2026-03-25","passed","2026-03-25","autochek_api_negative.UserService.UserServiceNegative","Autochek_API_Automation","autochek_api_negative.UserService.UserServiceNegative","UpdateFranchise"
"Negative test for Create System Config V2","0","PostSystemConfigV2 - REQUIRE_SPECIAL_CHAR null value","API_Regression_Suite","2026-03-25","skipped","2026-03-25","autochek_api_negative.UserService.UserServiceV2Negative","Autochek_API_Automation","autochek_api_negative.UserService.UserServiceV2Negative","PostSystemConfigV2"
"Negative test for Create System Config V2","0","PostSystemConfigV2 - REQUIRE_LOWERCASE null value","API_Regression_Suite","2026-03-25","skipped","2026-03-25","autochek_api_negative.UserService.UserServiceV2Negative","Autochek_API_Automation","autochek_api_negative.UserService.UserServiceV2Negative","PostSystemConfigV2"
"Update System Config dynamically for PASSWORD_POLICY or USER_SESSION","0","PatchSystemConfigV2 - MIN_LENGTH empty","API_Regression_Suite","2026-03-25","skipped","2026-03-25","autochek_api_negative.UserService.UserServiceV2Negative","Autochek_API_Automation","autochek_api_negative.UserService.UserServiceV2Negative","PatchSystemConfigV2"
"Update System Config dynamically for PASSWORD_POLICY or USER_SESSION","0","PatchSystemConfigV2 - REQUIRE_SPECIAL_CHAR object structure passed","API_Regression_Suite","2026-03-25","skipped","2026-03-25","autochek_api_negative.UserService.UserServiceV2Negative","Autochek_API_Automation","autochek_api_negative.UserService.UserServiceV2Negative","PatchSystemConfigV2"
"","483","UpdateFranchise - latitude = """"","API_Regression_Suite","2026-03-25","passed","2026-03-25","autochek_api_negative.UserService.UserServiceNegative","Autochek_API_Automation","autochek_api_negative.UserService.UserServiceNegative","UpdateFranchise"
"Submit Loan Customer Preferences","441","SubmitLoanPreferencesNegative - upfrontMaintenancePlan JSON object instead of boolean","API_Regression_Suite","2026-03-25","failed","2026-03-25","autochek_api_negative.OfferSimulation.OfferSimulationNegative","Autochek_API_Automation","autochek_api_negative.OfferSimulation.OfferSimulationNegative","SubmitLoanPreferencesNegative"
"Negative test for Create System Config V2","0","PostSystemConfigV2 - REQUIRE_LOWERCASE empty value","API_Regression_Suite","2026-03-25","skipped","2026-03-25","autochek_api_negative.UserService.UserServiceV2Negative","Autochek_API_Automation","autochek_api_negative.UserService.UserServiceV2Negative","PostSystemConfigV2"
"Submit Loan Customer Preferences","61045","SubmitLoanPreferencesNegative - upfrontWarranty null","API_Regression_Suite","2026-03-25","passed","2026-03-25","autochek_api_negative.OfferSimulation.OfferSimulationNegative","Autochek_API_Automation","autochek_api_negative.OfferSimulation.OfferSimulationNegative","SubmitLoanPreferencesNegative"
"","1","PostRefreshV2Negative - XSS payload in cookie","API_Regression_Suite","2026-03-25","skipped","2026-03-25","autochek_api_negative.UserService.UserServiceV2Negative","Autochek_API_Automation","autochek_api_negative.UserService.UserServiceV2Negative","PostRefreshV2Negative"
"","467","UpdateFranchise - email with html tag","API_Regression_Suite","2026-03-25","passed","2026-03-25","autochek_api_negative.UserService.UserServiceNegative","Autochek_API_Automation","autochek_api_negative.UserService.UserServiceNegative","UpdateFranchise"
"Validates GET /v1/inspection with dynamic parameters - Negative Test","733","GetInspectionNegative - Pass valid field + excluded valid field together","API_Regression_Suite","2026-03-25","passed","2026-03-25","autochek_api_negative.InventoryService.DynamicResponseNegative","Autochek_API_Automation","autochek_api_negative.InventoryService.DynamicResponseNegative","GetInspectionNegative"
"Submit Loan Customer Preferences","470","SubmitLoanPreferencesNegative - interestRate alphanumeric mix","API_Regression_Suite","2026-03-25","failed","2026-03-25","autochek_api_negative.OfferSimulation.OfferSimulationNegative","Autochek_API_Automation","autochek_api_negative.OfferSimulation.OfferSimulationNegative","SubmitLoanPreferencesNegative"
"","495","UpdateFranchise - account_name with html tag (xss)","API_Regression_Suite","2026-03-25","passed","2026-03-25","autochek_api_negative.UserService.UserServiceNegative","Autochek_API_Automation","autochek_api_negative.UserService.UserServiceNegative","UpdateFranchise"
"Update System Config dynamically for PASSWORD_POLICY or USER_SESSION","0","PatchSystemConfigV2 - MAX_CONCURRENT_SESSIONS zero value","API_Regression_Suite","2026-03-25","skipped","2026-03-25","autochek_api_negative.UserService.UserServiceV2Negative","Autochek_API_Automation","autochek_api_negative.UserService.UserServiceV2Negative","PatchSystemConfigV2"
"","1","PostRefreshV2Negative - Send empty refresh token cookie","API_Regression_Suite","2026-03-25","skipped","2026-03-25","autochek_api_negative.UserService.UserServiceV2Negative","Autochek_API_Automation","autochek_api_negative.UserService.UserServiceV2Negative","PostRefreshV2Negative"
"Fetching loan by ID","518","GetLoanByIdNegative - Send loan_id as random alphanumeric invalid format","API_Regression_Suite","2026-03-25","passed","2026-03-25","autochek_api_negative.OriginationService.ResponsePayloadReductionV2APIsNegative","Autochek_API_Automation","autochek_api_negative.OriginationService.ResponsePayloadReductionV2APIsNegative","GetLoanByIdNegative"
"Negative test for Create System Config V2","0","PostSystemConfigV2 - REQUIRE_NUMBER array structure passed","API_Regression_Suite","2026-03-25","skipped","2026-03-25","autochek_api_negative.UserService.UserServiceV2Negative","Autochek_API_Automation","autochek_api_negative.UserService.UserServiceV2Negative","PostSystemConfigV2"
"","0","PostEnableUserV2Negative - Send null userId","API_Regression_Suite","2026-03-25","skipped","2026-03-25","autochek_api_negative.UserService.UserServiceV2Negative","Autochek_API_Automation","autochek_api_negative.UserService.UserServiceV2Negative","PostEnableUserV2Negative"
"","0","PostUserSignUpV2Negative - PhoneNumber is too long","API_Regression_Suite","2026-03-25","skipped","2026-03-25","autochek_api_negative.UserService.UserServiceV2Negative","Autochek_API_Automation","autochek_api_negative.UserService.UserServiceV2Negative","PostUserSignUpV2Negative"
"Validates GET /v2/origination/loans/{loan_id}/logbook/car-details - Negative Test","558","GetLogbookCarDetailsByLoanIdNegative - HTML tag injection","API_Regression_Suite","2026-03-25","passed","2026-03-25","autochek_api_negative.OriginationService.ResponsePayloadReductionV2APIsNegative","Autochek_API_Automation","autochek_api_negative.OriginationService.ResponsePayloadReductionV2APIsNegative","GetLogbookCarDetailsByLoanIdNegative"
"Accept Simulation Offer","470","AcceptOfferNegative - HTML tag injection","API_Regression_Suite","2026-03-25","passed","2026-03-25","autochek_api_negative.OfferSimulation.OfferSimulationNegative","Autochek_API_Automation","autochek_api_negative.OfferSimulation.OfferSimulationNegative","AcceptOfferNegative"
"","771","CreateFranchise - zip_code is empty string","API_Regression_Suite","2026-03-25","passed","2026-03-25","autochek_api_negative.UserService.UserServiceNegative","Autochek_API_Automation","autochek_api_negative.UserService.UserServiceNegative","CreateFranchise"
"","0","PostLookUpV2Negative - Send expired or invalid access token","API_Regression_Suite","2026-03-25","skipped","2026-03-25","autochek_api_negative.UserService.UserServiceV2Negative","Autochek_API_Automation","autochek_api_negative.UserService.UserServiceV2Negative","PostLookUpV2Negative"
"Validates GET /v1/inventory/model with dynamic parameters - Negative Test","433","GetModelListNegative - Pass unrelated entity field","API_Regression_Suite","2026-03-25","passed","2026-03-25","autochek_api_negative.InventoryService.DynamicResponseNegative","Autochek_API_Automation","autochek_api_negative.InventoryService.DynamicResponseNegative","GetModelListNegative"
"Negative test for Create System Config V2","0","PostSystemConfigV2 - REQUIRE_SPECIAL_CHAR SQL injection attempt","API_Regression_Suite","2026-03-25","skipped","2026-03-25","autochek_api_negative.UserService.UserServiceV2Negative","Autochek_API_Automation","autochek_api_negative.UserService.UserServiceV2Negative","PostSystemConfigV2"
"Update Car and Validate Response","864","PutUpdateCar - address as empty","API_Regression_Suite","2026-03-25","passed","2026-03-25","autochek_api_negative.DetachTyresSpecification.DetachTyresSpecificationNegative","Autochek_API_Automation","autochek_api_negative.DetachTyresSpecification.DetachTyresSpecificationNegative","PutUpdateCar"
"","541","UpdateFranchise - display_address with symbols","API_Regression_Suite","2026-03-25","passed","2026-03-25","autochek_api_negative.UserService.UserServiceNegative","Autochek_API_Automation","autochek_api_negative.UserService.UserServiceNegative","UpdateFranchise"
"","484","UpdateFranchise - account_bvn letters","API_Regression_Suite","2026-03-25","passed","2026-03-25","autochek_api_negative.UserService.UserServiceNegative","Autochek_API_Automation","autochek_api_negative.UserService.UserServiceNegative","UpdateFranchise"
"Create Inspection for the carID generated in Car Creation","1669","PostCreateInspection - Whitespaces only","API_Regression_Suite","2026-03-25","passed","2026-03-25","autochek_api_negative.DetachTyresSpecification.DetachTyresSpecificationNegative","Autochek_API_Automation","autochek_api_negative.DetachTyresSpecification.DetachTyresSpecificationNegative","PostCreateInspection"
"Create Inspection for the carID generated in Car Creation","1029","PostCreateInspection - Script injection attempt in value","API_Regression_Suite","2026-03-25","passed","2026-03-25","autochek_api_negative.DetachTyresSpecification.DetachTyresSpecificationNegative","Autochek_API_Automation","autochek_api_negative.DetachTyresSpecification.DetachTyresSpecificationNegative","PostCreateInspection"
"Validates GET /v1/inventory/obds with dynamic parameters - Negative Test","439","GetObdsNegative - SQL injection with multiple fields","API_Regression_Suite","2026-03-25","passed","2026-03-25","autochek_api_negative.InventoryService.DynamicResponseNegative","Autochek_API_Automation","autochek_api_negative.InventoryService.DynamicResponseNegative","GetObdsNegative"
"Update Car and Validate Response","4798","PutUpdateCar - is_upgraded as empty","API_Regression_Suite","2026-03-25","passed","2026-03-25","autochek_api_negative.DetachTyresSpecification.DetachTyresSpecificationNegative","Autochek_API_Automation","autochek_api_negative.DetachTyresSpecification.DetachTyresSpecificationNegative","PutUpdateCar"
"Validates GET /v2/origination/loans with dynamic parameters - Negative Test","503","GetLoansListNegative - country is longer than 2 chars","API_Regression_Suite","2026-03-25","passed","2026-03-25","autochek_api_negative.OriginationService.ResponsePayloadReductionV2APIsNegative","Autochek_API_Automation","autochek_api_negative.OriginationService.ResponsePayloadReductionV2APIsNegative","GetLoansListNegative"
"Submit Loan Customer Preferences","1099","SubmitLoanPreferencesNegative - tyreBrand SQL injection","API_Regression_Suite","2026-03-25","passed","2026-03-25","autochek_api_negative.OfferSimulation.OfferSimulationNegative","Autochek_API_Automation","autochek_api_negative.OfferSimulation.OfferSimulationNegative","SubmitLoanPreferencesNegative"
"","763","CreateFranchise - account_name is only whitespace","API_Regression_Suite","2026-03-25","passed","2026-03-25","autochek_api_negative.UserService.UserServiceNegative","Autochek_API_Automation","autochek_api_negative.UserService.UserServiceNegative","CreateFranchise"
"","484","GetFranchiseByID - valid id in lowercase (case-sensitive mismatch)","API_Regression_Suite","2026-03-25","passed","2026-03-25","autochek_api_negative.UserService.UserServiceNegative","Autochek_API_Automation","autochek_api_negative.UserService.UserServiceNegative","GetFranchiseByID"
"Validates GET /v1/inventory/make with dynamic fields filtering - Positive Test","466","GetMake - Verify response returns only name field","API_Regression_Suite","2026-03-25","passed","2026-03-25","autochek_api_positive.InventoryService.DynamicResponsePositive","Autochek_API_Automation","autochek_api_positive.InventoryService.DynamicResponsePositive","GetMake"
"Validates GET /v1/inventory/inspection_request with dynamic parameters - Negative Test","454","GetInspectionRequestNegative - Pass multiple completely invalid fields","API_Regression_Suite","2026-03-25","passed","2026-03-25","autochek_api_negative.InventoryService.DynamicResponseNegative","Autochek_API_Automation","autochek_api_negative.InventoryService.DynamicResponseNegative","GetInspectionRequestNegative"
"","1","PostLogoutAllAdminNegative - Send SQL injection string as token","API_Regression_Suite","2026-03-25","skipped","2026-03-25","autochek_api_negative.UserService.UserServiceV2Negative","Autochek_API_Automation","autochek_api_negative.UserService.UserServiceV2Negative","PostLogoutAllAdminNegative"
"Negative test for Create System Config V2","1","PostSystemConfigV2 - Update maximum concurrent sessions to 2","API_Regression_Suite","2026-03-25","skipped","2026-03-25","autochek_api_negative.UserService.UserServiceV2Negative","Autochek_API_Automation","autochek_api_negative.UserService.UserServiceV2Negative","PostSystemConfigV2"
"Fetching loan by ID","570","GetLoanByIdNegative - SQL injection with DROP statement","API_Regression_Suite","2026-03-25","passed","2026-03-25","autochek_api_negative.OriginationService.ResponsePayloadReductionV2APIsNegative","Autochek_API_Automation","autochek_api_negative.OriginationService.ResponsePayloadReductionV2APIsNegative","GetLoanByIdNegative"
"Validates GET /v2/origination/sources with dynamic parameters - Negative Test","485","GetBanksListNegative - page_size is object","API_Regression_Suite","2026-03-25","passed","2026-03-25","autochek_api_negative.OriginationService.ResponsePayloadReductionV2APIsNegative","Autochek_API_Automation","autochek_api_negative.OriginationService.ResponsePayloadReductionV2APIsNegative","GetBanksListNegative"
"Submit Loan Customer Preferences","5549","SubmitLoanPreferencesNegative - Term not in allowed set","API_Regression_Suite","2026-03-25","passed","2026-03-25","autochek_api_negative.OfferSimulation.OfferSimulationNegative","Autochek_API_Automation","autochek_api_negative.OfferSimulation.OfferSimulationNegative","SubmitLoanPreferencesNegative"
"","485","UpdateFranchise - map_address is empty string","API_Regression_Suite","2026-03-25","passed","2026-03-25","autochek_api_negative.UserService.UserServiceNegative","Autochek_API_Automation","autochek_api_negative.UserService.UserServiceNegative","UpdateFranchise"
"Validates GET /v2/origination/loans/{loan_id}/accepted-offer - Negative Test","516","GetAcceptedOfferByLoanIdNegative - offer_id with valid format plus special characters","API_Regression_Suite","2026-03-25","passed","2026-03-25","autochek_api_negative.OriginationService.ResponsePayloadReductionV2APIsNegative","Autochek_API_Automation","autochek_api_negative.OriginationService.ResponsePayloadReductionV2APIsNegative","GetAcceptedOfferByLoanIdNegative"
"Validates GET /v1/inspection with dynamic parameters - Positive Test","732","GetInspection - Validate only id field is returned","API_Regression_Suite","2026-03-25","passed","2026-03-25","autochek_api_positive.InventoryService.DynamicResponsePositive","Autochek_API_Automation","autochek_api_positive.InventoryService.DynamicResponsePositive","GetInspection"
"Update Car and Validate Response","850","PutUpdateCar - engine_number only numbers","API_Regression_Suite","2026-03-25","passed","2026-03-25","autochek_api_negative.DetachTyresSpecification.DetachTyresSpecificationNegative","Autochek_API_Automation","autochek_api_negative.DetachTyresSpecification.DetachTyresSpecificationNegative","PutUpdateCar"
"","972","UpdateFranchise - account_name as boolean","API_Regression_Suite","2026-03-25","passed","2026-03-25","autochek_api_negative.UserService.UserServiceNegative","Autochek_API_Automation","autochek_api_negative.UserService.UserServiceNegative","UpdateFranchise"
"Get Offer Details by LoanID","17911","GetOffersByLoanId","API_Regression_Suite","2026-03-25","passed","2026-03-25","autochek_api_positive.OriginationService.ResponsePayloadReductionV2APIs","Autochek_API_Automation","autochek_api_positive.OriginationService.ResponsePayloadReductionV2APIs","GetOffersByLoanId"
"Submit Loan Customer Preferences","907","SubmitLoanPreferencesNegative - vehicleDiscount 0%","API_Regression_Suite","2026-03-25","passed","2026-03-25","autochek_api_negative.OfferSimulation.OfferSimulationNegative","Autochek_API_Automation","autochek_api_negative.OfferSimulation.OfferSimulationNegative","SubmitLoanPreferencesNegative"
"Update System Config dynamically for PASSWORD_POLICY or USER_SESSION","0","PatchSystemConfigV2 - REQUIRE_SPECIAL_CHAR zero value","API_Regression_Suite","2026-03-25","skipped","2026-03-25","autochek_api_negative.UserService.UserServiceV2Negative","Autochek_API_Automation","autochek_api_negative.UserService.UserServiceV2Negative","PatchSystemConfigV2"
"Create Inspection for the carID generated in Car Creation","915","PostCreateInspection - Empty location should be rejected","API_Regression_Suite","2026-03-25","passed","2026-03-25","autochek_api_negative.DetachTyresSpecification.DetachTyresSpecificationNegative","Autochek_API_Automation","autochek_api_negative.DetachTyresSpecification.DetachTyresSpecificationNegative","PostCreateInspection"
"Submit Loan Customer Preferences","689","SubmitLoanPreferencesNegative - includeLicenceRenewalFees blank","API_Regression_Suite","2026-03-25","passed","2026-03-25","autochek_api_negative.OfferSimulation.OfferSimulationNegative","Autochek_API_Automation","autochek_api_negative.OfferSimulation.OfferSimulationNegative","SubmitLoanPreferencesNegative"
"Get Offer Details by LoanID","534","GetOffersByLoanIdNegative - SQL injection with DROP statement","API_Regression_Suite","2026-03-25","passed","2026-03-25","autochek_api_negative.OriginationService.ResponsePayloadReductionV2APIsNegative","Autochek_API_Automation","autochek_api_negative.OriginationService.ResponsePayloadReductionV2APIsNegative","GetOffersByLoanIdNegative"
"Get the list of Tyre brands","482","GetTyreBrandsNegative - Use reserved JS/SQL word","API_Regression_Suite","2026-03-25","passed","2026-03-25","autochek_api_negative.OfferSimulation.OfferSimulationNegative","Autochek_API_Automation","autochek_api_negative.OfferSimulation.OfferSimulationNegative","GetTyreBrandsNegative"
"","778","CreateFranchise - latitude = true","API_Regression_Suite","2026-03-25","passed","2026-03-25","autochek_api_negative.UserService.UserServiceNegative","Autochek_API_Automation","autochek_api_negative.UserService.UserServiceNegative","CreateFranchise"
"","446","submitLoanPreference - Upfront Tyres TRUE","API_Regression_Suite","2026-03-25","passed","2026-03-25","autochek_api_positive.OfferSimulation.OfferSimulationPositive","Autochek_API_Automation","autochek_api_positive.OfferSimulation.OfferSimulationPositive","submitLoanPreference"
"Delete USER_SESSION and PASSWORD_POLICY using stored IDs","0","deleteSystemConfigs - Delete with SQL injection attempt","API_Regression_Suite","2026-03-25","skipped","2026-03-25","autochek_api_negative.UserService.UserServiceV2Negative","Autochek_API_Automation","autochek_api_negative.UserService.UserServiceV2Negative","deleteSystemConfigs"
"Validates GET /v2/origination/sources with dynamic parameters - Negative Test","535","GetSourcesListNegative - country is number","API_Regression_Suite","2026-03-25","passed","2026-03-25","autochek_api_negative.OriginationService.ResponsePayloadReductionV2APIsNegative","Autochek_API_Automation","autochek_api_negative.OriginationService.ResponsePayloadReductionV2APIsNegative","GetSourcesListNegative"
"","971","UpdateFranchise - display_address html tags","API_Regression_Suite","2026-03-25","passed","2026-03-25","autochek_api_negative.UserService.UserServiceNegative","Autochek_API_Automation","autochek_api_negative.UserService.UserServiceNegative","UpdateFranchise"
"","496","submitLoanPreference - Omit desiredLoanCurrency","API_Regression_Suite","2026-03-25","passed","2026-03-25","autochek_api_positive.OfferSimulation.OfferSimulationPositive","Autochek_API_Automation","autochek_api_positive.OfferSimulation.OfferSimulationPositive","submitLoanPreference"
"","758","CreateFranchise - account_name with long string","API_Regression_Suite","2026-03-25","passed","2026-03-25","autochek_api_negative.UserService.UserServiceNegative","Autochek_API_Automation","autochek_api_negative.UserService.UserServiceNegative","CreateFranchise"
"Validates GET /v1/inventory/inspection_request with dynamic parameters - Negative Test","446","GetInspectionRequestNegative - Pass a mix of valid and invalid fields","API_Regression_Suite","2026-03-25","passed","2026-03-25","autochek_api_negative.InventoryService.DynamicResponseNegative","Autochek_API_Automation","autochek_api_negative.InventoryService.DynamicResponseNegative","GetInspectionRequestNegative"
"Validates GET /v1/inventory/make with dynamic fields filtering","441","GetMakeNegative - Mix case sensitivity (upper vs lower)","API_Regression_Suite","2026-03-25","passed","2026-03-25","autochek_api_negative.InventoryService.DynamicResponseNegative","Autochek_API_Automation","autochek_api_negative.InventoryService.DynamicResponseNegative","GetMakeNegative"
"Create Car and Validate Response","1869","CreateCar - Verify car creation with valid old year 2015","API_Regression_Suite","2026-03-25","broken","2026-03-25","autochek_api_positive.DetachTyreSpecification.DetachTyreSpecificationPositive","Autochek_API_Automation","autochek_api_positive.DetachTyreSpecification.DetachTyreSpecificationPositive","CreateCar"
"","0","PostLogoutAllAdminNegative - userId as very short string","API_Regression_Suite","2026-03-25","skipped","2026-03-25","autochek_api_negative.UserService.UserServiceV2Negative","Autochek_API_Automation","autochek_api_negative.UserService.UserServiceV2Negative","PostLogoutAllAdminNegative"
"Validates GET /v1/inventory/make with dynamic fields filtering - Positive Test","466","GetMake - Verify response returns only id field","API_Regression_Suite","2026-03-25","passed","2026-03-25","autochek_api_positive.InventoryService.DynamicResponsePositive","Autochek_API_Automation","autochek_api_positive.InventoryService.DynamicResponsePositive","GetMake"
"","1","PostLoginV2Negative - Password exceeds maximum length","API_Regression_Suite","2026-03-25","skipped","2026-03-25","autochek_api_negative.UserService.UserServiceV2Negative","Autochek_API_Automation","autochek_api_negative.UserService.UserServiceV2Negative","PostLoginV2Negative"
"","749","CreateFranchise - house_no is null","API_Regression_Suite","2026-03-25","passed","2026-03-25","autochek_api_negative.UserService.UserServiceNegative","Autochek_API_Automation","autochek_api_negative.UserService.UserServiceNegative","CreateFranchise"
"","0","PatchUpdatePasswordV2Negative - Send expired or invalid access token","API_Regression_Suite","2026-03-25","skipped","2026-03-25","autochek_api_negative.UserService.UserServiceV2Negative","Autochek_API_Automation","autochek_api_negative.UserService.UserServiceV2Negative","PatchUpdatePasswordV2Negative"
"Update Car and Validate Response","521","PutUpdateCar - owner_type invalid value not in list","API_Regression_Suite","2026-03-25","passed","2026-03-25","autochek_api_negative.DetachTyresSpecification.DetachTyresSpecificationNegative","Autochek_API_Automation","autochek_api_negative.DetachTyresSpecification.DetachTyresSpecificationNegative","PutUpdateCar"
"","881","CreateFranchise - house_no is empty string","API_Regression_Suite","2026-03-25","passed","2026-03-25","autochek_api_negative.UserService.UserServiceNegative","Autochek_API_Automation","autochek_api_negative.UserService.UserServiceNegative","CreateFranchise"
"","5476","UpdateFranchise - is_anchor = ""true"" (string)","API_Regression_Suite","2026-03-25","passed","2026-03-25","autochek_api_negative.UserService.UserServiceNegative","Autochek_API_Automation","autochek_api_negative.UserService.UserServiceNegative","UpdateFranchise"
"","0","PostDisableUserV2Negative - Send XSS payload as token","API_Regression_Suite","2026-03-25","skipped","2026-03-25","autochek_api_negative.UserService.UserServiceV2Negative","Autochek_API_Automation","autochek_api_negative.UserService.UserServiceV2Negative","PostDisableUserV2Negative"
"Validates GET /v2/origination/loans/{loan_id}/logbook/booking-info - Negative Test","1182","GetBookingInfoForLogbookLoanNegative - Send loan_id as whitespace only","API_Regression_Suite","2026-03-25","passed","2026-03-25","autochek_api_negative.OriginationService.ResponsePayloadReductionV2APIsNegative","Autochek_API_Automation","autochek_api_negative.OriginationService.ResponsePayloadReductionV2APIsNegative","GetBookingInfoForLogbookLoanNegative"
"Submit Loan Customer Preferences","7028","SubmitLoanPreferencesNegative - Interest Rate Type empty string","API_Regression_Suite","2026-03-25","passed","2026-03-25","autochek_api_negative.OfferSimulation.OfferSimulationNegative","Autochek_API_Automation","autochek_api_negative.OfferSimulation.OfferSimulationNegative","SubmitLoanPreferencesNegative"
"Validates GET /v1/inventory/obds with dynamic parameters - Negative Test","700","GetObdsNegative - Pass very long string as field value","API_Regression_Suite","2026-03-25","passed","2026-03-25","autochek_api_negative.InventoryService.DynamicResponseNegative","Autochek_API_Automation","autochek_api_negative.InventoryService.DynamicResponseNegative","GetObdsNegative"
"","0","PostLogoutV2Negative - Send refresh token containing SQL injection string in cookie","API_Regression_Suite","2026-03-25","skipped","2026-03-25","autochek_api_negative.UserService.UserServiceV2Negative","Autochek_API_Automation","autochek_api_negative.UserService.UserServiceV2Negative","PostLogoutV2Negative"
"Validates GET /v1/inspection with dynamic parameters - Negative Test","716","GetInspectionNegative - Validate API fails when requesting invalid field name","API_Regression_Suite","2026-03-25","passed","2026-03-25","autochek_api_negative.InventoryService.DynamicResponseNegative","Autochek_API_Automation","autochek_api_negative.InventoryService.DynamicResponseNegative","GetInspectionNegative"
"Validates GET /v1/inventory/make with dynamic fields filtering - Positive Test","464","GetMake - Verify response returns id, name and excludes imageUrl","API_Regression_Suite","2026-03-25","passed","2026-03-25","autochek_api_positive.InventoryService.DynamicResponsePositive","Autochek_API_Automation","autochek_api_positive.InventoryService.DynamicResponsePositive","GetMake"
"Validates GET /v1/inventory/trims with dynamic parameters - Negative Test","480","GetTrimsNegative - Validate response when passing SQL injection using nested subquery","API_Regression_Suite","2026-03-25","passed","2026-03-25","autochek_api_negative.InventoryService.DynamicResponseNegative","Autochek_API_Automation","autochek_api_negative.InventoryService.DynamicResponseNegative","GetTrimsNegative"
"","753","CreateFranchise - account_name is empty string","API_Regression_Suite","2026-03-25","passed","2026-03-25","autochek_api_negative.UserService.UserServiceNegative","Autochek_API_Automation","autochek_api_negative.UserService.UserServiceNegative","CreateFranchise"
"Validates GET /v1/inventory/obds with dynamic parameters - Positive Test","513","GetObds - Validate only createdAt field is returned","API_Regression_Suite","2026-03-25","passed","2026-03-25","autochek_api_positive.InventoryService.DynamicResponsePositive","Autochek_API_Automation","autochek_api_positive.InventoryService.DynamicResponsePositive","GetObds"
"","925","PostLoginV2 - Verify user can successfully login with valid username and password","API_Regression_Suite","2026-03-25","passed","2026-03-25","autochek_api_positive.UserService.UserServiceV2","Autochek_API_Automation","autochek_api_positive.UserService.UserServiceV2","PostLoginV2"
"Create Inspection for the carID generated in Car Creation","559","PostCreateInspection - Null inspection_request_summary_id","API_Regression_Suite","2026-03-25","passed","2026-03-25","autochek_api_negative.DetachTyresSpecification.DetachTyresSpecificationNegative","Autochek_API_Automation","autochek_api_negative.DetachTyresSpecification.DetachTyresSpecificationNegative","PostCreateInspection"
"Submit Loan Customer Preferences","430","SubmitLoanPreferencesNegative - desiredLoanCurrency lowercase code","API_Regression_Suite","2026-03-25","failed","2026-03-25","autochek_api_negative.OfferSimulation.OfferSimulationNegative","Autochek_API_Automation","autochek_api_negative.OfferSimulation.OfferSimulationNegative","SubmitLoanPreferencesNegative"
"Submit Loan Customer Preferences","445","SubmitLoanPreferencesNegative - upfrontCreditLifeInsurance wrong string false","API_Regression_Suite","2026-03-25","failed","2026-03-25","autochek_api_negative.OfferSimulation.OfferSimulationNegative","Autochek_API_Automation","autochek_api_negative.OfferSimulation.OfferSimulationNegative","SubmitLoanPreferencesNegative"
"Validates GET /v1/inventory/car with dynamic parameters - Negative Test","1464","GetCarListNegative - Validate API handles when passing blank fields value","API_Regression_Suite","2026-03-25","passed","2026-03-25","autochek_api_negative.InventoryService.DynamicResponseNegative","Autochek_API_Automation","autochek_api_negative.InventoryService.DynamicResponseNegative","GetCarListNegative"
"Update Car and Validate Response","1251","PutUpdateCar - city with whitespace only","API_Regression_Suite","2026-03-25","passed","2026-03-25","autochek_api_negative.DetachTyresSpecification.DetachTyresSpecificationNegative","Autochek_API_Automation","autochek_api_negative.DetachTyresSpecification.DetachTyresSpecificationNegative","PutUpdateCar"
"Submit Loan Customer Preferences","431","SubmitLoanPreferencesNegative - upfrontMaintenancePlan blank","API_Regression_Suite","2026-03-25","failed","2026-03-25","autochek_api_negative.OfferSimulation.OfferSimulationNegative","Autochek_API_Automation","autochek_api_negative.OfferSimulation.OfferSimulationNegative","SubmitLoanPreferencesNegative"
"Validates GET /v1/inventory/body_type with dynamic parameters - Positive Test","491","GetBodyType - Validate id and name fields are returned","API_Regression_Suite","2026-03-25","passed","2026-03-25","autochek_api_positive.InventoryService.DynamicResponsePositive","Autochek_API_Automation","autochek_api_positive.InventoryService.DynamicResponsePositive","GetBodyType"
"","484","UpdateFranchise - display_address whitespace only","API_Regression_Suite","2026-03-25","passed","2026-03-25","autochek_api_negative.UserService.UserServiceNegative","Autochek_API_Automation","autochek_api_negative.UserService.UserServiceNegative","UpdateFranchise"
"","785","CreateFranchise - city with special characters","API_Regression_Suite","2026-03-25","passed","2026-03-25","autochek_api_negative.UserService.UserServiceNegative","Autochek_API_Automation","autochek_api_negative.UserService.UserServiceNegative","CreateFranchise"
"Create Car and Validate Response","1902","CreateCar - Verify car creation with mileage 10000 km","API_Regression_Suite","2026-03-25","broken","2026-03-25","autochek_api_positive.DetachTyreSpecification.DetachTyreSpecificationPositive","Autochek_API_Automation","autochek_api_positive.DetachTyreSpecification.DetachTyreSpecificationPositive","CreateCar"
"","983","UpdateFranchise - country is empty","API_Regression_Suite","2026-03-25","passed","2026-03-25","autochek_api_negative.UserService.UserServiceNegative","Autochek_API_Automation","autochek_api_negative.UserService.UserServiceNegative","UpdateFranchise"
"Submit Loan Customer Preferences","443","SubmitLoanPreferencesNegative - residualPercentage decimal value","API_Regression_Suite","2026-03-25","failed","2026-03-25","autochek_api_negative.OfferSimulation.OfferSimulationNegative","Autochek_API_Automation","autochek_api_negative.OfferSimulation.OfferSimulationNegative","SubmitLoanPreferencesNegative"
"Submit Loan Customer Preferences","476","SubmitLoanPreferencesNegative - term negative months","API_Regression_Suite","2026-03-25","passed","2026-03-25","autochek_api_negative.OfferSimulation.OfferSimulationNegative","Autochek_API_Automation","autochek_api_negative.OfferSimulation.OfferSimulationNegative","SubmitLoanPreferencesNegative"
"Submit Loan Customer Preferences","831","SubmitLoanPreferencesNegative - Upfront Warranty empty string","API_Regression_Suite","2026-03-25","passed","2026-03-25","autochek_api_negative.OfferSimulation.OfferSimulationNegative","Autochek_API_Automation","autochek_api_negative.OfferSimulation.OfferSimulationNegative","SubmitLoanPreferencesNegative"
"Validates GET /v1/inventory/body_type with dynamic parameters - Negative Test","488","GetBodyTypeNegative - Pass empty fields param","API_Regression_Suite","2026-03-25","passed","2026-03-25","autochek_api_negative.InventoryService.DynamicResponseNegative","Autochek_API_Automation","autochek_api_negative.InventoryService.DynamicResponseNegative","GetBodyTypeNegative"
"Negative test for Create System Config V2","0","PostSystemConfigV2 - MIN_LENGTH null","API_Regression_Suite","2026-03-25","skipped","2026-03-25","autochek_api_negative.UserService.UserServiceV2Negative","Autochek_API_Automation","autochek_api_negative.UserService.UserServiceV2Negative","PostSystemConfigV2"
"Submit Loan Customer Preferences","441","SubmitLoanPreferencesNegative - desiredLoanCurrency blank","API_Regression_Suite","2026-03-25","failed","2026-03-25","autochek_api_negative.OfferSimulation.OfferSimulationNegative","Autochek_API_Automation","autochek_api_negative.OfferSimulation.OfferSimulationNegative","SubmitLoanPreferencesNegative"
"","1","PostDisableUserV2Negative - Send XSS payload as userId","API_Regression_Suite","2026-03-25","skipped","2026-03-25","autochek_api_negative.UserService.UserServiceV2Negative","Autochek_API_Automation","autochek_api_negative.UserService.UserServiceV2Negative","PostDisableUserV2Negative"
"Validates GET /v1/inventory/model with dynamic parameters - Positive Test","481","GetModelList - Validate exclusion of name field while including id","API_Regression_Suite","2026-03-25","passed","2026-03-25","autochek_api_positive.InventoryService.DynamicResponsePositive","Autochek_API_Automation","autochek_api_positive.InventoryService.DynamicResponsePositive","GetModelList"
"Submit Loan Customer Preferences","482","SubmitLoanPreferencesNegative - term extremely high duration","API_Regression_Suite","2026-03-25","passed","2026-03-25","autochek_api_negative.OfferSimulation.OfferSimulationNegative","Autochek_API_Automation","autochek_api_negative.OfferSimulation.OfferSimulationNegative","SubmitLoanPreferencesNegative"
"Submit Loan Customer Preferences","438","SubmitLoanPreferencesNegative - upfrontMaintenancePlan wrong string false","API_Regression_Suite","2026-03-25","failed","2026-03-25","autochek_api_negative.OfferSimulation.OfferSimulationNegative","Autochek_API_Automation","autochek_api_negative.OfferSimulation.OfferSimulationNegative","SubmitLoanPreferencesNegative"
"Negative test for Create System Config V2","1","PostSystemConfigV2 - REQUIRE_SPECIAL_CHAR numeric instead of boolean","API_Regression_Suite","2026-03-25","skipped","2026-03-25","autochek_api_negative.UserService.UserServiceV2Negative","Autochek_API_Automation","autochek_api_negative.UserService.UserServiceV2Negative","PostSystemConfigV2"
"","0","PostEnableUserV2Negative - Omit userId field entirely","API_Regression_Suite","2026-03-25","skipped","2026-03-25","autochek_api_negative.UserService.UserServiceV2Negative","Autochek_API_Automation","autochek_api_negative.UserService.UserServiceV2Negative","PostEnableUserV2Negative"
"Validates GET /v2/origination/loans/{loan_id}/logbook/car-details - Negative Test","569","GetLogbookCarDetailsByLoanIdNegative - Send loan_id as numeric only","API_Regression_Suite","2026-03-25","passed","2026-03-25","autochek_api_negative.OriginationService.ResponsePayloadReductionV2APIsNegative","Autochek_API_Automation","autochek_api_negative.OriginationService.ResponsePayloadReductionV2APIsNegative","GetLogbookCarDetailsByLoanIdNegative"
"Submit Loan Customer Preferences","428","SubmitLoanPreferencesNegative - upfrontVehicleRegistration string instead boolean","API_Regression_Suite","2026-03-25","failed","2026-03-25","autochek_api_negative.OfferSimulation.OfferSimulationNegative","Autochek_API_Automation","autochek_api_negative.OfferSimulation.OfferSimulationNegative","SubmitLoanPreferencesNegative"
"","475","CreateFranchise - owner with tab character","API_Regression_Suite","2026-03-25","passed","2026-03-25","autochek_api_negative.UserService.UserServiceNegative","Autochek_API_Automation","autochek_api_negative.UserService.UserServiceNegative","CreateFranchise"
"","481","UpdateFranchise - account_name is empty string","API_Regression_Suite","2026-03-25","passed","2026-03-25","autochek_api_negative.UserService.UserServiceNegative","Autochek_API_Automation","autochek_api_negative.UserService.UserServiceNegative","UpdateFranchise"
"Submit Loan Customer Preferences","440","SubmitLoanPreferencesNegative - residualPercentage special characters","API_Regression_Suite","2026-03-25","failed","2026-03-25","autochek_api_negative.OfferSimulation.OfferSimulationNegative","Autochek_API_Automation","autochek_api_negative.OfferSimulation.OfferSimulationNegative","SubmitLoanPreferencesNegative"
"","0","PostLookUpV2Negative - Identifier has only domain without name","API_Regression_Suite","2026-03-25","skipped","2026-03-25","autochek_api_negative.UserService.UserServiceV2Negative","Autochek_API_Automation","autochek_api_negative.UserService.UserServiceV2Negative","PostLookUpV2Negative"
"Validates GET /v1/inspection with dynamic parameters - Negative Test","442","GetInspectionNegative - Pass special characters in relations","API_Regression_Suite","2026-03-25","passed","2026-03-25","autochek_api_negative.InventoryService.DynamicResponseNegative","Autochek_API_Automation","autochek_api_negative.InventoryService.DynamicResponseNegative","GetInspectionNegative"
"","804","CreateFranchise - city is numeric","API_Regression_Suite","2026-03-25","passed","2026-03-25","autochek_api_negative.UserService.UserServiceNegative","Autochek_API_Automation","autochek_api_negative.UserService.UserServiceNegative","CreateFranchise"
"Create Inspection for the carID generated in Car Creation","907","PostCreateInspection - Too short inspection_request_id","API_Regression_Suite","2026-03-25","passed","2026-03-25","autochek_api_negative.DetachTyresSpecification.DetachTyresSpecificationNegative","Autochek_API_Automation","autochek_api_negative.DetachTyresSpecification.DetachTyresSpecificationNegative","PostCreateInspection"
"","0","PostLookUpV2Negative - Identifier has invalid email domain","API_Regression_Suite","2026-03-25","skipped","2026-03-25","autochek_api_negative.UserService.UserServiceV2Negative","Autochek_API_Automation","autochek_api_negative.UserService.UserServiceV2Negative","PostLookUpV2Negative"
"","448","GetFranchiseList - status is boolean","API_Regression_Suite","2026-03-25","passed","2026-03-25","autochek_api_negative.UserService.UserServiceNegative","Autochek_API_Automation","autochek_api_negative.UserService.UserServiceNegative","GetFranchiseList"
"Validates GET /v2/origination/sources with dynamic parameters - Negative Test","549","GetBanksListNegative - page_size is negative","API_Regression_Suite","2026-03-25","passed","2026-03-25","autochek_api_negative.OriginationService.ResponsePayloadReductionV2APIsNegative","Autochek_API_Automation","autochek_api_negative.OriginationService.ResponsePayloadReductionV2APIsNegative","GetBanksListNegative"
"","5893","CreateFranchise - nearest_landmark too long","API_Regression_Suite","2026-03-25","passed","2026-03-25","autochek_api_negative.UserService.UserServiceNegative","Autochek_API_Automation","autochek_api_negative.UserService.UserServiceNegative","CreateFranchise"
"Create Inspection for the carID generated in Car Creation","608","PostCreateInspection - Numeric only","API_Regression_Suite","2026-03-25","passed","2026-03-25","autochek_api_negative.DetachTyresSpecification.DetachTyresSpecificationNegative","Autochek_API_Automation","autochek_api_negative.DetachTyresSpecification.DetachTyresSpecificationNegative","PostCreateInspection"
"","1693","PostLogoutV2 - Logout current session only.Other active sessions remain valid and functional.","API_Regression_Suite","2026-03-25","passed","2026-03-25","autochek_api_positive.UserService.UserServiceV2","Autochek_API_Automation","autochek_api_positive.UserService.UserServiceV2","PostLogoutV2"
"","1","PostUserSignUpV2Negative - PhoneNumber field is omitted from the request body","API_Regression_Suite","2026-03-25","skipped","2026-03-25","autochek_api_negative.UserService.UserServiceV2Negative","Autochek_API_Automation","autochek_api_negative.UserService.UserServiceV2Negative","PostUserSignUpV2Negative"
"Create Inspection for the carID generated in Car Creation","498","PostCreateInspection - location malformed + country numeric","API_Regression_Suite","2026-03-25","failed","2026-03-25","autochek_api_negative.DetachTyresSpecification.DetachTyresSpecificationNegative","Autochek_API_Automation","autochek_api_negative.DetachTyresSpecification.DetachTyresSpecificationNegative","PostCreateInspection"
"","489","UpdateFranchise - account_bvn object","API_Regression_Suite","2026-03-25","passed","2026-03-25","autochek_api_negative.UserService.UserServiceNegative","Autochek_API_Automation","autochek_api_negative.UserService.UserServiceNegative","UpdateFranchise"
"Validates GET /v1/inventory/model with dynamic parameters - Positive Test","481","GetModelList - Validate nested make with only make.imageUrl","API_Regression_Suite","2026-03-25","passed","2026-03-25","autochek_api_positive.InventoryService.DynamicResponsePositive","Autochek_API_Automation","autochek_api_positive.InventoryService.DynamicResponsePositive","GetModelList"
"Update Car and Validate Response","512","PutUpdateCar - is_upgraded as whitespace only","API_Regression_Suite","2026-03-25","passed","2026-03-25","autochek_api_negative.DetachTyresSpecification.DetachTyresSpecificationNegative","Autochek_API_Automation","autochek_api_negative.DetachTyresSpecification.DetachTyresSpecificationNegative","PutUpdateCar"
"Negative test for Create System Config V2","0","PostSystemConfigV2 - MAX_LENGTH null","API_Regression_Suite","2026-03-25","skipped","2026-03-25","autochek_api_negative.UserService.UserServiceV2Negative","Autochek_API_Automation","autochek_api_negative.UserService.UserServiceV2Negative","PostSystemConfigV2"
"","887","CreateFranchise - account_name only spaces","API_Regression_Suite","2026-03-25","passed","2026-03-25","autochek_api_negative.UserService.UserServiceNegative","Autochek_API_Automation","autochek_api_negative.UserService.UserServiceNegative","CreateFranchise"
"","700","GetFranchiseList - page_size valid, country valid, status invalid enum","API_Regression_Suite","2026-03-25","passed","2026-03-25","autochek_api_negative.UserService.UserServiceNegative","Autochek_API_Automation","autochek_api_negative.UserService.UserServiceNegative","GetFranchiseList"
"Validates GET /v1/inventory/body_type with dynamic parameters - Negative Test","472","GetBodyTypeNegative - Pass boolean instead of string","API_Regression_Suite","2026-03-25","passed","2026-03-25","autochek_api_negative.InventoryService.DynamicResponseNegative","Autochek_API_Automation","autochek_api_negative.InventoryService.DynamicResponseNegative","GetBodyTypeNegative"
"Create Inspection for the carID generated in Car Creation","490","PostCreateInspection - car_id null + country invalid","API_Regression_Suite","2026-03-25","failed","2026-03-25","autochek_api_negative.DetachTyresSpecification.DetachTyresSpecificationNegative","Autochek_API_Automation","autochek_api_negative.DetachTyresSpecification.DetachTyresSpecificationNegative","PostCreateInspection"
"Update System Config dynamically for PASSWORD_POLICY or USER_SESSION","0","PatchSystemConfigV2 - DISALLOW_WHITESPACES decimal value","API_Regression_Suite","2026-03-25","skipped","2026-03-25","autochek_api_negative.UserService.UserServiceV2Negative","Autochek_API_Automation","autochek_api_negative.UserService.UserServiceV2Negative","PatchSystemConfigV2"
"","1","PostDisableUserV2Negative - Send SQL injection string as token","API_Regression_Suite","2026-03-25","skipped","2026-03-25","autochek_api_negative.UserService.UserServiceV2Negative","Autochek_API_Automation","autochek_api_negative.UserService.UserServiceV2Negative","PostDisableUserV2Negative"
"Validates GET /v1/inventory/body_type with dynamic parameters - Negative Test","447","GetBodyTypeNegative - Use extremely long random string as field","API_Regression_Suite","2026-03-25","passed","2026-03-25","autochek_api_negative.InventoryService.DynamicResponseNegative","Autochek_API_Automation","autochek_api_negative.InventoryService.DynamicResponseNegative","GetBodyTypeNegative"
"","462","GetFranchiseList - status is empty string","API_Regression_Suite","2026-03-25","passed","2026-03-25","autochek_api_negative.UserService.UserServiceNegative","Autochek_API_Automation","autochek_api_negative.UserService.UserServiceNegative","GetFranchiseList"
"","0","PatchUpdatePasswordV2Negative - Password length less than minimum required","API_Regression_Suite","2026-03-25","skipped","2026-03-25","autochek_api_negative.UserService.UserServiceV2Negative","Autochek_API_Automation","autochek_api_negative.UserService.UserServiceV2Negative","PatchUpdatePasswordV2Negative"
"Submit Loan Customer Preferences","4718","SubmitLoanPreferencesNegative - tyreQuantity extremely large number","API_Regression_Suite","2026-03-25","passed","2026-03-25","autochek_api_negative.OfferSimulation.OfferSimulationNegative","Autochek_API_Automation","autochek_api_negative.OfferSimulation.OfferSimulationNegative","SubmitLoanPreferencesNegative"
"","527","UpdateFranchise - account_number special chars","API_Regression_Suite","2026-03-25","passed","2026-03-25","autochek_api_negative.UserService.UserServiceNegative","Autochek_API_Automation","autochek_api_negative.UserService.UserServiceNegative","UpdateFranchise"
"Negative test for Create System Config V2","0","PostSystemConfigV2 - DISALLOW_WHITESPACES object structure passed","API_Regression_Suite","2026-03-25","skipped","2026-03-25","autochek_api_negative.UserService.UserServiceV2Negative","Autochek_API_Automation","autochek_api_negative.UserService.UserServiceV2Negative","PostSystemConfigV2"
"Submit Loan Customer Preferences","1591","SubmitLoanPreferencesNegative - feePaymentMethod XSS attempt","API_Regression_Suite","2026-03-25","failed","2026-03-25","autochek_api_negative.OfferSimulation.OfferSimulationNegative","Autochek_API_Automation","autochek_api_negative.OfferSimulation.OfferSimulationNegative","SubmitLoanPreferencesNegative"
"","486","UpdateFranchise - account_bvn array","API_Regression_Suite","2026-03-25","passed","2026-03-25","autochek_api_negative.UserService.UserServiceNegative","Autochek_API_Automation","autochek_api_negative.UserService.UserServiceNegative","UpdateFranchise"
"Validates GET /v1/inspection with dynamic parameters - Negative Test","854","GetInspectionNegative - Pass whitespace in fields","API_Regression_Suite","2026-03-25","passed","2026-03-25","autochek_api_negative.InventoryService.DynamicResponseNegative","Autochek_API_Automation","autochek_api_negative.InventoryService.DynamicResponseNegative","GetInspectionNegative"
"Get Offer Details by OfferID","532","GetOffersByIdNegative - offer_id with very short string","API_Regression_Suite","2026-03-25","passed","2026-03-25","autochek_api_negative.OriginationService.ResponsePayloadReductionV2APIsNegative","Autochek_API_Automation","autochek_api_negative.OriginationService.ResponsePayloadReductionV2APIsNegative","GetOffersByIdNegative"
"","472","UpdateFranchise - country is numeric","API_Regression_Suite","2026-03-25","passed","2026-03-25","autochek_api_negative.UserService.UserServiceNegative","Autochek_API_Automation","autochek_api_negative.UserService.UserServiceNegative","UpdateFranchise"
"","474","UpdateFranchise - account_name as array","API_Regression_Suite","2026-03-25","passed","2026-03-25","autochek_api_negative.UserService.UserServiceNegative","Autochek_API_Automation","autochek_api_negative.UserService.UserServiceNegative","UpdateFranchise"
"","0","PostUserSignUpV2Negative - Country is an empty string","API_Regression_Suite","2026-03-25","skipped","2026-03-25","autochek_api_negative.UserService.UserServiceV2Negative","Autochek_API_Automation","autochek_api_negative.UserService.UserServiceV2Negative","PostUserSignUpV2Negative"
"","746","CreateFranchise - is_anchor = {}","API_Regression_Suite","2026-03-25","passed","2026-03-25","autochek_api_negative.UserService.UserServiceNegative","Autochek_API_Automation","autochek_api_negative.UserService.UserServiceNegative","CreateFranchise"
"Submit Loan Customer Preferences","3306","SubmitLoanPreferencesNegative - tyreBrand unsupported brand name","API_Regression_Suite","2026-03-25","passed","2026-03-25","autochek_api_negative.OfferSimulation.OfferSimulationNegative","Autochek_API_Automation","autochek_api_negative.OfferSimulation.OfferSimulationNegative","SubmitLoanPreferencesNegative"
"Get the list of Tyre brands","595","GetTyreBrandsNegative - Send empty string","API_Regression_Suite","2026-03-25","passed","2026-03-25","autochek_api_negative.OfferSimulation.OfferSimulationNegative","Autochek_API_Automation","autochek_api_negative.OfferSimulation.OfferSimulationNegative","GetTyreBrandsNegative"
"Validates GET /v2/origination/sources with dynamic parameters - Negative Test","534","GetBanksListNegative - country is longer than 2 chars","API_Regression_Suite","2026-03-25","passed","2026-03-25","autochek_api_negative.OriginationService.ResponsePayloadReductionV2APIsNegative","Autochek_API_Automation","autochek_api_negative.OriginationService.ResponsePayloadReductionV2APIsNegative","GetBanksListNegative"
"Submit Loan Customer Preferences","429","SubmitLoanPreferencesNegative - upfrontInsurance SQL injection attempt","API_Regression_Suite","2026-03-25","failed","2026-03-25","autochek_api_negative.OfferSimulation.OfferSimulationNegative","Autochek_API_Automation","autochek_api_negative.OfferSimulation.OfferSimulationNegative","SubmitLoanPreferencesNegative"
"Submit Loan Customer Preferences","8313","SubmitLoanPreferencesNegative - Desired Loan Currency unsupported","API_Regression_Suite","2026-03-25","passed","2026-03-25","autochek_api_negative.OfferSimulation.OfferSimulationNegative","Autochek_API_Automation","autochek_api_negative.OfferSimulation.OfferSimulationNegative","SubmitLoanPreferencesNegative"
"Validates GET /v1/inventory/obds with dynamic parameters - Negative Test","768","GetObdsNegative - SQL comment injection","API_Regression_Suite","2026-03-25","passed","2026-03-25","autochek_api_negative.InventoryService.DynamicResponseNegative","Autochek_API_Automation","autochek_api_negative.InventoryService.DynamicResponseNegative","GetObdsNegative"
"Submit Loan Customer Preferences","441","SubmitLoanPreferencesNegative - upfrontCreditLifeInsurance wrong string true","API_Regression_Suite","2026-03-25","failed","2026-03-25","autochek_api_negative.OfferSimulation.OfferSimulationNegative","Autochek_API_Automation","autochek_api_negative.OfferSimulation.OfferSimulationNegative","SubmitLoanPreferencesNegative"
"","0","PostLookUpV2Negative - Identifier contains letters in phone number","API_Regression_Suite","2026-03-25","skipped","2026-03-25","autochek_api_negative.UserService.UserServiceV2Negative","Autochek_API_Automation","autochek_api_negative.UserService.UserServiceV2Negative","PostLookUpV2Negative"
"Submit Loan Customer Preferences","2830","SubmitLoanPreferencesNegative - upfrontWarranty XSS attempt","API_Regression_Suite","2026-03-25","passed","2026-03-25","autochek_api_negative.OfferSimulation.OfferSimulationNegative","Autochek_API_Automation","autochek_api_negative.OfferSimulation.OfferSimulationNegative","SubmitLoanPreferencesNegative"
"Update System Config dynamically for PASSWORD_POLICY or USER_SESSION","0","PatchSystemConfigV2 - MAX_CONCURRENT_SESSIONS special characters","API_Regression_Suite","2026-03-25","skipped","2026-03-25","autochek_api_negative.UserService.UserServiceV2Negative","Autochek_API_Automation","autochek_api_negative.UserService.UserServiceV2Negative","PatchSystemConfigV2"
"","0","PostLogoutV2Negative - Send random alphanumeric string as refreshToken","API_Regression_Suite","2026-03-25","skipped","2026-03-25","autochek_api_negative.UserService.UserServiceV2Negative","Autochek_API_Automation","autochek_api_negative.UserService.UserServiceV2Negative","PostLogoutV2Negative"
"Get the list of Tyre brands","598","GetTyreBrandsNegative - Send only numeric value instead of country code","API_Regression_Suite","2026-03-25","passed","2026-03-25","autochek_api_negative.OfferSimulation.OfferSimulationNegative","Autochek_API_Automation","autochek_api_negative.OfferSimulation.OfferSimulationNegative","GetTyreBrandsNegative"
"","1","PostEnableUserV2Negative - Send empty userId value","API_Regression_Suite","2026-03-25","skipped","2026-03-25","autochek_api_negative.UserService.UserServiceV2Negative","Autochek_API_Automation","autochek_api_negative.UserService.UserServiceV2Negative","PostEnableUserV2Negative"
"","470","GetFranchiseList - country is empty string","API_Regression_Suite","2026-03-25","passed","2026-03-25","autochek_api_negative.UserService.UserServiceNegative","Autochek_API_Automation","autochek_api_negative.UserService.UserServiceNegative","GetFranchiseList"
"","485","GetFranchiseByID - integer as id","API_Regression_Suite","2026-03-25","passed","2026-03-25","autochek_api_negative.UserService.UserServiceNegative","Autochek_API_Automation","autochek_api_negative.UserService.UserServiceNegative","GetFranchiseByID"
"Create Inspection for the carID generated in Car Creation","623","PostCreateInspection - Only longitude without latitude","API_Regression_Suite","2026-03-25","passed","2026-03-25","autochek_api_negative.DetachTyresSpecification.DetachTyresSpecificationNegative","Autochek_API_Automation","autochek_api_negative.DetachTyresSpecification.DetachTyresSpecificationNegative","PostCreateInspection"
"Validates GET /v1/inventory/make with dynamic fields filtering - Positive Test","477","GetMake - Verify response returns only id, name, imageUrl fields","API_Regression_Suite","2026-03-25","passed","2026-03-25","autochek_api_positive.InventoryService.DynamicResponsePositive","Autochek_API_Automation","autochek_api_positive.InventoryService.DynamicResponsePositive","GetMake"
"","754","CreateFranchise - map_address is number","API_Regression_Suite","2026-03-25","passed","2026-03-25","autochek_api_negative.UserService.UserServiceNegative","Autochek_API_Automation","autochek_api_negative.UserService.UserServiceNegative","CreateFranchise"
"Validates GET /v1/inspection with dynamic parameters - Negative Test","725","GetInspectionNegative - Exclude all valid fields using - but invalid key","API_Regression_Suite","2026-03-25","passed","2026-03-25","autochek_api_negative.InventoryService.DynamicResponseNegative","Autochek_API_Automation","autochek_api_negative.InventoryService.DynamicResponseNegative","GetInspectionNegative"
"Submit Loan Customer Preferences","479","SubmitLoanPreferencesNegative - dealDiscount no %","API_Regression_Suite","2026-03-25","failed","2026-03-25","autochek_api_negative.OfferSimulation.OfferSimulationNegative","Autochek_API_Automation","autochek_api_negative.OfferSimulation.OfferSimulationNegative","SubmitLoanPreferencesNegative"
"Create Inspection for the carID generated in Car Creation","463","PostCreateInspection - Script injection attempt in wheel_type","API_Regression_Suite","2026-03-25","passed","2026-03-25","autochek_api_negative.DetachTyresSpecification.DetachTyresSpecificationNegative","Autochek_API_Automation","autochek_api_negative.DetachTyresSpecification.DetachTyresSpecificationNegative","PostCreateInspection"
"Validates GET /v1/inventory/car with dynamic parameters - Positive Test","2642","GetCarList - Validate nested field model.make is returned","API_Regression_Suite","2026-03-25","passed","2026-03-25","autochek_api_positive.InventoryService.DynamicResponsePositive","Autochek_API_Automation","autochek_api_positive.InventoryService.DynamicResponsePositive","GetCarList"
"","2416","LogoutAndTestOtherSessionsRemainLoggedIn - {""all"": false}","API_Regression_Suite","2026-03-25","passed","2026-03-25","autochek_api_positive.UserService.UserServiceV2","Autochek_API_Automation","autochek_api_positive.UserService.UserServiceV2","LogoutAndTestOtherSessionsRemainLoggedIn"
"Validates GET /v1/inventory/model with dynamic parameters - Negative Test","476","GetModelListNegative - Pass numeric relation","API_Regression_Suite","2026-03-25","passed","2026-03-25","autochek_api_negative.InventoryService.DynamicResponseNegative","Autochek_API_Automation","autochek_api_negative.InventoryService.DynamicResponseNegative","GetModelListNegative"
"Submit Loan Customer Preferences","1286","SubmitLoanPreferencesNegative - equityContribution very large number","API_Regression_Suite","2026-03-25","failed","2026-03-25","autochek_api_negative.OfferSimulation.OfferSimulationNegative","Autochek_API_Automation","autochek_api_negative.OfferSimulation.OfferSimulationNegative","SubmitLoanPreferencesNegative"
"Negative test for Create System Config V2","0","PostSystemConfigV2 - MIN_LENGTH decimal","API_Regression_Suite","2026-03-25","skipped","2026-03-25","autochek_api_negative.UserService.UserServiceV2Negative","Autochek_API_Automation","autochek_api_negative.UserService.UserServiceV2Negative","PostSystemConfigV2"
"","802","CreateFranchise - display_address html tags","API_Regression_Suite","2026-03-25","passed","2026-03-25","autochek_api_negative.UserService.UserServiceNegative","Autochek_API_Automation","autochek_api_negative.UserService.UserServiceNegative","CreateFranchise"
"Update System Config dynamically for PASSWORD_POLICY or USER_SESSION","0","PatchSystemConfigV2 - MAX_CONCURRENT_SESSIONS positive value","API_Regression_Suite","2026-03-25","skipped","2026-03-25","autochek_api_negative.UserService.UserServiceV2Negative","Autochek_API_Automation","autochek_api_negative.UserService.UserServiceV2Negative","PatchSystemConfigV2"
"","5303","UploadImage","API_Regression_Suite","2026-03-25","passed","2026-03-25","autochek_api_negative.DetachTyresSpecification.DetachTyresSpecificationNegative","Autochek_API_Automation","autochek_api_negative.DetachTyresSpecification.DetachTyresSpecificationNegative","UploadImage"
"Update System Config dynamically for PASSWORD_POLICY or USER_SESSION","0","PatchSystemConfigV2 - REQUIRE_LOWERCASE string true instead of boolean","API_Regression_Suite","2026-03-25","skipped","2026-03-25","autochek_api_negative.UserService.UserServiceV2Negative","Autochek_API_Automation","autochek_api_negative.UserService.UserServiceV2Negative","PatchSystemConfigV2"
"Get Offer Details by LoanID","445","GetOffersByLoanIdNegative - Send loan_id as empty string","API_Regression_Suite","2026-03-25","passed","2026-03-25","autochek_api_negative.OriginationService.ResponsePayloadReductionV2APIsNegative","Autochek_API_Automation","autochek_api_negative.OriginationService.ResponsePayloadReductionV2APIsNegative","GetOffersByLoanIdNegative"
"Submit Loan Customer Preferences","1712","SubmitLoanPreferencesNegative - tyreQuantity decimal","API_Regression_Suite","2026-03-25","passed","2026-03-25","autochek_api_negative.OfferSimulation.OfferSimulationNegative","Autochek_API_Automation","autochek_api_negative.OfferSimulation.OfferSimulationNegative","SubmitLoanPreferencesNegative"
"Validates GET /v2/origination/loans with dynamic parameters - Negative Test","511","GetLoansListNegative - page_size is object","API_Regression_Suite","2026-03-25","passed","2026-03-25","autochek_api_negative.OriginationService.ResponsePayloadReductionV2APIsNegative","Autochek_API_Automation","autochek_api_negative.OriginationService.ResponsePayloadReductionV2APIsNegative","GetLoansListNegative"
"Submit Loan Customer Preferences","442","SubmitLoanPreferencesNegative - desiredLoanCurrency space only","API_Regression_Suite","2026-03-25","failed","2026-03-25","autochek_api_negative.OfferSimulation.OfferSimulationNegative","Autochek_API_Automation","autochek_api_negative.OfferSimulation.OfferSimulationNegative","SubmitLoanPreferencesNegative"
"Create Car and Validate Response","2010","CreateCar - Verify car creation with image_url in .jpg format","API_Regression_Suite","2026-03-25","broken","2026-03-25","autochek_api_positive.DetachTyreSpecification.DetachTyreSpecificationPositive","Autochek_API_Automation","autochek_api_positive.DetachTyreSpecification.DetachTyreSpecificationPositive","CreateCar"
"Submit Loan Customer Preferences","4248","SubmitLoanPreferencesNegative - Monthly Payment above max allowed","API_Regression_Suite","2026-03-25","passed","2026-03-25","autochek_api_negative.OfferSimulation.OfferSimulationNegative","Autochek_API_Automation","autochek_api_negative.OfferSimulation.OfferSimulationNegative","SubmitLoanPreferencesNegative"
"Submit Loan Customer Preferences","7967","SubmitLoanPreferencesNegative - Include Roadworthiness Fees numeric instead of Yes/No","API_Regression_Suite","2026-03-25","passed","2026-03-25","autochek_api_negative.OfferSimulation.OfferSimulationNegative","Autochek_API_Automation","autochek_api_negative.OfferSimulation.OfferSimulationNegative","SubmitLoanPreferencesNegative"
"","473","UpdateFranchise - onboarding_source with whitespace only","API_Regression_Suite","2026-03-25","passed","2026-03-25","autochek_api_negative.UserService.UserServiceNegative","Autochek_API_Automation","autochek_api_negative.UserService.UserServiceNegative","UpdateFranchise"
"Negative test for Create System Config V2","0","PostSystemConfigV2 - MAX_CONCURRENT_SESSIONS negative number","API_Regression_Suite","2026-03-25","skipped","2026-03-25","autochek_api_negative.UserService.UserServiceV2Negative","Autochek_API_Automation","autochek_api_negative.UserService.UserServiceV2Negative","PostSystemConfigV2"
"","473","submitLoanPreference - Upfront Maintenance Plan TRUE","API_Regression_Suite","2026-03-25","passed","2026-03-25","autochek_api_positive.OfferSimulation.OfferSimulationPositive","Autochek_API_Automation","autochek_api_positive.OfferSimulation.OfferSimulationPositive","submitLoanPreference"
"Create Inspection for the carID generated in Car Creation","552","PostCreateInspection - Null form_id","API_Regression_Suite","2026-03-25","passed","2026-03-25","autochek_api_negative.DetachTyresSpecification.DetachTyresSpecificationNegative","Autochek_API_Automation","autochek_api_negative.DetachTyresSpecification.DetachTyresSpecificationNegative","PostCreateInspection"
"Create Inspection for the carID generated in Car Creation","876","PostCreateInspection - Script injection attempt in id","API_Regression_Suite","2026-03-25","passed","2026-03-25","autochek_api_negative.DetachTyresSpecification.DetachTyresSpecificationNegative","Autochek_API_Automation","autochek_api_negative.DetachTyresSpecification.DetachTyresSpecificationNegative","PostCreateInspection"
"","475","CreateFranchise - owner has leading/trailing whitespaces","API_Regression_Suite","2026-03-25","passed","2026-03-25","autochek_api_negative.UserService.UserServiceNegative","Autochek_API_Automation","autochek_api_negative.UserService.UserServiceNegative","CreateFranchise"
"Update System Config dynamically for PASSWORD_POLICY or USER_SESSION","1","PatchSystemConfigV2 - MAX_CONCURRENT_SESSIONS extremely large number","API_Regression_Suite","2026-03-25","skipped","2026-03-25","autochek_api_negative.UserService.UserServiceV2Negative","Autochek_API_Automation","autochek_api_negative.UserService.UserServiceV2Negative","PatchSystemConfigV2"
"","470","UpdateFranchise - city with special characters","API_Regression_Suite","2026-03-25","passed","2026-03-25","autochek_api_negative.UserService.UserServiceNegative","Autochek_API_Automation","autochek_api_negative.UserService.UserServiceNegative","UpdateFranchise"
"Update Car and Validate Response","874","PutUpdateCar - license_plate as null","API_Regression_Suite","2026-03-25","failed","2026-03-25","autochek_api_negative.DetachTyresSpecification.DetachTyresSpecificationNegative","Autochek_API_Automation","autochek_api_negative.DetachTyresSpecification.DetachTyresSpecificationNegative","PutUpdateCar"
"Submit Loan Customer Preferences","470","SubmitLoanPreferencesNegative - upfrontVehicleTracking XSS injection","API_Regression_Suite","2026-03-25","failed","2026-03-25","autochek_api_negative.OfferSimulation.OfferSimulationNegative","Autochek_API_Automation","autochek_api_negative.OfferSimulation.OfferSimulationNegative","SubmitLoanPreferencesNegative"
"Get TyreSpecs Details by Car ID","464","GetTyreSpecs - car_id with script injection","API_Regression_Suite","2026-03-25","passed","2026-03-25","autochek_api_negative.DetachTyresSpecification.DetachTyresSpecificationNegative","Autochek_API_Automation","autochek_api_negative.DetachTyresSpecification.DetachTyresSpecificationNegative","GetTyreSpecs"
"Validates GET /v1/inventory/body_type with dynamic parameters - Negative Test","440","GetBodyTypeNegative - Pass SQL injection-like pattern","API_Regression_Suite","2026-03-25","passed","2026-03-25","autochek_api_negative.InventoryService.DynamicResponseNegative","Autochek_API_Automation","autochek_api_negative.InventoryService.DynamicResponseNegative","GetBodyTypeNegative"
"Submit Loan Customer Preferences","440","SubmitLoanPreferencesNegative - upfrontInsurance JSON object instead of boolean","API_Regression_Suite","2026-03-25","failed","2026-03-25","autochek_api_negative.OfferSimulation.OfferSimulationNegative","Autochek_API_Automation","autochek_api_negative.OfferSimulation.OfferSimulationNegative","SubmitLoanPreferencesNegative"
"","483","UpdateFranchise - address as number","API_Regression_Suite","2026-03-25","passed","2026-03-25","autochek_api_negative.UserService.UserServiceNegative","Autochek_API_Automation","autochek_api_negative.UserService.UserServiceNegative","UpdateFranchise"
"Submit Loan Customer Preferences","492","SubmitLoanPreferencesNegative - term alphanumeric junk","API_Regression_Suite","2026-03-25","passed","2026-03-25","autochek_api_negative.OfferSimulation.OfferSimulationNegative","Autochek_API_Automation","autochek_api_negative.OfferSimulation.OfferSimulationNegative","SubmitLoanPreferencesNegative"
"Create Inspection for the carID generated in Car Creation","951","PostCreateInspection - Numeric instead of string","API_Regression_Suite","2026-03-25","passed","2026-03-25","autochek_api_negative.DetachTyresSpecification.DetachTyresSpecificationNegative","Autochek_API_Automation","autochek_api_negative.DetachTyresSpecification.DetachTyresSpecificationNegative","PostCreateInspection"
"","473","CreateFranchise - owner is boolean string","API_Regression_Suite","2026-03-25","passed","2026-03-25","autochek_api_negative.UserService.UserServiceNegative","Autochek_API_Automation","autochek_api_negative.UserService.UserServiceNegative","CreateFranchise"
"Validates GET /v1/inventory/car with dynamic parameters - Negative Test","464","GetCarListNegative - Validate API fails when passing relation path with invalid nesting format","API_Regression_Suite","2026-03-25","passed","2026-03-25","autochek_api_negative.InventoryService.DynamicResponseNegative","Autochek_API_Automation","autochek_api_negative.InventoryService.DynamicResponseNegative","GetCarListNegative"
"Validates GET /v2/origination/loans/{loan_id}/logbook/booking-info - Negative Test","1101","GetBookingInfoForLogbookLoanNegative - loan_id with valid format plus special characters","API_Regression_Suite","2026-03-25","passed","2026-03-25","autochek_api_negative.OriginationService.ResponsePayloadReductionV2APIsNegative","Autochek_API_Automation","autochek_api_negative.OriginationService.ResponsePayloadReductionV2APIsNegative","GetBookingInfoForLogbookLoanNegative"
"","485","UpdateFranchise - address as array","API_Regression_Suite","2026-03-25","passed","2026-03-25","autochek_api_negative.UserService.UserServiceNegative","Autochek_API_Automation","autochek_api_negative.UserService.UserServiceNegative","UpdateFranchise"
"","514","GetFranchiseByID - boolean false as string","API_Regression_Suite","2026-03-25","passed","2026-03-25","autochek_api_negative.UserService.UserServiceNegative","Autochek_API_Automation","autochek_api_negative.UserService.UserServiceNegative","GetFranchiseByID"
"Validates GET /v2/origination/offers with dynamic parameters - Positive Test","507","GetOffersListNegative - page_size is zero","API_Regression_Suite","2026-03-25","passed","2026-03-25","autochek_api_negative.OriginationService.ResponsePayloadReductionV2APIsNegative","Autochek_API_Automation","autochek_api_negative.OriginationService.ResponsePayloadReductionV2APIsNegative","GetOffersListNegative"
"Update Car and Validate Response","991","PutUpdateCar - engine_number too long (100+ chars)","API_Regression_Suite","2026-03-25","passed","2026-03-25","autochek_api_negative.DetachTyresSpecification.DetachTyresSpecificationNegative","Autochek_API_Automation","autochek_api_negative.DetachTyresSpecification.DetachTyresSpecificationNegative","PutUpdateCar"
"Validates GET /v2/origination/loans/{loan_id}/logbook/booking-info - Negative Test","1111","GetBookingInfoForLogbookLoanNegative - Script injection (XSS attempt)","API_Regression_Suite","2026-03-25","passed","2026-03-25","autochek_api_negative.OriginationService.ResponsePayloadReductionV2APIsNegative","Autochek_API_Automation","autochek_api_negative.OriginationService.ResponsePayloadReductionV2APIsNegative","GetBookingInfoForLogbookLoanNegative"
"Update System Config dynamically for PASSWORD_POLICY or USER_SESSION","0","PatchSystemConfigV2 - DISALLOW_WHITESPACES SQL injection attempt","API_Regression_Suite","2026-03-25","skipped","2026-03-25","autochek_api_negative.UserService.UserServiceV2Negative","Autochek_API_Automation","autochek_api_negative.UserService.UserServiceV2Negative","PatchSystemConfigV2"
"","484","UpdateFranchise - bank_name as array","API_Regression_Suite","2026-03-25","passed","2026-03-25","autochek_api_negative.UserService.UserServiceNegative","Autochek_API_Automation","autochek_api_negative.UserService.UserServiceNegative","UpdateFranchise"
"Submit Loan Customer Preferences","7087","SubmitLoanPreferencesNegative - upfrontTyres object instead of boolean","API_Regression_Suite","2026-03-25","passed","2026-03-25","autochek_api_negative.OfferSimulation.OfferSimulationNegative","Autochek_API_Automation","autochek_api_negative.OfferSimulation.OfferSimulationNegative","SubmitLoanPreferencesNegative"
"Validates GET /v1/inventory/model with dynamic parameters - Negative Test","441","GetModelListNegative - Pass nested field with typo","API_Regression_Suite","2026-03-25","passed","2026-03-25","autochek_api_negative.InventoryService.DynamicResponseNegative","Autochek_API_Automation","autochek_api_negative.InventoryService.DynamicResponseNegative","GetModelListNegative"
"","1538","CreateFranchise - name is null","API_Regression_Suite","2026-03-25","passed","2026-03-25","autochek_api_negative.UserService.UserServiceNegative","Autochek_API_Automation","autochek_api_negative.UserService.UserServiceNegative","CreateFranchise"
"Submit Loan Customer Preferences","590","SubmitLoanPreferencesNegative - requestedWarrantyPlan blank","API_Regression_Suite","2026-03-25","passed","2026-03-25","autochek_api_negative.OfferSimulation.OfferSimulationNegative","Autochek_API_Automation","autochek_api_negative.OfferSimulation.OfferSimulationNegative","SubmitLoanPreferencesNegative"
"Validates GET /v2/origination/sources with dynamic parameters - Negative Test","608","GetBanksListNegative - page_size is float","API_Regression_Suite","2026-03-25","passed","2026-03-25","autochek_api_negative.OriginationService.ResponsePayloadReductionV2APIsNegative","Autochek_API_Automation","autochek_api_negative.OriginationService.ResponsePayloadReductionV2APIsNegative","GetBanksListNegative"
"Create Inspection for the carID generated in Car Creation","725","PostCreateInspection - Empty country","API_Regression_Suite","2026-03-25","failed","2026-03-25","autochek_api_negative.DetachTyresSpecification.DetachTyresSpecificationNegative","Autochek_API_Automation","autochek_api_negative.DetachTyresSpecification.DetachTyresSpecificationNegative","PostCreateInspection"
"Validates GET /v1/inventory/make with dynamic fields filtering - Positive Test","513","GetMake - Verify response returns only id, name fields (exclude imageUrl)","API_Regression_Suite","2026-03-25","passed","2026-03-25","autochek_api_positive.InventoryService.DynamicResponsePositive","Autochek_API_Automation","autochek_api_positive.InventoryService.DynamicResponsePositive","GetMake"
"Validates GET /v1/inventory/model with dynamic parameters - Negative Test","447","GetModelListNegative - Pass non-existent nested field","API_Regression_Suite","2026-03-25","passed","2026-03-25","autochek_api_negative.InventoryService.DynamicResponseNegative","Autochek_API_Automation","autochek_api_negative.InventoryService.DynamicResponseNegative","GetModelListNegative"
"","793","CreateFranchise - city ID is a decimal","API_Regression_Suite","2026-03-25","passed","2026-03-25","autochek_api_negative.UserService.UserServiceNegative","Autochek_API_Automation","autochek_api_negative.UserService.UserServiceNegative","CreateFranchise"
"Validates GET /v1/inventory/car with dynamic parameters - Positive Test","1286","GetCarList - Validate fields filter works with multiple exclusions","API_Regression_Suite","2026-03-25","passed","2026-03-25","autochek_api_positive.InventoryService.DynamicResponsePositive","Autochek_API_Automation","autochek_api_positive.InventoryService.DynamicResponsePositive","GetCarList"
"Validates GET /v2/origination/loans/{loan_id}/accepted-offer - Negative Test","548","GetAcceptedOfferByLoanIdNegative - Send offer_id as whitespace only","API_Regression_Suite","2026-03-25","passed","2026-03-25","autochek_api_negative.OriginationService.ResponsePayloadReductionV2APIsNegative","Autochek_API_Automation","autochek_api_negative.OriginationService.ResponsePayloadReductionV2APIsNegative","GetAcceptedOfferByLoanIdNegative"
"Submit Loan Customer Preferences","4071","SubmitLoanPreferencesNegative - tyreBrand null","API_Regression_Suite","2026-03-25","passed","2026-03-25","autochek_api_negative.OfferSimulation.OfferSimulationNegative","Autochek_API_Automation","autochek_api_negative.OfferSimulation.OfferSimulationNegative","SubmitLoanPreferencesNegative"
"","1","PostEnableUserV2Negative - Send expired or invalid access token","API_Regression_Suite","2026-03-25","skipped","2026-03-25","autochek_api_negative.UserService.UserServiceV2Negative","Autochek_API_Automation","autochek_api_negative.UserService.UserServiceV2Negative","PostEnableUserV2Negative"
"","763","CreateFranchise - account_bvn object","API_Regression_Suite","2026-03-25","passed","2026-03-25","autochek_api_negative.UserService.UserServiceNegative","Autochek_API_Automation","autochek_api_negative.UserService.UserServiceNegative","CreateFranchise"
"Submit Loan Customer Preferences","691","SubmitLoanPreferencesNegative - upfrontTyres null","API_Regression_Suite","2026-03-25","passed","2026-03-25","autochek_api_negative.OfferSimulation.OfferSimulationNegative","Autochek_API_Automation","autochek_api_negative.OfferSimulation.OfferSimulationNegative","SubmitLoanPreferencesNegative"
"","1","PostLoginV2Negative - Username is null","API_Regression_Suite","2026-03-25","skipped","2026-03-25","autochek_api_negative.UserService.UserServiceV2Negative","Autochek_API_Automation","autochek_api_negative.UserService.UserServiceV2Negative","PostLoginV2Negative"
"","482","UpdateFranchise - longitude is boolean false","API_Regression_Suite","2026-03-25","passed","2026-03-25","autochek_api_negative.UserService.UserServiceNegative","Autochek_API_Automation","autochek_api_negative.UserService.UserServiceNegative","UpdateFranchise"
"Submit Loan Customer Preferences","464","SubmitLoanPreferencesNegative - interestRateType uppercase only","API_Regression_Suite","2026-03-25","failed","2026-03-25","autochek_api_negative.OfferSimulation.OfferSimulationNegative","Autochek_API_Automation","autochek_api_negative.OfferSimulation.OfferSimulationNegative","SubmitLoanPreferencesNegative"
"Validates GET /v2/origination/partners with dynamic parameters - Positive Test","563","GetPartnersListNegative - country is special characters","API_Regression_Suite","2026-03-25","passed","2026-03-25","autochek_api_negative.OriginationService.ResponsePayloadReductionV2APIsNegative","Autochek_API_Automation","autochek_api_negative.OriginationService.ResponsePayloadReductionV2APIsNegative","GetPartnersListNegative"
"Submit Loan Customer Preferences","444","SubmitLoanPreferencesNegative - interestRateType numeric","API_Regression_Suite","2026-03-25","failed","2026-03-25","autochek_api_negative.OfferSimulation.OfferSimulationNegative","Autochek_API_Automation","autochek_api_negative.OfferSimulation.OfferSimulationNegative","SubmitLoanPreferencesNegative"
"","780","CreateFranchise - bank_name too long","API_Regression_Suite","2026-03-25","passed","2026-03-25","autochek_api_negative.UserService.UserServiceNegative","Autochek_API_Automation","autochek_api_negative.UserService.UserServiceNegative","CreateFranchise"
"Validates GET /v1/inventory/make with dynamic fields filtering","435","GetMakeNegative - Pass special characters in field","API_Regression_Suite","2026-03-25","passed","2026-03-25","autochek_api_negative.InventoryService.DynamicResponseNegative","Autochek_API_Automation","autochek_api_negative.InventoryService.DynamicResponseNegative","GetMakeNegative"
"Create Inspection for the carID generated in Car Creation","1187","PostCreateInspection - Special characters in wheel_type","API_Regression_Suite","2026-03-25","passed","2026-03-25","autochek_api_negative.DetachTyresSpecification.DetachTyresSpecificationNegative","Autochek_API_Automation","autochek_api_negative.DetachTyresSpecification.DetachTyresSpecificationNegative","PostCreateInspection"
"Submit Loan Customer Preferences","443","SubmitLoanPreferencesNegative - upfrontVehicleTracking wrong keyword yes","API_Regression_Suite","2026-03-25","failed","2026-03-25","autochek_api_negative.OfferSimulation.OfferSimulationNegative","Autochek_API_Automation","autochek_api_negative.OfferSimulation.OfferSimulationNegative","SubmitLoanPreferencesNegative"
"Update System Config dynamically for PASSWORD_POLICY or USER_SESSION","1","PatchSystemConfigV2 - MAX_CONCURRENT_SESSIONS null value","API_Regression_Suite","2026-03-25","skipped","2026-03-25","autochek_api_negative.UserService.UserServiceV2Negative","Autochek_API_Automation","autochek_api_negative.UserService.UserServiceV2Negative","PatchSystemConfigV2"
"Create Inspection for the carID generated in Car Creation","492","PostCreateInspection - Script injection attempt","API_Regression_Suite","2026-03-25","passed","2026-03-25","autochek_api_negative.DetachTyresSpecification.DetachTyresSpecificationNegative","Autochek_API_Automation","autochek_api_negative.DetachTyresSpecification.DetachTyresSpecificationNegative","PostCreateInspection"
"Update Car and Validate Response","539","PutUpdateCar - state with numbers only","API_Regression_Suite","2026-03-25","passed","2026-03-25","autochek_api_negative.DetachTyresSpecification.DetachTyresSpecificationNegative","Autochek_API_Automation","autochek_api_negative.DetachTyresSpecification.DetachTyresSpecificationNegative","PutUpdateCar"
"Validates GET /v1/inventory/obds with dynamic parameters - Negative Test","445","GetObdsNegative - Special characters with valid field","API_Regression_Suite","2026-03-25","passed","2026-03-25","autochek_api_negative.InventoryService.DynamicResponseNegative","Autochek_API_Automation","autochek_api_negative.InventoryService.DynamicResponseNegative","GetObdsNegative"
"Validates GET /v1/inventory/make with dynamic fields filtering - Positive Test","456","GetMake - Verify response with all fields in different order","API_Regression_Suite","2026-03-25","passed","2026-03-25","autochek_api_positive.InventoryService.DynamicResponsePositive","Autochek_API_Automation","autochek_api_positive.InventoryService.DynamicResponsePositive","GetMake"
"Validates GET /v1/inventory/trims with dynamic parameters - Positive Test","461","GetTrims - Validate only id and trim fields are returned","API_Regression_Suite","2026-03-25","passed","2026-03-25","autochek_api_positive.InventoryService.DynamicResponsePositive","Autochek_API_Automation","autochek_api_positive.InventoryService.DynamicResponsePositive","GetTrims"
"Create Inspection for the carID generated in Car Creation","736","PostCreateInspection - Leading/trailing spaces","API_Regression_Suite","2026-03-25","passed","2026-03-25","autochek_api_negative.DetachTyresSpecification.DetachTyresSpecificationNegative","Autochek_API_Automation","autochek_api_negative.DetachTyresSpecification.DetachTyresSpecificationNegative","PostCreateInspection"
"","501","submitLoanPreference - Omit residualPercentage","API_Regression_Suite","2026-03-25","passed","2026-03-25","autochek_api_positive.OfferSimulation.OfferSimulationPositive","Autochek_API_Automation","autochek_api_positive.OfferSimulation.OfferSimulationPositive","submitLoanPreference"
"Validates GET /v1/origination/offers/{offer_Id}/loan-document with dynamic parameters - Negative Test","559","GetLoanDocumentsByOfferIdNegative - Send offer_id as random alphanumeric invalid format","API_Regression_Suite","2026-03-25","passed","2026-03-25","autochek_api_negative.OriginationService.ResponsePayloadReductionV2APIsNegative","Autochek_API_Automation","autochek_api_negative.OriginationService.ResponsePayloadReductionV2APIsNegative","GetLoanDocumentsByOfferIdNegative"
"","446","submitLoanPreference - Term 6 months","API_Regression_Suite","2026-03-25","passed","2026-03-25","autochek_api_positive.OfferSimulation.OfferSimulationPositive","Autochek_API_Automation","autochek_api_positive.OfferSimulation.OfferSimulationPositive","submitLoanPreference"
"Negative test for Create System Config V2","0","PostSystemConfigV2 - MIN_LENGTH SQL injection","API_Regression_Suite","2026-03-25","skipped","2026-03-25","autochek_api_negative.UserService.UserServiceV2Negative","Autochek_API_Automation","autochek_api_negative.UserService.UserServiceV2Negative","PostSystemConfigV2"
"","0","PostDisableUserV2Negative - Omit userId field entirely","API_Regression_Suite","2026-03-25","skipped","2026-03-25","autochek_api_negative.UserService.UserServiceV2Negative","Autochek_API_Automation","autochek_api_negative.UserService.UserServiceV2Negative","PostDisableUserV2Negative"
"","755","CreateFranchise - phone is null","API_Regression_Suite","2026-03-25","passed","2026-03-25","autochek_api_negative.UserService.UserServiceNegative","Autochek_API_Automation","autochek_api_negative.UserService.UserServiceNegative","CreateFranchise"
"Submit Loan Customer Preferences","443","SubmitLoanPreferencesNegative - interestRateType long string","API_Regression_Suite","2026-03-25","failed","2026-03-25","autochek_api_negative.OfferSimulation.OfferSimulationNegative","Autochek_API_Automation","autochek_api_negative.OfferSimulation.OfferSimulationNegative","SubmitLoanPreferencesNegative"
"Negative test for Create System Config V2","0","PostSystemConfigV2 - DISALLOW_WHITESPACES SQL injection attempt","API_Regression_Suite","2026-03-25","skipped","2026-03-25","autochek_api_negative.UserService.UserServiceV2Negative","Autochek_API_Automation","autochek_api_negative.UserService.UserServiceV2Negative","PostSystemConfigV2"
"","0","GetTyreSpecsAfterUpdateCar","API_Regression_Suite","2026-03-25","broken","2026-03-25","autochek_api_positive.DetachTyreSpecification.DetachTyreSpecificationPositive","Autochek_API_Automation","autochek_api_positive.DetachTyreSpecification.DetachTyreSpecificationPositive","GetTyreSpecsAfterUpdateCar"
"Create Inspection for the carID generated in Car Creation","450","PostCreateInspection - Null wheel_type","API_Regression_Suite","2026-03-25","passed","2026-03-25","autochek_api_negative.DetachTyresSpecification.DetachTyresSpecificationNegative","Autochek_API_Automation","autochek_api_negative.DetachTyresSpecification.DetachTyresSpecificationNegative","PostCreateInspection"
"Negative test for Create System Config V2","0","PostSystemConfigV2 - DISALLOW_WHITESPACES empty value","API_Regression_Suite","2026-03-25","skipped","2026-03-25","autochek_api_negative.UserService.UserServiceV2Negative","Autochek_API_Automation","autochek_api_negative.UserService.UserServiceV2Negative","PostSystemConfigV2"
"","536","UpdateFranchise - latitude = ""6.5244"" (string)","API_Regression_Suite","2026-03-25","passed","2026-03-25","autochek_api_negative.UserService.UserServiceNegative","Autochek_API_Automation","autochek_api_negative.UserService.UserServiceNegative","UpdateFranchise"
"Submit Loan Customer Preferences","549","SubmitLoanPreferencesNegative - residualPercentage alphanumeric mix","API_Regression_Suite","2026-03-25","failed","2026-03-25","autochek_api_negative.OfferSimulation.OfferSimulationNegative","Autochek_API_Automation","autochek_api_negative.OfferSimulation.OfferSimulationNegative","SubmitLoanPreferencesNegative"
"","762","CreateFranchise - nearest_landmark is null","API_Regression_Suite","2026-03-25","passed","2026-03-25","autochek_api_negative.UserService.UserServiceNegative","Autochek_API_Automation","autochek_api_negative.UserService.UserServiceNegative","CreateFranchise"
"","481","UpdateFranchise - address with special chars","API_Regression_Suite","2026-03-25","passed","2026-03-25","autochek_api_negative.UserService.UserServiceNegative","Autochek_API_Automation","autochek_api_negative.UserService.UserServiceNegative","UpdateFranchise"
"","882","CreateFranchise - city is null","API_Regression_Suite","2026-03-25","passed","2026-03-25","autochek_api_negative.UserService.UserServiceNegative","Autochek_API_Automation","autochek_api_negative.UserService.UserServiceNegative","CreateFranchise"
"Validates GET /v1/inspection with dynamic parameters - Negative Test","799","GetInspectionNegative - Pass non-existing relation","API_Regression_Suite","2026-03-25","passed","2026-03-25","autochek_api_negative.InventoryService.DynamicResponseNegative","Autochek_API_Automation","autochek_api_negative.InventoryService.DynamicResponseNegative","GetInspectionNegative"
"Validates GET /v1/inventory/body_type with dynamic parameters - Negative Test","436","GetBodyTypeNegative - Pass array instead of comma-separated string","API_Regression_Suite","2026-03-25","passed","2026-03-25","autochek_api_negative.InventoryService.DynamicResponseNegative","Autochek_API_Automation","autochek_api_negative.InventoryService.DynamicResponseNegative","GetBodyTypeNegative"
"Submit Loan Customer Preferences","446","SubmitLoanPreferencesNegative - dealDiscount float","API_Regression_Suite","2026-03-25","failed","2026-03-25","autochek_api_negative.OfferSimulation.OfferSimulationNegative","Autochek_API_Automation","autochek_api_negative.OfferSimulation.OfferSimulationNegative","SubmitLoanPreferencesNegative"
"Submit Loan Customer Preferences","439","SubmitLoanPreferencesNegative - upfrontMaintenancePlan very long string","API_Regression_Suite","2026-03-25","failed","2026-03-25","autochek_api_negative.OfferSimulation.OfferSimulationNegative","Autochek_API_Automation","autochek_api_negative.OfferSimulation.OfferSimulationNegative","SubmitLoanPreferencesNegative"
"Update System Config dynamically for PASSWORD_POLICY or USER_SESSION","0","PatchSystemConfigV2 - DISALLOW_WHITESPACES empty value","API_Regression_Suite","2026-03-25","skipped","2026-03-25","autochek_api_negative.UserService.UserServiceV2Negative","Autochek_API_Automation","autochek_api_negative.UserService.UserServiceV2Negative","PatchSystemConfigV2"
"Create Inspection for the carID generated in Car Creation","884","PostCreateInspection - Null tyre code","API_Regression_Suite","2026-03-25","passed","2026-03-25","autochek_api_negative.DetachTyresSpecification.DetachTyresSpecificationNegative","Autochek_API_Automation","autochek_api_negative.DetachTyresSpecification.DetachTyresSpecificationNegative","PostCreateInspection"
"","748","CreateFranchise - bank_name is empty","API_Regression_Suite","2026-03-25","passed","2026-03-25","autochek_api_negative.UserService.UserServiceNegative","Autochek_API_Automation","autochek_api_negative.UserService.UserServiceNegative","CreateFranchise"
"","482","UpdateFranchise - account_name is only whitespace","API_Regression_Suite","2026-03-25","passed","2026-03-25","autochek_api_negative.UserService.UserServiceNegative","Autochek_API_Automation","autochek_api_negative.UserService.UserServiceNegative","UpdateFranchise"
"Reset PASSWORD_POLICY and USER_SESSION to original stored values","1","ResetSystemConfigsToOriginal","API_Regression_Suite","2026-03-25","broken","2026-03-25","autochek_api_positive.UserService.UserServiceV2","Autochek_API_Automation","autochek_api_positive.UserService.UserServiceV2","ResetSystemConfigsToOriginal"
"Validates GET /v2/origination/partners with dynamic parameters - Positive Test","4993","GetPartnersList - valid request where page_size is at a boundary value (10)","API_Regression_Suite","2026-03-25","passed","2026-03-25","autochek_api_positive.OriginationService.ResponsePayloadReductionV2APIs","Autochek_API_Automation","autochek_api_positive.OriginationService.ResponsePayloadReductionV2APIs","GetPartnersList"
"","5588","UpdateFranchise - phone is null","API_Regression_Suite","2026-03-25","passed","2026-03-25","autochek_api_negative.UserService.UserServiceNegative","Autochek_API_Automation","autochek_api_negative.UserService.UserServiceNegative","UpdateFranchise"
"Update System Config dynamically for PASSWORD_POLICY or USER_SESSION","0","PatchSystemConfigV2 - REQUIRE_NUMBER null value","API_Regression_Suite","2026-03-25","skipped","2026-03-25","autochek_api_negative.UserService.UserServiceV2Negative","Autochek_API_Automation","autochek_api_negative.UserService.UserServiceV2Negative","PatchSystemConfigV2"
"","741","CreateFranchise - address as boolean","API_Regression_Suite","2026-03-25","passed","2026-03-25","autochek_api_negative.UserService.UserServiceNegative","Autochek_API_Automation","autochek_api_negative.UserService.UserServiceNegative","CreateFranchise"
"Validates GET /v1/inspection with dynamic parameters - Negative Test","710","GetInspectionNegative - Validate API fails when excluding a non-existent field","API_Regression_Suite","2026-03-25","passed","2026-03-25","autochek_api_negative.InventoryService.DynamicResponseNegative","Autochek_API_Automation","autochek_api_negative.InventoryService.DynamicResponseNegative","GetInspectionNegative"
"Validates GET /v2/origination/partners with dynamic parameters - Positive Test","513","GetPartnersListNegative - page_size is array","API_Regression_Suite","2026-03-25","passed","2026-03-25","autochek_api_negative.OriginationService.ResponsePayloadReductionV2APIsNegative","Autochek_API_Automation","autochek_api_negative.OriginationService.ResponsePayloadReductionV2APIsNegative","GetPartnersListNegative"
"Submit Loan Customer Preferences","800","SubmitLoanPreferencesNegative - upfrontWarranty numeric instead of string","API_Regression_Suite","2026-03-25","passed","2026-03-25","autochek_api_negative.OfferSimulation.OfferSimulationNegative","Autochek_API_Automation","autochek_api_negative.OfferSimulation.OfferSimulationNegative","SubmitLoanPreferencesNegative"
"Submit Loan Customer Preferences","2425","SubmitLoanPreferencesNegative - tyreBrand numeric instead of string","API_Regression_Suite","2026-03-25","passed","2026-03-25","autochek_api_negative.OfferSimulation.OfferSimulationNegative","Autochek_API_Automation","autochek_api_negative.OfferSimulation.OfferSimulationNegative","SubmitLoanPreferencesNegative"
"","1353","CreateFranchise - account_bvn too long","API_Regression_Suite","2026-03-25","passed","2026-03-25","autochek_api_negative.UserService.UserServiceNegative","Autochek_API_Automation","autochek_api_negative.UserService.UserServiceNegative","CreateFranchise"
"Submit Loan Customer Preferences","455","SubmitLoanPreferencesNegative - interestRate decimal value","API_Regression_Suite","2026-03-25","failed","2026-03-25","autochek_api_negative.OfferSimulation.OfferSimulationNegative","Autochek_API_Automation","autochek_api_negative.OfferSimulation.OfferSimulationNegative","SubmitLoanPreferencesNegative"
"","486","UpdateFranchise - is_anchor = 1","API_Regression_Suite","2026-03-25","passed","2026-03-25","autochek_api_negative.UserService.UserServiceNegative","Autochek_API_Automation","autochek_api_negative.UserService.UserServiceNegative","UpdateFranchise"
"","485","UpdateFranchise - email missing domain","API_Regression_Suite","2026-03-25","passed","2026-03-25","autochek_api_negative.UserService.UserServiceNegative","Autochek_API_Automation","autochek_api_negative.UserService.UserServiceNegative","UpdateFranchise"
"","598","PostLookUpV2 - Identifier is valid and existing email address","API_Regression_Suite","2026-03-25","passed","2026-03-25","autochek_api_positive.UserService.UserServiceV2","Autochek_API_Automation","autochek_api_positive.UserService.UserServiceV2","PostLookUpV2"
"Validates GET /v2/origination/partners with dynamic parameters - Positive Test","525","GetPartnersListNegative - page_size is special characters","API_Regression_Suite","2026-03-25","passed","2026-03-25","autochek_api_negative.OriginationService.ResponsePayloadReductionV2APIsNegative","Autochek_API_Automation","autochek_api_negative.OriginationService.ResponsePayloadReductionV2APIsNegative","GetPartnersListNegative"
"Get Offer Details by OfferID","533","GetOffersByIdNegative - Send offer_id as random alphanumeric invalid format","API_Regression_Suite","2026-03-25","passed","2026-03-25","autochek_api_negative.OriginationService.ResponsePayloadReductionV2APIsNegative","Autochek_API_Automation","autochek_api_negative.OriginationService.ResponsePayloadReductionV2APIsNegative","GetOffersByIdNegative"
"","482","UpdateFranchise - city is empty","API_Regression_Suite","2026-03-25","passed","2026-03-25","autochek_api_negative.UserService.UserServiceNegative","Autochek_API_Automation","autochek_api_negative.UserService.UserServiceNegative","UpdateFranchise"
"Update Car and Validate Response","1360","InspectionRequest","API_Regression_Suite","2026-03-25","passed","2026-03-25","autochek_api_negative.DetachTyresSpecification.DetachTyresSpecificationNegative","Autochek_API_Automation","autochek_api_negative.DetachTyresSpecification.DetachTyresSpecificationNegative","InspectionRequest"
"","756","CreateFranchise - latitude = ""6.5244"" (string)","API_Regression_Suite","2026-03-25","passed","2026-03-25","autochek_api_negative.UserService.UserServiceNegative","Autochek_API_Automation","autochek_api_negative.UserService.UserServiceNegative","CreateFranchise"
"Accept Simulation Offer","473","AcceptOfferNegative - loan_id with very long string","API_Regression_Suite","2026-03-25","passed","2026-03-25","autochek_api_negative.OfferSimulation.OfferSimulationNegative","Autochek_API_Automation","autochek_api_negative.OfferSimulation.OfferSimulationNegative","AcceptOfferNegative"
"","484","UpdateFranchise - zip_code is null","API_Regression_Suite","2026-03-25","passed","2026-03-25","autochek_api_negative.UserService.UserServiceNegative","Autochek_API_Automation","autochek_api_negative.UserService.UserServiceNegative","UpdateFranchise"
"","448","submitLoanPreference - Upfront Insurance TRUE","API_Regression_Suite","2026-03-25","passed","2026-03-25","autochek_api_positive.OfferSimulation.OfferSimulationPositive","Autochek_API_Automation","autochek_api_positive.OfferSimulation.OfferSimulationPositive","submitLoanPreference"
"Submit Loan Customer Preferences","436","SubmitLoanPreferencesNegative - upfrontInsurance null","API_Regression_Suite","2026-03-25","failed","2026-03-25","autochek_api_negative.OfferSimulation.OfferSimulationNegative","Autochek_API_Automation","autochek_api_negative.OfferSimulation.OfferSimulationNegative","SubmitLoanPreferencesNegative"
"Negative test for Create System Config V2","0","PostSystemConfigV2 - REQUIRE_LOWERCASE string true instead of boolean","API_Regression_Suite","2026-03-25","skipped","2026-03-25","autochek_api_negative.UserService.UserServiceV2Negative","Autochek_API_Automation","autochek_api_negative.UserService.UserServiceV2Negative","PostSystemConfigV2"
"Get TyreSpecs Details by Car ID","471","GetTyreSpecs - car_id too long (100+ chars)","API_Regression_Suite","2026-03-25","passed","2026-03-25","autochek_api_negative.DetachTyresSpecification.DetachTyresSpecificationNegative","Autochek_API_Automation","autochek_api_negative.DetachTyresSpecification.DetachTyresSpecificationNegative","GetTyreSpecs"
"","0","PostLoginV2Negative - Username invalid email format (missing @)","API_Regression_Suite","2026-03-25","skipped","2026-03-25","autochek_api_negative.UserService.UserServiceV2Negative","Autochek_API_Automation","autochek_api_negative.UserService.UserServiceV2Negative","PostLoginV2Negative"
"Validates GET /v1/origination/offers/{offer_Id}/loan-document with dynamic parameters - Negative Test","584","GetLoanDocumentsByOfferIdNegative - Send offer_id as empty string","API_Regression_Suite","2026-03-25","passed","2026-03-25","autochek_api_negative.OriginationService.ResponsePayloadReductionV2APIsNegative","Autochek_API_Automation","autochek_api_negative.OriginationService.ResponsePayloadReductionV2APIsNegative","GetLoanDocumentsByOfferIdNegative"
"Validates GET /v1/inventory/make with dynamic fields filtering","444","GetMakeNegative - Pass boolean instead of string","API_Regression_Suite","2026-03-25","passed","2026-03-25","autochek_api_negative.InventoryService.DynamicResponseNegative","Autochek_API_Automation","autochek_api_negative.InventoryService.DynamicResponseNegative","GetMakeNegative"
"","481","UpdateFranchise - is_anchor = """"","API_Regression_Suite","2026-03-25","passed","2026-03-25","autochek_api_negative.UserService.UserServiceNegative","Autochek_API_Automation","autochek_api_negative.UserService.UserServiceNegative","UpdateFranchise"
"Fetching loan by ID","1223","GetLoanByIdNegative - Send loan_id as whitespace only","API_Regression_Suite","2026-03-25","passed","2026-03-25","autochek_api_negative.OriginationService.ResponsePayloadReductionV2APIsNegative","Autochek_API_Automation","autochek_api_negative.OriginationService.ResponsePayloadReductionV2APIsNegative","GetLoanByIdNegative"
"","757","CreateFranchise - street_name is special characters","API_Regression_Suite","2026-03-25","passed","2026-03-25","autochek_api_negative.UserService.UserServiceNegative","Autochek_API_Automation","autochek_api_negative.UserService.UserServiceNegative","CreateFranchise"
"Validates GET /v2/origination/loans/{loan_id}/logbook/booking-info - Negative Test","3099","GetBookingInfoForLogbookLoanNegative - Send loan_id as numeric only","API_Regression_Suite","2026-03-25","passed","2026-03-25","autochek_api_negative.OriginationService.ResponsePayloadReductionV2APIsNegative","Autochek_API_Automation","autochek_api_negative.OriginationService.ResponsePayloadReductionV2APIsNegative","GetBookingInfoForLogbookLoanNegative"
"","1","PostUserSignUpV2Negative - FirstName is an empty string","API_Regression_Suite","2026-03-25","skipped","2026-03-25","autochek_api_negative.UserService.UserServiceV2Negative","Autochek_API_Automation","autochek_api_negative.UserService.UserServiceV2Negative","PostUserSignUpV2Negative"
"Submit Loan Customer Preferences","14059","SubmitLoanPreferencesNegative - requestedWarrantyPlan XSS injection","API_Regression_Suite","2026-03-25","passed","2026-03-25","autochek_api_negative.OfferSimulation.OfferSimulationNegative","Autochek_API_Automation","autochek_api_negative.OfferSimulation.OfferSimulationNegative","SubmitLoanPreferencesNegative"
"Create Inspection for the carID generated in Car Creation","587","PostCreateInspection - Too long inspection_request_id","API_Regression_Suite","2026-03-25","passed","2026-03-25","autochek_api_negative.DetachTyresSpecification.DetachTyresSpecificationNegative","Autochek_API_Automation","autochek_api_negative.DetachTyresSpecification.DetachTyresSpecificationNegative","PostCreateInspection"
"Update System Config dynamically for PASSWORD_POLICY or USER_SESSION","0","PatchSystemConfigV2 - DISALLOW_WHITESPACES object structure passed","API_Regression_Suite","2026-03-25","skipped","2026-03-25","autochek_api_negative.UserService.UserServiceV2Negative","Autochek_API_Automation","autochek_api_negative.UserService.UserServiceV2Negative","PatchSystemConfigV2"
"Create Inspection for the carID generated in Car Creation","587","PostCreateInspection - Array instead of boolean","API_Regression_Suite","2026-03-25","passed","2026-03-25","autochek_api_negative.DetachTyresSpecification.DetachTyresSpecificationNegative","Autochek_API_Automation","autochek_api_negative.DetachTyresSpecification.DetachTyresSpecificationNegative","PostCreateInspection"
"Submit Loan Customer Preferences","3331","SubmitLoanPreferencesNegative - Dealer Discount above allowed range","API_Regression_Suite","2026-03-25","passed","2026-03-25","autochek_api_negative.OfferSimulation.OfferSimulationNegative","Autochek_API_Automation","autochek_api_negative.OfferSimulation.OfferSimulationNegative","SubmitLoanPreferencesNegative"
"","758","CreateFranchise - phone with more than 9 digits","API_Regression_Suite","2026-03-25","passed","2026-03-25","autochek_api_negative.UserService.UserServiceNegative","Autochek_API_Automation","autochek_api_negative.UserService.UserServiceNegative","CreateFranchise"
"Submit Loan Customer Preferences","439","SubmitLoanPreferencesNegative - upfrontInsurance special characters","API_Regression_Suite","2026-03-25","failed","2026-03-25","autochek_api_negative.OfferSimulation.OfferSimulationNegative","Autochek_API_Automation","autochek_api_negative.OfferSimulation.OfferSimulationNegative","SubmitLoanPreferencesNegative"
"","969","CreateFranchise - email with sql injection attempt","API_Regression_Suite","2026-03-25","passed","2026-03-25","autochek_api_negative.UserService.UserServiceNegative","Autochek_API_Automation","autochek_api_negative.UserService.UserServiceNegative","CreateFranchise"
"Validates GET /v1/inventory/car with dynamic parameters - Negative Test","527","GetCarListNegative - Pass non-existing relation","API_Regression_Suite","2026-03-25","passed","2026-03-25","autochek_api_negative.InventoryService.DynamicResponseNegative","Autochek_API_Automation","autochek_api_negative.InventoryService.DynamicResponseNegative","GetCarListNegative"
"","449","submitLoanPreference - Omit tyreBrand","API_Regression_Suite","2026-03-25","passed","2026-03-25","autochek_api_positive.OfferSimulation.OfferSimulationPositive","Autochek_API_Automation","autochek_api_positive.OfferSimulation.OfferSimulationPositive","submitLoanPreference"
"Update Car and Validate Response","697","PutUpdateCar - is_upgraded as script injection","API_Regression_Suite","2026-03-25","passed","2026-03-25","autochek_api_negative.DetachTyresSpecification.DetachTyresSpecificationNegative","Autochek_API_Automation","autochek_api_negative.DetachTyresSpecification.DetachTyresSpecificationNegative","PutUpdateCar"
"Validates GET /v1/inspection with dynamic parameters - Negative Test","713","GetInspectionNegative - Pass special chars in fields","API_Regression_Suite","2026-03-25","passed","2026-03-25","autochek_api_negative.InventoryService.DynamicResponseNegative","Autochek_API_Automation","autochek_api_negative.InventoryService.DynamicResponseNegative","GetInspectionNegative"
"","467","UpdateFranchise - state special characters","API_Regression_Suite","2026-03-25","passed","2026-03-25","autochek_api_negative.UserService.UserServiceNegative","Autochek_API_Automation","autochek_api_negative.UserService.UserServiceNegative","UpdateFranchise"
"Update Car and Validate Response","573","PutUpdateCar - state as script injection","API_Regression_Suite","2026-03-25","passed","2026-03-25","autochek_api_negative.DetachTyresSpecification.DetachTyresSpecificationNegative","Autochek_API_Automation","autochek_api_negative.DetachTyresSpecification.DetachTyresSpecificationNegative","PutUpdateCar"
"Create Inspection for the carID generated in Car Creation","816","PostCreateInspection - Script injection","API_Regression_Suite","2026-03-25","passed","2026-03-25","autochek_api_negative.DetachTyresSpecification.DetachTyresSpecificationNegative","Autochek_API_Automation","autochek_api_negative.DetachTyresSpecification.DetachTyresSpecificationNegative","PostCreateInspection"
"","0","PostLookUpV2Negative - Identifier is too short to be valid phone number","API_Regression_Suite","2026-03-25","skipped","2026-03-25","autochek_api_negative.UserService.UserServiceV2Negative","Autochek_API_Automation","autochek_api_negative.UserService.UserServiceV2Negative","PostLookUpV2Negative"
"Submit Loan Customer Preferences","494","SubmitLoanPreferencesNegative - term zero months","API_Regression_Suite","2026-03-25","passed","2026-03-25","autochek_api_negative.OfferSimulation.OfferSimulationNegative","Autochek_API_Automation","autochek_api_negative.OfferSimulation.OfferSimulationNegative","SubmitLoanPreferencesNegative"
"","488","UpdateFranchise - account_number too long","API_Regression_Suite","2026-03-25","passed","2026-03-25","autochek_api_negative.UserService.UserServiceNegative","Autochek_API_Automation","autochek_api_negative.UserService.UserServiceNegative","UpdateFranchise"
"Validates GET /v1/inspection with dynamic parameters - Positive Test","703","GetInspection - Validate only car(model) field is returned","API_Regression_Suite","2026-03-25","passed","2026-03-25","autochek_api_positive.InventoryService.DynamicResponsePositive","Autochek_API_Automation","autochek_api_positive.InventoryService.DynamicResponsePositive","GetInspection"
"Submit Loan Customer Preferences","439","SubmitLoanPreferencesNegative - upfrontVehicleTracking null","API_Regression_Suite","2026-03-25","failed","2026-03-25","autochek_api_negative.OfferSimulation.OfferSimulationNegative","Autochek_API_Automation","autochek_api_negative.OfferSimulation.OfferSimulationNegative","SubmitLoanPreferencesNegative"
"Create Inspection for the carID generated in Car Creation","662","PostCreateInspection - Null car_id","API_Regression_Suite","2026-03-25","passed","2026-03-25","autochek_api_negative.DetachTyresSpecification.DetachTyresSpecificationNegative","Autochek_API_Automation","autochek_api_negative.DetachTyresSpecification.DetachTyresSpecificationNegative","PostCreateInspection"
"","789","CreateFranchise - display_address as boolean","API_Regression_Suite","2026-03-25","passed","2026-03-25","autochek_api_negative.UserService.UserServiceNegative","Autochek_API_Automation","autochek_api_negative.UserService.UserServiceNegative","CreateFranchise"
"Validates GET /v2/origination/offers with dynamic parameters - Positive Test","1371","GetOffersList - country is KE","API_Regression_Suite","2026-03-25","passed","2026-03-25","autochek_api_positive.OriginationService.ResponsePayloadReductionV2APIs","Autochek_API_Automation","autochek_api_positive.OriginationService.ResponsePayloadReductionV2APIs","GetOffersList"
"","0","PostLookUpV2Negative - Send no access token in cookie/header","API_Regression_Suite","2026-03-25","skipped","2026-03-25","autochek_api_negative.UserService.UserServiceV2Negative","Autochek_API_Automation","autochek_api_negative.UserService.UserServiceV2Negative","PostLookUpV2Negative"
"Delete USER_SESSION and PASSWORD_POLICY using stored IDs","0","deleteSystemConfigs - Delete with special characters as ID","API_Regression_Suite","2026-03-25","skipped","2026-03-25","autochek_api_negative.UserService.UserServiceV2Negative","Autochek_API_Automation","autochek_api_negative.UserService.UserServiceV2Negative","deleteSystemConfigs"
"Validates GET /v1/inventory/inspection_request with dynamic parameters - Negative Test","486","GetInspectionRequestNegative - Try SQL UNION based injection","API_Regression_Suite","2026-03-25","passed","2026-03-25","autochek_api_negative.InventoryService.DynamicResponseNegative","Autochek_API_Automation","autochek_api_negative.InventoryService.DynamicResponseNegative","GetInspectionRequestNegative"
"","767","CreateFranchise - city ID is empty string","API_Regression_Suite","2026-03-25","passed","2026-03-25","autochek_api_negative.UserService.UserServiceNegative","Autochek_API_Automation","autochek_api_negative.UserService.UserServiceNegative","CreateFranchise"
"Submit Loan Customer Preferences","439","SubmitLoanPreferencesNegative - feePaymentMethod boolean true","API_Regression_Suite","2026-03-25","failed","2026-03-25","autochek_api_negative.OfferSimulation.OfferSimulationNegative","Autochek_API_Automation","autochek_api_negative.OfferSimulation.OfferSimulationNegative","SubmitLoanPreferencesNegative"
"Validates GET /v1/inventory/car with dynamic parameters - Negative Test","1191","GetCarListNegative - Pass excluded field with special char","API_Regression_Suite","2026-03-25","passed","2026-03-25","autochek_api_negative.InventoryService.DynamicResponseNegative","Autochek_API_Automation","autochek_api_negative.InventoryService.DynamicResponseNegative","GetCarListNegative"
"Create Inspection for the carID generated in Car Creation","688","PostCreateInspection - Null location value","API_Regression_Suite","2026-03-25","passed","2026-03-25","autochek_api_negative.DetachTyresSpecification.DetachTyresSpecificationNegative","Autochek_API_Automation","autochek_api_negative.DetachTyresSpecification.DetachTyresSpecificationNegative","PostCreateInspection"
"","450","submitLoanPreference - Omit upfrontCreditLifeInsurance","API_Regression_Suite","2026-03-25","passed","2026-03-25","autochek_api_positive.OfferSimulation.OfferSimulationPositive","Autochek_API_Automation","autochek_api_positive.OfferSimulation.OfferSimulationPositive","submitLoanPreference"
"","976","CreateFranchise - owner is numeric string","API_Regression_Suite","2026-03-25","passed","2026-03-25","autochek_api_negative.UserService.UserServiceNegative","Autochek_API_Automation","autochek_api_negative.UserService.UserServiceNegative","CreateFranchise"
"Submit Loan Customer Preferences","435","SubmitLoanPreferencesNegative - upfrontInsurance long random text","API_Regression_Suite","2026-03-25","failed","2026-03-25","autochek_api_negative.OfferSimulation.OfferSimulationNegative","Autochek_API_Automation","autochek_api_negative.OfferSimulation.OfferSimulationNegative","SubmitLoanPreferencesNegative"
"Negative test for Create System Config V2","0","PostSystemConfigV2 - REQUIRE_LOWERCASE numeric instead of boolean","API_Regression_Suite","2026-03-25","skipped","2026-03-25","autochek_api_negative.UserService.UserServiceV2Negative","Autochek_API_Automation","autochek_api_negative.UserService.UserServiceV2Negative","PostSystemConfigV2"
"Validates GET /v2/origination/loans/{loan_id}/accepted-offer - Negative Test","599","GetAcceptedOfferByLoanIdNegative - offer_id with very long string (300 chars)","API_Regression_Suite","2026-03-25","passed","2026-03-25","autochek_api_negative.OriginationService.ResponsePayloadReductionV2APIsNegative","Autochek_API_Automation","autochek_api_negative.OriginationService.ResponsePayloadReductionV2APIsNegative","GetAcceptedOfferByLoanIdNegative"
"Get Offer Details by LoanID","570","GetOffersByLoanIdNegative - Send loan_id as random alphanumeric invalid format","API_Regression_Suite","2026-03-25","passed","2026-03-25","autochek_api_negative.OriginationService.ResponsePayloadReductionV2APIsNegative","Autochek_API_Automation","autochek_api_negative.OriginationService.ResponsePayloadReductionV2APIsNegative","GetOffersByLoanIdNegative"
"Update System Config dynamically for PASSWORD_POLICY or USER_SESSION","0","PatchSystemConfigV2 - MIN_LENGTH negative","API_Regression_Suite","2026-03-25","skipped","2026-03-25","autochek_api_negative.UserService.UserServiceV2Negative","Autochek_API_Automation","autochek_api_negative.UserService.UserServiceV2Negative","PatchSystemConfigV2"
"","758","CreateFranchise - house_no has special characters","API_Regression_Suite","2026-03-25","passed","2026-03-25","autochek_api_negative.UserService.UserServiceNegative","Autochek_API_Automation","autochek_api_negative.UserService.UserServiceNegative","CreateFranchise"
"Negative test for Create System Config V2","0","PostSystemConfigV2 - REQUIRE_LOWERCASE array structure passed","API_Regression_Suite","2026-03-25","skipped","2026-03-25","autochek_api_negative.UserService.UserServiceV2Negative","Autochek_API_Automation","autochek_api_negative.UserService.UserServiceV2Negative","PostSystemConfigV2"
"Validates GET /v2/origination/sources with dynamic parameters - Negative Test","610","GetBanksListNegative - country is null","API_Regression_Suite","2026-03-25","passed","2026-03-25","autochek_api_negative.OriginationService.ResponsePayloadReductionV2APIsNegative","Autochek_API_Automation","autochek_api_negative.OriginationService.ResponsePayloadReductionV2APIsNegative","GetBanksListNegative"
"Validates GET /v1/inventory/model with dynamic parameters - Negative Test","446","GetModelListNegative - Pass invalid relation name","API_Regression_Suite","2026-03-25","passed","2026-03-25","autochek_api_negative.InventoryService.DynamicResponseNegative","Autochek_API_Automation","autochek_api_negative.InventoryService.DynamicResponseNegative","GetModelListNegative"
"Validates GET /v2/origination/partners with dynamic parameters - Positive Test","15155","GetPartnersList - country is UG","API_Regression_Suite","2026-03-25","passed","2026-03-25","autochek_api_positive.OriginationService.ResponsePayloadReductionV2APIs","Autochek_API_Automation","autochek_api_positive.OriginationService.ResponsePayloadReductionV2APIs","GetPartnersList"
"Submit Loan Customer Preferences","2636","SubmitLoanPreferencesNegative - requestedWarrantyPlan SQL injection","API_Regression_Suite","2026-03-25","passed","2026-03-25","autochek_api_negative.OfferSimulation.OfferSimulationNegative","Autochek_API_Automation","autochek_api_negative.OfferSimulation.OfferSimulationNegative","SubmitLoanPreferencesNegative"
"Submit Loan Customer Preferences","917","SubmitLoanPreferencesNegative - vehicleDiscount blank","API_Regression_Suite","2026-03-25","passed","2026-03-25","autochek_api_negative.OfferSimulation.OfferSimulationNegative","Autochek_API_Automation","autochek_api_negative.OfferSimulation.OfferSimulationNegative","SubmitLoanPreferencesNegative"
"Update System Config dynamically for PASSWORD_POLICY or USER_SESSION","0","PatchSystemConfigV2 - REQUIRE_LOWERCASE null value","API_Regression_Suite","2026-03-25","skipped","2026-03-25","autochek_api_negative.UserService.UserServiceV2Negative","Autochek_API_Automation","autochek_api_negative.UserService.UserServiceV2Negative","PatchSystemConfigV2"
"Update System Config dynamically for PASSWORD_POLICY or USER_SESSION","0","PatchSystemConfigV2 - REQUIRE_UPPERCASE object structure passed","API_Regression_Suite","2026-03-25","skipped","2026-03-25","autochek_api_negative.UserService.UserServiceV2Negative","Autochek_API_Automation","autochek_api_negative.UserService.UserServiceV2Negative","PatchSystemConfigV2"
"Submit Loan Customer Preferences","443","SubmitLoanPreferencesNegative - interestRateType null","API_Regression_Suite","2026-03-25","failed","2026-03-25","autochek_api_negative.OfferSimulation.OfferSimulationNegative","Autochek_API_Automation","autochek_api_negative.OfferSimulation.OfferSimulationNegative","SubmitLoanPreferencesNegative"
"","1410","CreateFranchise - zip_code is null","API_Regression_Suite","2026-03-25","passed","2026-03-25","autochek_api_negative.UserService.UserServiceNegative","Autochek_API_Automation","autochek_api_negative.UserService.UserServiceNegative","CreateFranchise"
"Validates GET /v1/inventory/inspection_request with dynamic parameters - Positive Test","461","GetInspectionRequest - Validate only id field is returned","API_Regression_Suite","2026-03-25","passed","2026-03-25","autochek_api_positive.InventoryService.DynamicResponsePositive","Autochek_API_Automation","autochek_api_positive.InventoryService.DynamicResponsePositive","GetInspectionRequest"
"Update Car and Validate Response","645","PutUpdateCar - created_by special characters","API_Regression_Suite","2026-03-25","passed","2026-03-25","autochek_api_negative.DetachTyresSpecification.DetachTyresSpecificationNegative","Autochek_API_Automation","autochek_api_negative.DetachTyresSpecification.DetachTyresSpecificationNegative","PutUpdateCar"
"Submit Loan Customer Preferences","440","SubmitLoanPreferencesNegative - residualPercentage above 100%","API_Regression_Suite","2026-03-25","failed","2026-03-25","autochek_api_negative.OfferSimulation.OfferSimulationNegative","Autochek_API_Automation","autochek_api_negative.OfferSimulation.OfferSimulationNegative","SubmitLoanPreferencesNegative"
"Get the list of Tyre brands","454","GetTyreBrandsNegative - Use invalid case combination to test validation","API_Regression_Suite","2026-03-25","passed","2026-03-25","autochek_api_negative.OfferSimulation.OfferSimulationNegative","Autochek_API_Automation","autochek_api_negative.OfferSimulation.OfferSimulationNegative","GetTyreBrandsNegative"
"","734","GetMeV2 - Send valid access token in cookie → should return user profile details","API_Regression_Suite","2026-03-25","passed","2026-03-25","autochek_api_positive.UserService.UserServiceV2","Autochek_API_Automation","autochek_api_positive.UserService.UserServiceV2","GetMeV2"
"","481","UpdateFranchise - is_anchor = 0","API_Regression_Suite","2026-03-25","passed","2026-03-25","autochek_api_negative.UserService.UserServiceNegative","Autochek_API_Automation","autochek_api_negative.UserService.UserServiceNegative","UpdateFranchise"
"","491","UpdateFranchise - account_name with long string","API_Regression_Suite","2026-03-25","passed","2026-03-25","autochek_api_negative.UserService.UserServiceNegative","Autochek_API_Automation","autochek_api_negative.UserService.UserServiceNegative","UpdateFranchise"
"Create Inspection for the carID generated in Car Creation","738","PostCreateInspection - Leading spaces in form_id","API_Regression_Suite","2026-03-25","passed","2026-03-25","autochek_api_negative.DetachTyresSpecification.DetachTyresSpecificationNegative","Autochek_API_Automation","autochek_api_negative.DetachTyresSpecification.DetachTyresSpecificationNegative","PostCreateInspection"
"","1501","PostUserSignUpV2 - Verify signup with userType = workshop","API_Regression_Suite","2026-03-25","passed","2026-03-25","autochek_api_positive.UserService.UserServiceV2","Autochek_API_Automation","autochek_api_positive.UserService.UserServiceV2","PostUserSignUpV2"
"","1605","CreateFranchise - account_bvn float","API_Regression_Suite","2026-03-25","passed","2026-03-25","autochek_api_negative.UserService.UserServiceNegative","Autochek_API_Automation","autochek_api_negative.UserService.UserServiceNegative","CreateFranchise"
"Validates GET /v1/inventory/car with dynamic parameters - Negative Test","459","GetCarListNegative - Validate API fails when requesting invalid relation path","API_Regression_Suite","2026-03-25","passed","2026-03-25","autochek_api_negative.InventoryService.DynamicResponseNegative","Autochek_API_Automation","autochek_api_negative.InventoryService.DynamicResponseNegative","GetCarListNegative"
"","443","submitLoanPreference - Tyre Brand Annaite","API_Regression_Suite","2026-03-25","passed","2026-03-25","autochek_api_positive.OfferSimulation.OfferSimulationPositive","Autochek_API_Automation","autochek_api_positive.OfferSimulation.OfferSimulationPositive","submitLoanPreference"
"","447","GetFranchiseByID - html tag injection","API_Regression_Suite","2026-03-25","failed","2026-03-25","autochek_api_negative.UserService.UserServiceNegative","Autochek_API_Automation","autochek_api_negative.UserService.UserServiceNegative","GetFranchiseByID"
"Submit Loan Customer Preferences","4031","SubmitLoanPreferencesNegative - requestedWarrantyPlan numeric","API_Regression_Suite","2026-03-25","passed","2026-03-25","autochek_api_negative.OfferSimulation.OfferSimulationNegative","Autochek_API_Automation","autochek_api_negative.OfferSimulation.OfferSimulationNegative","SubmitLoanPreferencesNegative"
"","0","PostLogoutAllAdminNegative - Send invalid (tampered) access token","API_Regression_Suite","2026-03-25","skipped","2026-03-25","autochek_api_negative.UserService.UserServiceV2Negative","Autochek_API_Automation","autochek_api_negative.UserService.UserServiceV2Negative","PostLogoutAllAdminNegative"
"Validates GET /v1/inventory/make with dynamic fields filtering","444","GetMakeNegative - Pass duplicate field values","API_Regression_Suite","2026-03-25","passed","2026-03-25","autochek_api_negative.InventoryService.DynamicResponseNegative","Autochek_API_Automation","autochek_api_negative.InventoryService.DynamicResponseNegative","GetMakeNegative"
"Submit Loan Customer Preferences","663","SubmitLoanPreferencesNegative - equityContribution text value","API_Regression_Suite","2026-03-25","failed","2026-03-25","autochek_api_negative.OfferSimulation.OfferSimulationNegative","Autochek_API_Automation","autochek_api_negative.OfferSimulation.OfferSimulationNegative","SubmitLoanPreferencesNegative"
"","471","UpdateFranchise - longitude with special chars","API_Regression_Suite","2026-03-25","passed","2026-03-25","autochek_api_negative.UserService.UserServiceNegative","Autochek_API_Automation","autochek_api_negative.UserService.UserServiceNegative","UpdateFranchise"
"Submit Loan Customer Preferences","1197","SubmitLoanPreferencesNegative - requestedWarrantyPlan unsupported value","API_Regression_Suite","2026-03-25","passed","2026-03-25","autochek_api_negative.OfferSimulation.OfferSimulationNegative","Autochek_API_Automation","autochek_api_negative.OfferSimulation.OfferSimulationNegative","SubmitLoanPreferencesNegative"
"Fetching loan by ID","591","GetLoanByIdNegative - loan_id with valid format plus special characters","API_Regression_Suite","2026-03-25","passed","2026-03-25","autochek_api_negative.OriginationService.ResponsePayloadReductionV2APIsNegative","Autochek_API_Automation","autochek_api_negative.OriginationService.ResponsePayloadReductionV2APIsNegative","GetLoanByIdNegative"
"","487","GetFranchiseByID - decimal number as id","API_Regression_Suite","2026-03-25","passed","2026-03-25","autochek_api_negative.UserService.UserServiceNegative","Autochek_API_Automation","autochek_api_negative.UserService.UserServiceNegative","GetFranchiseByID"
"Validates GET /v1/inventory/inspection_request with dynamic parameters - Negative Test","476","GetInspectionRequestNegative - Pass whitespace-only value","API_Regression_Suite","2026-03-25","passed","2026-03-25","autochek_api_negative.InventoryService.DynamicResponseNegative","Autochek_API_Automation","autochek_api_negative.InventoryService.DynamicResponseNegative","GetInspectionRequestNegative"
"","1982","CreateFranchise - longitude as array","API_Regression_Suite","2026-03-25","passed","2026-03-25","autochek_api_negative.UserService.UserServiceNegative","Autochek_API_Automation","autochek_api_negative.UserService.UserServiceNegative","CreateFranchise"
"Delete USER_SESSION and PASSWORD_POLICY using stored IDs","1","deleteSystemConfigs - Delete with leading/trailing spaces in ID","API_Regression_Suite","2026-03-25","skipped","2026-03-25","autochek_api_negative.UserService.UserServiceV2Negative","Autochek_API_Automation","autochek_api_negative.UserService.UserServiceV2Negative","deleteSystemConfigs"
"","769","CreateFranchise - address whitespace only","API_Regression_Suite","2026-03-25","passed","2026-03-25","autochek_api_negative.UserService.UserServiceNegative","Autochek_API_Automation","autochek_api_negative.UserService.UserServiceNegative","CreateFranchise"
"","1039","CreateFranchise - account_number as array","API_Regression_Suite","2026-03-25","passed","2026-03-25","autochek_api_negative.UserService.UserServiceNegative","Autochek_API_Automation","autochek_api_negative.UserService.UserServiceNegative","CreateFranchise"
"Update Car and Validate Response","923","PutUpdateCar - engine_number whitespace only","API_Regression_Suite","2026-03-25","passed","2026-03-25","autochek_api_negative.DetachTyresSpecification.DetachTyresSpecificationNegative","Autochek_API_Automation","autochek_api_negative.DetachTyresSpecification.DetachTyresSpecificationNegative","PutUpdateCar"
"Create Inspection for the carID generated in Car Creation","455","PostCreateInspection - Invalid type string","API_Regression_Suite","2026-03-25","passed","2026-03-25","autochek_api_negative.DetachTyresSpecification.DetachTyresSpecificationNegative","Autochek_API_Automation","autochek_api_negative.DetachTyresSpecification.DetachTyresSpecificationNegative","PostCreateInspection"
"Validates GET /v1/inventory/trims with dynamic parameters - Positive Test","474","GetTrims - Validate only id and name fields are returned","API_Regression_Suite","2026-03-25","passed","2026-03-25","autochek_api_positive.InventoryService.DynamicResponsePositive","Autochek_API_Automation","autochek_api_positive.InventoryService.DynamicResponsePositive","GetTrims"
"Validates GET /v1/inventory/car with dynamic parameters - Positive Test","1181","GetCarList - Validate nested model fields with only make.id","API_Regression_Suite","2026-03-25","passed","2026-03-25","autochek_api_positive.InventoryService.DynamicResponsePositive","Autochek_API_Automation","autochek_api_positive.InventoryService.DynamicResponsePositive","GetCarList"
"Validates GET /v2/origination/loans with dynamic parameters - Positive Test","2215","GetLoansList - valid request where page_size is at a boundary value (10)","API_Regression_Suite","2026-03-25","passed","2026-03-25","autochek_api_positive.OriginationService.ResponsePayloadReductionV2APIs","Autochek_API_Automation","autochek_api_positive.OriginationService.ResponsePayloadReductionV2APIs","GetLoansList"
"","512","UpdateFranchise - email with invalid domain extension","API_Regression_Suite","2026-03-25","passed","2026-03-25","autochek_api_negative.UserService.UserServiceNegative","Autochek_API_Automation","autochek_api_negative.UserService.UserServiceNegative","UpdateFranchise"
"Validates GET /v1/inventory/model with dynamic parameters - Negative Test","438","GetModelListNegative - Use wrong delimiter","API_Regression_Suite","2026-03-25","passed","2026-03-25","autochek_api_negative.InventoryService.DynamicResponseNegative","Autochek_API_Automation","autochek_api_negative.InventoryService.DynamicResponseNegative","GetModelListNegative"
"Validates GET /v2/origination/sources with dynamic parameters - Negative Test","698","GetSourcesListNegative - page_size is zero","API_Regression_Suite","2026-03-25","passed","2026-03-25","autochek_api_negative.OriginationService.ResponsePayloadReductionV2APIsNegative","Autochek_API_Automation","autochek_api_negative.OriginationService.ResponsePayloadReductionV2APIsNegative","GetSourcesListNegative"
"Negative test for Create System Config V2","0","PostSystemConfigV2 - REQUIRE_SPECIAL_CHAR empty value","API_Regression_Suite","2026-03-25","skipped","2026-03-25","autochek_api_negative.UserService.UserServiceV2Negative","Autochek_API_Automation","autochek_api_negative.UserService.UserServiceV2Negative","PostSystemConfigV2"
"Validates GET /v1/inventory/make with dynamic fields filtering","438","GetMakeNegative - Exclude all valid fields with minus sign but invalid key","API_Regression_Suite","2026-03-25","passed","2026-03-25","autochek_api_negative.InventoryService.DynamicResponseNegative","Autochek_API_Automation","autochek_api_negative.InventoryService.DynamicResponseNegative","GetMakeNegative"
"Negative test for Create System Config V2","0","PostSystemConfigV2 - REQUIRE_NUMBER SQL injection attempt","API_Regression_Suite","2026-03-25","skipped","2026-03-25","autochek_api_negative.UserService.UserServiceV2Negative","Autochek_API_Automation","autochek_api_negative.UserService.UserServiceV2Negative","PostSystemConfigV2"
"Validates GET /v1/inspection with dynamic parameters - Positive Test","732","GetInspection - Validate only car(model(id)) field is returned","API_Regression_Suite","2026-03-25","passed","2026-03-25","autochek_api_positive.InventoryService.DynamicResponsePositive","Autochek_API_Automation","autochek_api_positive.InventoryService.DynamicResponsePositive","GetInspection"
"Submit Loan Customer Preferences","433","SubmitLoanPreferencesNegative - desiredLoanCurrency special chars","API_Regression_Suite","2026-03-25","failed","2026-03-25","autochek_api_negative.OfferSimulation.OfferSimulationNegative","Autochek_API_Automation","autochek_api_negative.OfferSimulation.OfferSimulationNegative","SubmitLoanPreferencesNegative"
"Validates GET /v2/origination/offers with dynamic parameters - Positive Test","501","GetOffersListNegative - page_size is array","API_Regression_Suite","2026-03-25","passed","2026-03-25","autochek_api_negative.OriginationService.ResponsePayloadReductionV2APIsNegative","Autochek_API_Automation","autochek_api_negative.OriginationService.ResponsePayloadReductionV2APIsNegative","GetOffersListNegative"
"","765","CreateFranchise - email with spaces","API_Regression_Suite","2026-03-25","passed","2026-03-25","autochek_api_negative.UserService.UserServiceNegative","Autochek_API_Automation","autochek_api_negative.UserService.UserServiceNegative","CreateFranchise"
"","798","CreateFranchise - address as array","API_Regression_Suite","2026-03-25","passed","2026-03-25","autochek_api_negative.UserService.UserServiceNegative","Autochek_API_Automation","autochek_api_negative.UserService.UserServiceNegative","CreateFranchise"
"","0","PostLoginV2Negative - Password is an empty string","API_Regression_Suite","2026-03-25","skipped","2026-03-25","autochek_api_negative.UserService.UserServiceV2Negative","Autochek_API_Automation","autochek_api_negative.UserService.UserServiceV2Negative","PostLoginV2Negative"
"Negative test for Create System Config V2","1","PostSystemConfigV2 - MAX_CONCURRENT_SESSIONS empty value","API_Regression_Suite","2026-03-25","skipped","2026-03-25","autochek_api_negative.UserService.UserServiceV2Negative","Autochek_API_Automation","autochek_api_negative.UserService.UserServiceV2Negative","PostSystemConfigV2"
"","481","UpdateFranchise - address is null","API_Regression_Suite","2026-03-25","passed","2026-03-25","autochek_api_negative.UserService.UserServiceNegative","Autochek_API_Automation","autochek_api_negative.UserService.UserServiceNegative","UpdateFranchise"
"Submit Loan Customer Preferences","442","SubmitLoanPreferencesNegative - residualPercentage null","API_Regression_Suite","2026-03-25","failed","2026-03-25","autochek_api_negative.OfferSimulation.OfferSimulationNegative","Autochek_API_Automation","autochek_api_negative.OfferSimulation.OfferSimulationNegative","SubmitLoanPreferencesNegative"
"Update Car and Validate Response","3","updateCar - Verify car updation with combination: created_by = XyZUSER101 & state = Niger","API_Regression_Suite","2026-03-25","passed","2026-03-25","autochek_api_positive.DetachTyreSpecification.DetachTyreSpecificationPositive","Autochek_API_Automation","autochek_api_positive.DetachTyreSpecification.DetachTyreSpecificationPositive","updateCar"
"","482","UpdateFranchise - display_address as object","API_Regression_Suite","2026-03-25","passed","2026-03-25","autochek_api_negative.UserService.UserServiceNegative","Autochek_API_Automation","autochek_api_negative.UserService.UserServiceNegative","UpdateFranchise"
"Create Inspection for the carID generated in Car Creation","656","PostCreateInspection - Special characters in completed","API_Regression_Suite","2026-03-25","passed","2026-03-25","autochek_api_negative.DetachTyresSpecification.DetachTyresSpecificationNegative","Autochek_API_Automation","autochek_api_negative.DetachTyresSpecification.DetachTyresSpecificationNegative","PostCreateInspection"
"Update System Config dynamically for PASSWORD_POLICY or USER_SESSION","1","PatchSystemConfigV2 - DISALLOW_WHITESPACES numeric instead of boolean","API_Regression_Suite","2026-03-25","skipped","2026-03-25","autochek_api_negative.UserService.UserServiceV2Negative","Autochek_API_Automation","autochek_api_negative.UserService.UserServiceV2Negative","PatchSystemConfigV2"
"","512","UpdateFranchise - zip_code is empty string","API_Regression_Suite","2026-03-25","passed","2026-03-25","autochek_api_negative.UserService.UserServiceNegative","Autochek_API_Automation","autochek_api_negative.UserService.UserServiceNegative","UpdateFranchise"
"Create Inspection for the carID generated in Car Creation","450","PostCreateInspection - Empty car_id","API_Regression_Suite","2026-03-25","passed","2026-03-25","autochek_api_negative.DetachTyresSpecification.DetachTyresSpecificationNegative","Autochek_API_Automation","autochek_api_negative.DetachTyresSpecification.DetachTyresSpecificationNegative","PostCreateInspection"
"Create Inspection for the carID generated in Car Creation","610","PostCreateInspection - Empty inspection_request_summary_id","API_Regression_Suite","2026-03-25","passed","2026-03-25","autochek_api_negative.DetachTyresSpecification.DetachTyresSpecificationNegative","Autochek_API_Automation","autochek_api_negative.DetachTyresSpecification.DetachTyresSpecificationNegative","PostCreateInspection"
"Validates GET /v1/inventory/make with dynamic fields filtering","684","GetMakeNegative - Use semicolon instead of comma for separation","API_Regression_Suite","2026-03-25","passed","2026-03-25","autochek_api_negative.InventoryService.DynamicResponseNegative","Autochek_API_Automation","autochek_api_negative.InventoryService.DynamicResponseNegative","GetMakeNegative"
"","588","CreateFranchise - owner is empty string","API_Regression_Suite","2026-03-25","passed","2026-03-25","autochek_api_negative.UserService.UserServiceNegative","Autochek_API_Automation","autochek_api_negative.UserService.UserServiceNegative","CreateFranchise"
"Validates GET /v1/inventory/trims with dynamic parameters - Negative Test","443","GetTrimsNegative - Validate response when passing null as field","API_Regression_Suite","2026-03-25","passed","2026-03-25","autochek_api_negative.InventoryService.DynamicResponseNegative","Autochek_API_Automation","autochek_api_negative.InventoryService.DynamicResponseNegative","GetTrimsNegative"
"","749","CreateFranchise - nearest_landmark has numbers","API_Regression_Suite","2026-03-25","passed","2026-03-25","autochek_api_negative.UserService.UserServiceNegative","Autochek_API_Automation","autochek_api_negative.UserService.UserServiceNegative","CreateFranchise"
"","841","CreateFranchise - account_name as boolean string","API_Regression_Suite","2026-03-25","passed","2026-03-25","autochek_api_negative.UserService.UserServiceNegative","Autochek_API_Automation","autochek_api_negative.UserService.UserServiceNegative","CreateFranchise"
"Submit Loan Customer Preferences","480","SubmitLoanPreferencesNegative - term special characters","API_Regression_Suite","2026-03-25","passed","2026-03-25","autochek_api_negative.OfferSimulation.OfferSimulationNegative","Autochek_API_Automation","autochek_api_negative.OfferSimulation.OfferSimulationNegative","SubmitLoanPreferencesNegative"
"","1312","CreateFranchise - account_number special chars","API_Regression_Suite","2026-03-25","passed","2026-03-25","autochek_api_negative.UserService.UserServiceNegative","Autochek_API_Automation","autochek_api_negative.UserService.UserServiceNegative","CreateFranchise"
"Validates GET /v2/origination/banks with dynamic parameters - Positive Test","7612","GetBanksList - valid request where page_size is at a boundary value (10)","API_Regression_Suite","2026-03-25","passed","2026-03-25","autochek_api_positive.OriginationService.ResponsePayloadReductionV2APIs","Autochek_API_Automation","autochek_api_positive.OriginationService.ResponsePayloadReductionV2APIs","GetBanksList"
"Validates GET /v2/origination/sources with dynamic parameters - Negative Test","487","GetBanksListNegative - page_size is special characters","API_Regression_Suite","2026-03-25","passed","2026-03-25","autochek_api_negative.OriginationService.ResponsePayloadReductionV2APIsNegative","Autochek_API_Automation","autochek_api_negative.OriginationService.ResponsePayloadReductionV2APIsNegative","GetBanksListNegative"
"","1","PostDisableUserV2Negative - Send userId containing special characters","API_Regression_Suite","2026-03-25","skipped","2026-03-25","autochek_api_negative.UserService.UserServiceV2Negative","Autochek_API_Automation","autochek_api_negative.UserService.UserServiceV2Negative","PostDisableUserV2Negative"
"Update Car and Validate Response","890","PutUpdateCar - engine_number with script injection","API_Regression_Suite","2026-03-25","passed","2026-03-25","autochek_api_negative.DetachTyresSpecification.DetachTyresSpecificationNegative","Autochek_API_Automation","autochek_api_negative.DetachTyresSpecification.DetachTyresSpecificationNegative","PutUpdateCar"
"Negative test for Create System Config V2","0","PostSystemConfigV2 - REQUIRE_UPPERCASE null value","API_Regression_Suite","2026-03-25","skipped","2026-03-25","autochek_api_negative.UserService.UserServiceV2Negative","Autochek_API_Automation","autochek_api_negative.UserService.UserServiceV2Negative","PostSystemConfigV2"
"Update System Config dynamically for PASSWORD_POLICY or USER_SESSION","0","PatchSystemConfigV2 - MIN_LENGTH decimal","API_Regression_Suite","2026-03-25","skipped","2026-03-25","autochek_api_negative.UserService.UserServiceV2Negative","Autochek_API_Automation","autochek_api_negative.UserService.UserServiceV2Negative","PatchSystemConfigV2"
"Create Inspection for the carID generated in Car Creation","583","PostCreateInspection - Only latitude without longitude","API_Regression_Suite","2026-03-25","passed","2026-03-25","autochek_api_negative.DetachTyresSpecification.DetachTyresSpecificationNegative","Autochek_API_Automation","autochek_api_negative.DetachTyresSpecification.DetachTyresSpecificationNegative","PostCreateInspection"
"","0","PostUserSignUpV2Negative - LastName is an empty string","API_Regression_Suite","2026-03-25","skipped","2026-03-25","autochek_api_negative.UserService.UserServiceV2Negative","Autochek_API_Automation","autochek_api_negative.UserService.UserServiceV2Negative","PostUserSignUpV2Negative"
"Create Inspection for the carID generated in Car Creation","614","PostCreateInspection - Car_id with trailing space","API_Regression_Suite","2026-03-25","passed","2026-03-25","autochek_api_negative.DetachTyresSpecification.DetachTyresSpecificationNegative","Autochek_API_Automation","autochek_api_negative.DetachTyresSpecification.DetachTyresSpecificationNegative","PostCreateInspection"
"Submit Loan Customer Preferences","3663","SubmitLoanPreferencesNegative - requestedWarrantyPlan boolean","API_Regression_Suite","2026-03-25","passed","2026-03-25","autochek_api_negative.OfferSimulation.OfferSimulationNegative","Autochek_API_Automation","autochek_api_negative.OfferSimulation.OfferSimulationNegative","SubmitLoanPreferencesNegative"
"Update System Config dynamically for PASSWORD_POLICY or USER_SESSION","0","PatchSystemConfigV2 - MAX_LENGTH zero","API_Regression_Suite","2026-03-25","skipped","2026-03-25","autochek_api_negative.UserService.UserServiceV2Negative","Autochek_API_Automation","autochek_api_negative.UserService.UserServiceV2Negative","PatchSystemConfigV2"
"Validates GET /v2/origination/sources with dynamic parameters - Positive Test","4465","GetSourcesList - country is GH","API_Regression_Suite","2026-03-25","passed","2026-03-25","autochek_api_positive.OriginationService.ResponsePayloadReductionV2APIs","Autochek_API_Automation","autochek_api_positive.OriginationService.ResponsePayloadReductionV2APIs","GetSourcesList"
"Validates GET /v2/origination/loans/{loan_id}/accepted-offer with dynamic parameters - Positive Test","32282","GetAcceptedOfferByLoanId","API_Regression_Suite","2026-03-25","passed","2026-03-25","autochek_api_positive.OriginationService.ResponsePayloadReductionV2APIs","Autochek_API_Automation","autochek_api_positive.OriginationService.ResponsePayloadReductionV2APIs","GetAcceptedOfferByLoanId"
"Validates GET /v1/inventory/inspection_request with dynamic parameters - Negative Test","441","GetInspectionRequestNegative - Try comment-based SQL injection","API_Regression_Suite","2026-03-25","passed","2026-03-25","autochek_api_negative.InventoryService.DynamicResponseNegative","Autochek_API_Automation","autochek_api_negative.InventoryService.DynamicResponseNegative","GetInspectionRequestNegative"
"","1256","CreateFranchise - email is empty string","API_Regression_Suite","2026-03-25","passed","2026-03-25","autochek_api_negative.UserService.UserServiceNegative","Autochek_API_Automation","autochek_api_negative.UserService.UserServiceNegative","CreateFranchise"
"Update System Config dynamically for PASSWORD_POLICY or USER_SESSION","0","PatchSystemConfigV2 - MAX_LENGTH empty","API_Regression_Suite","2026-03-25","skipped","2026-03-25","autochek_api_negative.UserService.UserServiceV2Negative","Autochek_API_Automation","autochek_api_negative.UserService.UserServiceV2Negative","PatchSystemConfigV2"
"Submit Loan Customer Preferences","2872","SubmitLoanPreferencesNegative - tyreBrand boolean instead of string","API_Regression_Suite","2026-03-25","passed","2026-03-25","autochek_api_negative.OfferSimulation.OfferSimulationNegative","Autochek_API_Automation","autochek_api_negative.OfferSimulation.OfferSimulationNegative","SubmitLoanPreferencesNegative"
"Validates GET /v1/inventory/obds with dynamic parameters - Positive Test","468","GetObds - Validate code and description fields are returned","API_Regression_Suite","2026-03-25","passed","2026-03-25","autochek_api_positive.InventoryService.DynamicResponsePositive","Autochek_API_Automation","autochek_api_positive.InventoryService.DynamicResponsePositive","GetObds"
"Validates GET /v2/origination/loans with dynamic parameters - Negative Test","502","GetLoansListNegative - page_size is zero","API_Regression_Suite","2026-03-25","passed","2026-03-25","autochek_api_negative.OriginationService.ResponsePayloadReductionV2APIsNegative","Autochek_API_Automation","autochek_api_negative.OriginationService.ResponsePayloadReductionV2APIsNegative","GetLoansListNegative"
"Validates GET /v2/origination/partners with dynamic parameters - Positive Test","5636","GetPartnersList - country is KE","API_Regression_Suite","2026-03-25","passed","2026-03-25","autochek_api_positive.OriginationService.ResponsePayloadReductionV2APIs","Autochek_API_Automation","autochek_api_positive.OriginationService.ResponsePayloadReductionV2APIs","GetPartnersList"
"Submit Loan Customer Preferences","435","SubmitLoanPreferencesNegative - equityContribution special characters","API_Regression_Suite","2026-03-25","failed","2026-03-25","autochek_api_negative.OfferSimulation.OfferSimulationNegative","Autochek_API_Automation","autochek_api_negative.OfferSimulation.OfferSimulationNegative","SubmitLoanPreferencesNegative"
"Validates GET /v2/origination/loans with dynamic parameters - Negative Test","566","GetLoansListNegative - page_size is special characters","API_Regression_Suite","2026-03-25","passed","2026-03-25","autochek_api_negative.OriginationService.ResponsePayloadReductionV2APIsNegative","Autochek_API_Automation","autochek_api_negative.OriginationService.ResponsePayloadReductionV2APIsNegative","GetLoansListNegative"
"Fetching loan by ID","901","GetLoanByIdNegative - Send loan_id as null","API_Regression_Suite","2026-03-25","passed","2026-03-25","autochek_api_negative.OriginationService.ResponsePayloadReductionV2APIsNegative","Autochek_API_Automation","autochek_api_negative.OriginationService.ResponsePayloadReductionV2APIsNegative","GetLoanByIdNegative"
"Update Car and Validate Response","555","PutUpdateCar - state with special characters","API_Regression_Suite","2026-03-25","passed","2026-03-25","autochek_api_negative.DetachTyresSpecification.DetachTyresSpecificationNegative","Autochek_API_Automation","autochek_api_negative.DetachTyresSpecification.DetachTyresSpecificationNegative","PutUpdateCar"
"Update System Config dynamically for PASSWORD_POLICY or USER_SESSION","0","PatchSystemConfigV2 - MAX_LENGTH decimal","API_Regression_Suite","2026-03-25","skipped","2026-03-25","autochek_api_negative.UserService.UserServiceV2Negative","Autochek_API_Automation","autochek_api_negative.UserService.UserServiceV2Negative","PatchSystemConfigV2"
"","0","PostUserSignUpV2Negative - FirstName is null","API_Regression_Suite","2026-03-25","skipped","2026-03-25","autochek_api_negative.UserService.UserServiceV2Negative","Autochek_API_Automation","autochek_api_negative.UserService.UserServiceV2Negative","PostUserSignUpV2Negative"
"","774","CreateFranchise - phone with leading/trailing spaces","API_Regression_Suite","2026-03-25","passed","2026-03-25","autochek_api_negative.UserService.UserServiceNegative","Autochek_API_Automation","autochek_api_negative.UserService.UserServiceNegative","CreateFranchise"
"Get TyreSpecs Details by Car ID","459","GetTyreSpecs - car_id too short (1 char)","API_Regression_Suite","2026-03-25","passed","2026-03-25","autochek_api_negative.DetachTyresSpecification.DetachTyresSpecificationNegative","Autochek_API_Automation","autochek_api_negative.DetachTyresSpecification.DetachTyresSpecificationNegative","GetTyreSpecs"
"","484","UpdateFranchise - phone with letters","API_Regression_Suite","2026-03-25","passed","2026-03-25","autochek_api_negative.UserService.UserServiceNegative","Autochek_API_Automation","autochek_api_negative.UserService.UserServiceNegative","UpdateFranchise"
"Validates GET /v1/inventory/obds with dynamic parameters - Negative Test","553","GetObdsNegative - Mix valid and invalid fields","API_Regression_Suite","2026-03-25","passed","2026-03-25","autochek_api_negative.InventoryService.DynamicResponseNegative","Autochek_API_Automation","autochek_api_negative.InventoryService.DynamicResponseNegative","GetObdsNegative"
"Get the list of Tyre brands","453","GetTyreBrandsNegative - Input is all spaces","API_Regression_Suite","2026-03-25","passed","2026-03-25","autochek_api_negative.OfferSimulation.OfferSimulationNegative","Autochek_API_Automation","autochek_api_negative.OfferSimulation.OfferSimulationNegative","GetTyreBrandsNegative"
"","6204","PostDisableUserV2 - Send valid userId that exists and is currently enabled","API_Regression_Suite","2026-03-25","passed","2026-03-25","autochek_api_positive.UserService.UserServiceV2","Autochek_API_Automation","autochek_api_positive.UserService.UserServiceV2","PostDisableUserV2"
"","1","PostRefreshV2Negative - Send expired refresh token","API_Regression_Suite","2026-03-25","skipped","2026-03-25","autochek_api_negative.UserService.UserServiceV2Negative","Autochek_API_Automation","autochek_api_negative.UserService.UserServiceV2Negative","PostRefreshV2Negative"
"Validates GET /v1/inventory/body_type with dynamic parameters - Negative Test","445","GetBodyTypeNegative - Pass mixed valid + invalid fields","API_Regression_Suite","2026-03-25","passed","2026-03-25","autochek_api_negative.InventoryService.DynamicResponseNegative","Autochek_API_Automation","autochek_api_negative.InventoryService.DynamicResponseNegative","GetBodyTypeNegative"
"Accept Simulation Offer","460","AcceptOfferNegative - Script injection (XSS attempt)","API_Regression_Suite","2026-03-25","passed","2026-03-25","autochek_api_negative.OfferSimulation.OfferSimulationNegative","Autochek_API_Automation","autochek_api_negative.OfferSimulation.OfferSimulationNegative","AcceptOfferNegative"
"Validates GET /v1/inventory/body_type with dynamic parameters - Negative Test","473","GetBodyTypeNegative - Pass object instead of string","API_Regression_Suite","2026-03-25","passed","2026-03-25","autochek_api_negative.InventoryService.DynamicResponseNegative","Autochek_API_Automation","autochek_api_negative.InventoryService.DynamicResponseNegative","GetBodyTypeNegative"
"","804","CreateFranchise - email with invalid characters","API_Regression_Suite","2026-03-25","passed","2026-03-25","autochek_api_negative.UserService.UserServiceNegative","Autochek_API_Automation","autochek_api_negative.UserService.UserServiceNegative","CreateFranchise"
"Update Car and Validate Response","1284","PutUpdateCar - created_by invalid format with symbols","API_Regression_Suite","2026-03-25","passed","2026-03-25","autochek_api_negative.DetachTyresSpecification.DetachTyresSpecificationNegative","Autochek_API_Automation","autochek_api_negative.DetachTyresSpecification.DetachTyresSpecificationNegative","PutUpdateCar"
"Update Car and Validate Response","651","PutUpdateCar - created_by as empty","API_Regression_Suite","2026-03-25","failed","2026-03-25","autochek_api_negative.DetachTyresSpecification.DetachTyresSpecificationNegative","Autochek_API_Automation","autochek_api_negative.DetachTyresSpecification.DetachTyresSpecificationNegative","PutUpdateCar"
"Update Car and Validate Response","1008","PutUpdateCar - engine_number with SQL injection attempt","API_Regression_Suite","2026-03-25","passed","2026-03-25","autochek_api_negative.DetachTyresSpecification.DetachTyresSpecificationNegative","Autochek_API_Automation","autochek_api_negative.DetachTyresSpecification.DetachTyresSpecificationNegative","PutUpdateCar"
"Validates GET /v1/inspection with dynamic parameters - Negative Test","687","GetInspectionNegative - Pass duplicate fields","API_Regression_Suite","2026-03-25","passed","2026-03-25","autochek_api_negative.InventoryService.DynamicResponseNegative","Autochek_API_Automation","autochek_api_negative.InventoryService.DynamicResponseNegative","GetInspectionNegative"
"Submit Loan Customer Preferences","439","SubmitLoanPreferencesNegative - dealDiscount text","API_Regression_Suite","2026-03-25","failed","2026-03-25","autochek_api_negative.OfferSimulation.OfferSimulationNegative","Autochek_API_Automation","autochek_api_negative.OfferSimulation.OfferSimulationNegative","SubmitLoanPreferencesNegative"
"Validates GET /v2/origination/offers with dynamic parameters - Positive Test","496","GetOffersListNegative - country is longer than 2 chars","API_Regression_Suite","2026-03-25","passed","2026-03-25","autochek_api_negative.OriginationService.ResponsePayloadReductionV2APIsNegative","Autochek_API_Automation","autochek_api_negative.OriginationService.ResponsePayloadReductionV2APIsNegative","GetOffersListNegative"
"Get Offer Details by OfferID","591","GetOffersByIdNegative - offer_id with Unicode characters","API_Regression_Suite","2026-03-25","passed","2026-03-25","autochek_api_negative.OriginationService.ResponsePayloadReductionV2APIsNegative","Autochek_API_Automation","autochek_api_negative.OriginationService.ResponsePayloadReductionV2APIsNegative","GetOffersByIdNegative"
"Update Car and Validate Response","734","PutUpdateCar - address with whitespace only","API_Regression_Suite","2026-03-25","passed","2026-03-25","autochek_api_negative.DetachTyresSpecification.DetachTyresSpecificationNegative","Autochek_API_Automation","autochek_api_negative.DetachTyresSpecification.DetachTyresSpecificationNegative","PutUpdateCar"
"Update Car and Validate Response","470","PutUpdateCar - owner_type as null","API_Regression_Suite","2026-03-25","passed","2026-03-25","autochek_api_negative.DetachTyresSpecification.DetachTyresSpecificationNegative","Autochek_API_Automation","autochek_api_negative.DetachTyresSpecification.DetachTyresSpecificationNegative","PutUpdateCar"
"","485","UpdateFranchise - owner is null","API_Regression_Suite","2026-03-25","passed","2026-03-25","autochek_api_negative.UserService.UserServiceNegative","Autochek_API_Automation","autochek_api_negative.UserService.UserServiceNegative","UpdateFranchise"
"Validates GET /v1/origination/offers/{offer_Id}/loan-document with dynamic parameters - Negative Test","577","GetLoanDocumentsByOfferIdNegative - HTML tag injection","API_Regression_Suite","2026-03-25","passed","2026-03-25","autochek_api_negative.OriginationService.ResponsePayloadReductionV2APIsNegative","Autochek_API_Automation","autochek_api_negative.OriginationService.ResponsePayloadReductionV2APIsNegative","GetLoanDocumentsByOfferIdNegative"
"Submit Loan Customer Preferences","452","SubmitLoanPreferencesNegative - includeLicenceRenewalFees unsupported option maybe","API_Regression_Suite","2026-03-25","failed","2026-03-25","autochek_api_negative.OfferSimulation.OfferSimulationNegative","Autochek_API_Automation","autochek_api_negative.OfferSimulation.OfferSimulationNegative","SubmitLoanPreferencesNegative"
"Validates GET /v1/inventory/inspection_request with dynamic parameters - Negative Test","447","GetInspectionRequestNegative - Pass numeric field names (expect schema validation error)","API_Regression_Suite","2026-03-25","passed","2026-03-25","autochek_api_negative.InventoryService.DynamicResponseNegative","Autochek_API_Automation","autochek_api_negative.InventoryService.DynamicResponseNegative","GetInspectionRequestNegative"
"","809","CreateFranchise - account_number boolean","API_Regression_Suite","2026-03-25","passed","2026-03-25","autochek_api_negative.UserService.UserServiceNegative","Autochek_API_Automation","autochek_api_negative.UserService.UserServiceNegative","CreateFranchise"
"Get TyreSpecs Details by Car ID","0","GetTyreSpecs","API_Regression_Suite","2026-03-25","passed","2026-03-25","autochek_api_positive.DetachTyreSpecification.DetachTyreSpecificationPositive","Autochek_API_Automation","autochek_api_positive.DetachTyreSpecification.DetachTyreSpecificationPositive","GetTyreSpecs"
"Validates GET /v1/inventory/model with dynamic parameters - Negative Test","476","GetModelListNegative - Pass valid + invalid field together","API_Regression_Suite","2026-03-25","passed","2026-03-25","autochek_api_negative.InventoryService.DynamicResponseNegative","Autochek_API_Automation","autochek_api_negative.InventoryService.DynamicResponseNegative","GetModelListNegative"
"","761","CreateFranchise - display_address as array","API_Regression_Suite","2026-03-25","passed","2026-03-25","autochek_api_negative.UserService.UserServiceNegative","Autochek_API_Automation","autochek_api_negative.UserService.UserServiceNegative","CreateFranchise"
"","477","submitLoanPreference - Interest rate type Fixed rate","API_Regression_Suite","2026-03-25","passed","2026-03-25","autochek_api_positive.OfferSimulation.OfferSimulationPositive","Autochek_API_Automation","autochek_api_positive.OfferSimulation.OfferSimulationPositive","submitLoanPreference"
"","485","UpdateFranchise - owner is empty string","API_Regression_Suite","2026-03-25","passed","2026-03-25","autochek_api_negative.UserService.UserServiceNegative","Autochek_API_Automation","autochek_api_negative.UserService.UserServiceNegative","UpdateFranchise"
"","1013","UpdateFranchise - city is numeric","API_Regression_Suite","2026-03-25","passed","2026-03-25","autochek_api_negative.UserService.UserServiceNegative","Autochek_API_Automation","autochek_api_negative.UserService.UserServiceNegative","UpdateFranchise"
"Validates GET /v2/origination/offers with dynamic parameters - Positive Test","503","GetOffersListNegative - country is array","API_Regression_Suite","2026-03-25","passed","2026-03-25","autochek_api_negative.OriginationService.ResponsePayloadReductionV2APIsNegative","Autochek_API_Automation","autochek_api_negative.OriginationService.ResponsePayloadReductionV2APIsNegative","GetOffersListNegative"
"","1","PostLogoutAllAdminNegative - userId as empty string","API_Regression_Suite","2026-03-25","skipped","2026-03-25","autochek_api_negative.UserService.UserServiceV2Negative","Autochek_API_Automation","autochek_api_negative.UserService.UserServiceV2Negative","PostLogoutAllAdminNegative"
"Verify PATCH updates by comparing stored payload with GET response","1","VerifyPatchWithGet","API_Regression_Suite","2026-03-25","skipped","2026-03-25","autochek_api_negative.UserService.UserServiceV2Negative","Autochek_API_Automation","autochek_api_negative.UserService.UserServiceV2Negative","VerifyPatchWithGet"
"","1257","PostUserSignUpV2 - Verify signup with userType = partner","API_Regression_Suite","2026-03-25","passed","2026-03-25","autochek_api_positive.UserService.UserServiceV2","Autochek_API_Automation","autochek_api_positive.UserService.UserServiceV2","PostUserSignUpV2"
"Submit Loan Customer Preferences","484","SubmitLoanPreferencesNegative - term unsupported unit weeks","API_Regression_Suite","2026-03-25","passed","2026-03-25","autochek_api_negative.OfferSimulation.OfferSimulationNegative","Autochek_API_Automation","autochek_api_negative.OfferSimulation.OfferSimulationNegative","SubmitLoanPreferencesNegative"
"Update Car and Validate Response","736","PutUpdateCar - address too short (1 char)","API_Regression_Suite","2026-03-25","passed","2026-03-25","autochek_api_negative.DetachTyresSpecification.DetachTyresSpecificationNegative","Autochek_API_Automation","autochek_api_negative.DetachTyresSpecification.DetachTyresSpecificationNegative","PutUpdateCar"
"","435","submitLoanPreference - Omit tyreQuantity","API_Regression_Suite","2026-03-25","passed","2026-03-25","autochek_api_positive.OfferSimulation.OfferSimulationPositive","Autochek_API_Automation","autochek_api_positive.OfferSimulation.OfferSimulationPositive","submitLoanPreference"
"","481","UpdateFranchise - name has only special characters","API_Regression_Suite","2026-03-25","passed","2026-03-25","autochek_api_negative.UserService.UserServiceNegative","Autochek_API_Automation","autochek_api_negative.UserService.UserServiceNegative","UpdateFranchise"
"","749","CreateFranchise - display_address is empty","API_Regression_Suite","2026-03-25","passed","2026-03-25","autochek_api_negative.UserService.UserServiceNegative","Autochek_API_Automation","autochek_api_negative.UserService.UserServiceNegative","CreateFranchise"
"Get TyreSpecs Details by Car ID","463","GetTyreSpecs - car_id numeric only","API_Regression_Suite","2026-03-25","passed","2026-03-25","autochek_api_negative.DetachTyresSpecification.DetachTyresSpecificationNegative","Autochek_API_Automation","autochek_api_negative.DetachTyresSpecification.DetachTyresSpecificationNegative","GetTyreSpecs"
"Validates GET /v1/franchise with dynamic parameters - Positive Test","1688","GetFranchiseList - valid request where page_size is at a boundary value (10)","API_Regression_Suite","2026-03-25","passed","2026-03-25","autochek_api_positive.UserService.UserService","Autochek_API_Automation","autochek_api_positive.UserService.UserService","GetFranchiseList"
"Validates GET /v1/inventory/trims with dynamic parameters - Negative Test","450","GetTrimsNegative - Validate response when passing numeric value as field","API_Regression_Suite","2026-03-25","passed","2026-03-25","autochek_api_negative.InventoryService.DynamicResponseNegative","Autochek_API_Automation","autochek_api_negative.InventoryService.DynamicResponseNegative","GetTrimsNegative"
"","1","PatchUpdatePasswordV2Negative - Send empty newPassword value","API_Regression_Suite","2026-03-25","skipped","2026-03-25","autochek_api_negative.UserService.UserServiceV2Negative","Autochek_API_Automation","autochek_api_negative.UserService.UserServiceV2Negative","PatchUpdatePasswordV2Negative"
"Validates GET /v1/inspection with dynamic parameters - Negative Test","788","GetInspectionNegative - Pass excluded field with special char","API_Regression_Suite","2026-03-25","passed","2026-03-25","autochek_api_negative.InventoryService.DynamicResponseNegative","Autochek_API_Automation","autochek_api_negative.InventoryService.DynamicResponseNegative","GetInspectionNegative"
"Validates GET /v2/origination/sources with dynamic parameters - Negative Test","806","GetSourcesListNegative - country is array","API_Regression_Suite","2026-03-25","passed","2026-03-25","autochek_api_negative.OriginationService.ResponsePayloadReductionV2APIsNegative","Autochek_API_Automation","autochek_api_negative.OriginationService.ResponsePayloadReductionV2APIsNegative","GetSourcesListNegative"
"Validates GET /v2/origination/partners with dynamic parameters - Positive Test","538","GetPartnersListNegative - country is number","API_Regression_Suite","2026-03-25","passed","2026-03-25","autochek_api_negative.OriginationService.ResponsePayloadReductionV2APIsNegative","Autochek_API_Automation","autochek_api_negative.OriginationService.ResponsePayloadReductionV2APIsNegative","GetPartnersListNegative"
"Submit Loan Customer Preferences","2114","SubmitLoanPreferencesNegative - vehicleDiscount >100%","API_Regression_Suite","2026-03-25","passed","2026-03-25","autochek_api_negative.OfferSimulation.OfferSimulationNegative","Autochek_API_Automation","autochek_api_negative.OfferSimulation.OfferSimulationNegative","SubmitLoanPreferencesNegative"
"Submit Loan Customer Preferences","437","SubmitLoanPreferencesNegative - upfrontCreditLifeInsurance XSS injection","API_Regression_Suite","2026-03-25","failed","2026-03-25","autochek_api_negative.OfferSimulation.OfferSimulationNegative","Autochek_API_Automation","autochek_api_negative.OfferSimulation.OfferSimulationNegative","SubmitLoanPreferencesNegative"
"","485","GetFranchiseByID - valid id with one character altered","API_Regression_Suite","2026-03-25","passed","2026-03-25","autochek_api_negative.UserService.UserServiceNegative","Autochek_API_Automation","autochek_api_negative.UserService.UserServiceNegative","GetFranchiseByID"
"","750","CreateFranchise - is_anchor = special char","API_Regression_Suite","2026-03-25","passed","2026-03-25","autochek_api_negative.UserService.UserServiceNegative","Autochek_API_Automation","autochek_api_negative.UserService.UserServiceNegative","CreateFranchise"
"Create Car and Validate Response","1908","CreateCar - Verify car creation with cc_measurement = 1.6","API_Regression_Suite","2026-03-25","broken","2026-03-25","autochek_api_positive.DetachTyreSpecification.DetachTyreSpecificationPositive","Autochek_API_Automation","autochek_api_positive.DetachTyreSpecification.DetachTyreSpecificationPositive","CreateCar"
"Update System Config dynamically for PASSWORD_POLICY or USER_SESSION","0","PatchSystemConfigV2 - MAX_CONCURRENT_SESSIONS decimal value","API_Regression_Suite","2026-03-25","skipped","2026-03-25","autochek_api_negative.UserService.UserServiceV2Negative","Autochek_API_Automation","autochek_api_negative.UserService.UserServiceV2Negative","PatchSystemConfigV2"
"Validates GET /v2/origination/loans/{loan_id}/logbook/car-details - Negative Test","599","GetLogbookCarDetailsByLoanIdNegative - Script injection (XSS attempt)","API_Regression_Suite","2026-03-25","passed","2026-03-25","autochek_api_negative.OriginationService.ResponsePayloadReductionV2APIsNegative","Autochek_API_Automation","autochek_api_negative.OriginationService.ResponsePayloadReductionV2APIsNegative","GetLogbookCarDetailsByLoanIdNegative"
"","1","PostLookUpV2Negative - Send invalid (tampered) access token","API_Regression_Suite","2026-03-25","skipped","2026-03-25","autochek_api_negative.UserService.UserServiceV2Negative","Autochek_API_Automation","autochek_api_negative.UserService.UserServiceV2Negative","PostLookUpV2Negative"
"Create Inspection for the carID generated in Car Creation","650","PostCreateInspection - SQL injection attempt in completed","API_Regression_Suite","2026-03-25","passed","2026-03-25","autochek_api_negative.DetachTyresSpecification.DetachTyresSpecificationNegative","Autochek_API_Automation","autochek_api_negative.DetachTyresSpecification.DetachTyresSpecificationNegative","PostCreateInspection"
"Submit Loan Customer Preferences","430","SubmitLoanPreferencesNegative - upfrontCreditLifeInsurance very long string","API_Regression_Suite","2026-03-25","failed","2026-03-25","autochek_api_negative.OfferSimulation.OfferSimulationNegative","Autochek_API_Automation","autochek_api_negative.OfferSimulation.OfferSimulationNegative","SubmitLoanPreferencesNegative"
"","502","submitLoanPreference - Omit term","API_Regression_Suite","2026-03-25","passed","2026-03-25","autochek_api_positive.OfferSimulation.OfferSimulationPositive","Autochek_API_Automation","autochek_api_positive.OfferSimulation.OfferSimulationPositive","submitLoanPreference"
"Validates GET /v1/inventory/trims with dynamic parameters - Negative Test","483","GetTrimsNegative - Validate response when passing script injection tag","API_Regression_Suite","2026-03-25","passed","2026-03-25","autochek_api_negative.InventoryService.DynamicResponseNegative","Autochek_API_Automation","autochek_api_negative.InventoryService.DynamicResponseNegative","GetTrimsNegative"
"Negative test for Create System Config V2","0","PostSystemConfigV2 - MAX_LENGTH empty","API_Regression_Suite","2026-03-25","skipped","2026-03-25","autochek_api_negative.UserService.UserServiceV2Negative","Autochek_API_Automation","autochek_api_negative.UserService.UserServiceV2Negative","PostSystemConfigV2"
"","826","CreateFranchise - bank_name html","API_Regression_Suite","2026-03-25","passed","2026-03-25","autochek_api_negative.UserService.UserServiceNegative","Autochek_API_Automation","autochek_api_negative.UserService.UserServiceNegative","CreateFranchise"
"Validates GET /v2/origination/sources with dynamic parameters - Negative Test","1071","GetSourcesListNegative - country is special characters","API_Regression_Suite","2026-03-25","passed","2026-03-25","autochek_api_negative.OriginationService.ResponsePayloadReductionV2APIsNegative","Autochek_API_Automation","autochek_api_negative.OriginationService.ResponsePayloadReductionV2APIsNegative","GetSourcesListNegative"
"Create Inspection for the carID generated in Car Creation","579","PostCreateInspection - SQL injection","API_Regression_Suite","2026-03-25","passed","2026-03-25","autochek_api_negative.DetachTyresSpecification.DetachTyresSpecificationNegative","Autochek_API_Automation","autochek_api_negative.DetachTyresSpecification.DetachTyresSpecificationNegative","PostCreateInspection"
"","0","PostEnableUserV2Negative - Send SQL injection string as userId","API_Regression_Suite","2026-03-25","skipped","2026-03-25","autochek_api_negative.UserService.UserServiceV2Negative","Autochek_API_Automation","autochek_api_negative.UserService.UserServiceV2Negative","PostEnableUserV2Negative"
"Submit Loan Customer Preferences","440","SubmitLoanPreferencesNegative - includeLicenceRenewalFees null","API_Regression_Suite","2026-03-25","failed","2026-03-25","autochek_api_negative.OfferSimulation.OfferSimulationNegative","Autochek_API_Automation","autochek_api_negative.OfferSimulation.OfferSimulationNegative","SubmitLoanPreferencesNegative"
"","448","submitLoanPreference - Upfront Warranty Plan1","API_Regression_Suite","2026-03-25","passed","2026-03-25","autochek_api_positive.OfferSimulation.OfferSimulationPositive","Autochek_API_Automation","autochek_api_positive.OfferSimulation.OfferSimulationPositive","submitLoanPreference"
"Validates GET /v2/origination/banks with dynamic parameters - Positive Test","8899","GetBanksList - country is KE","API_Regression_Suite","2026-03-25","passed","2026-03-25","autochek_api_positive.OriginationService.ResponsePayloadReductionV2APIs","Autochek_API_Automation","autochek_api_positive.OriginationService.ResponsePayloadReductionV2APIs","GetBanksList"
"Validates GET /v1/inventory/car with dynamic parameters - Negative Test","1102","GetCarListNegative - Validate API fails when excluding a non-existent field","API_Regression_Suite","2026-03-25","passed","2026-03-25","autochek_api_negative.InventoryService.DynamicResponseNegative","Autochek_API_Automation","autochek_api_negative.InventoryService.DynamicResponseNegative","GetCarListNegative"
"Negative test for Create System Config V2","0","PostSystemConfigV2 - DISALLOW_WHITESPACES string true instead of boolean","API_Regression_Suite","2026-03-25","skipped","2026-03-25","autochek_api_negative.UserService.UserServiceV2Negative","Autochek_API_Automation","autochek_api_negative.UserService.UserServiceV2Negative","PostSystemConfigV2"
"","483","UpdateFranchise - email with newline character","API_Regression_Suite","2026-03-25","passed","2026-03-25","autochek_api_negative.UserService.UserServiceNegative","Autochek_API_Automation","autochek_api_negative.UserService.UserServiceNegative","UpdateFranchise"
"","0","SetUp","API_Regression_Suite","2026-03-25","broken","2026-03-25","autochek_api_negative.UserService.UserServiceV2Negative","Autochek_API_Automation","autochek_api_negative.UserService.UserServiceV2Negative","SetUp"
"Validates GET /v1/inventory/car with dynamic parameters - Negative Test","581","GetCarListNegative - Pass field value inside relations","API_Regression_Suite","2026-03-25","passed","2026-03-25","autochek_api_negative.InventoryService.DynamicResponseNegative","Autochek_API_Automation","autochek_api_negative.InventoryService.DynamicResponseNegative","GetCarListNegative"
"","6148","CreateFranchise - city ID with new line","API_Regression_Suite","2026-03-25","passed","2026-03-25","autochek_api_negative.UserService.UserServiceNegative","Autochek_API_Automation","autochek_api_negative.UserService.UserServiceNegative","CreateFranchise"
"Update Car and Validate Response","1233","PutUpdateCar - license_plate with special chars","API_Regression_Suite","2026-03-25","passed","2026-03-25","autochek_api_negative.DetachTyresSpecification.DetachTyresSpecificationNegative","Autochek_API_Automation","autochek_api_negative.DetachTyresSpecification.DetachTyresSpecificationNegative","PutUpdateCar"
"Validates GET /v2/origination/sources with dynamic parameters - Negative Test","496","GetBanksListNegative - page_size is zero","API_Regression_Suite","2026-03-25","passed","2026-03-25","autochek_api_negative.OriginationService.ResponsePayloadReductionV2APIsNegative","Autochek_API_Automation","autochek_api_negative.OriginationService.ResponsePayloadReductionV2APIsNegative","GetBanksListNegative"
"Create Inspection for the carID generated in Car Creation","560","PostCreateInspection - Mixed case string","API_Regression_Suite","2026-03-25","passed","2026-03-25","autochek_api_negative.DetachTyresSpecification.DetachTyresSpecificationNegative","Autochek_API_Automation","autochek_api_negative.DetachTyresSpecification.DetachTyresSpecificationNegative","PostCreateInspection"
"","1301","CreateFranchise - address with special chars","API_Regression_Suite","2026-03-25","passed","2026-03-25","autochek_api_negative.UserService.UserServiceNegative","Autochek_API_Automation","autochek_api_negative.UserService.UserServiceNegative","CreateFranchise"
"Validates GET /v2/origination/sources with dynamic parameters - Negative Test","623","GetSourcesListNegative - page_size is float","API_Regression_Suite","2026-03-25","passed","2026-03-25","autochek_api_negative.OriginationService.ResponsePayloadReductionV2APIsNegative","Autochek_API_Automation","autochek_api_negative.OriginationService.ResponsePayloadReductionV2APIsNegative","GetSourcesListNegative"
"Validates GET /v1/inspection with dynamic parameters - Negative Test","480","GetInspectionNegative - Validate API fails when passing relation syntax without parent entity","API_Regression_Suite","2026-03-25","passed","2026-03-25","autochek_api_negative.InventoryService.DynamicResponseNegative","Autochek_API_Automation","autochek_api_negative.InventoryService.DynamicResponseNegative","GetInspectionNegative"
"Validates GET /v1/origination/offers/{offer_Id}/loan-document with dynamic parameters - Negative Test","538","GetLoanDocumentsByOfferIdNegative - SQL injection with DROP statement","API_Regression_Suite","2026-03-25","passed","2026-03-25","autochek_api_negative.OriginationService.ResponsePayloadReductionV2APIsNegative","Autochek_API_Automation","autochek_api_negative.OriginationService.ResponsePayloadReductionV2APIsNegative","GetLoanDocumentsByOfferIdNegative"
"","520","UpdateFranchise - bank_name special chars","API_Regression_Suite","2026-03-25","passed","2026-03-25","autochek_api_negative.UserService.UserServiceNegative","Autochek_API_Automation","autochek_api_negative.UserService.UserServiceNegative","UpdateFranchise"
"","494","submitLoanPreference - Omit interestRateType","API_Regression_Suite","2026-03-25","passed","2026-03-25","autochek_api_positive.OfferSimulation.OfferSimulationPositive","Autochek_API_Automation","autochek_api_positive.OfferSimulation.OfferSimulationPositive","submitLoanPreference"
"Validates GET /v2/origination/loans with dynamic parameters - Negative Test","498","GetLoansListNegative - country is array","API_Regression_Suite","2026-03-25","passed","2026-03-25","autochek_api_negative.OriginationService.ResponsePayloadReductionV2APIsNegative","Autochek_API_Automation","autochek_api_negative.OriginationService.ResponsePayloadReductionV2APIsNegative","GetLoansListNegative"
"","2497","PatchUpdatePasswordV2 - Provided valid and new password","API_Regression_Suite","2026-03-25","failed","2026-03-25","autochek_api_positive.UserService.UserServiceV2","Autochek_API_Automation","autochek_api_positive.UserService.UserServiceV2","PatchUpdatePasswordV2"
"","448","GetFranchiseList - status is object","API_Regression_Suite","2026-03-25","passed","2026-03-25","autochek_api_negative.UserService.UserServiceNegative","Autochek_API_Automation","autochek_api_negative.UserService.UserServiceNegative","GetFranchiseList"
"Submit Loan Customer Preferences","436","SubmitLoanPreferencesNegative - upfrontVehicleRegistration blank","API_Regression_Suite","2026-03-25","failed","2026-03-25","autochek_api_negative.OfferSimulation.OfferSimulationNegative","Autochek_API_Automation","autochek_api_negative.OfferSimulation.OfferSimulationNegative","SubmitLoanPreferencesNegative"
"","0","PostLogoutAllAdminNegative - userId as random alphanumeric","API_Regression_Suite","2026-03-25","skipped","2026-03-25","autochek_api_negative.UserService.UserServiceV2Negative","Autochek_API_Automation","autochek_api_negative.UserService.UserServiceV2Negative","PostLogoutAllAdminNegative"
"Validates GET /v1/franchise with dynamic parameters - Positive Test","2780","GetFranchiseList - maximum page_size","API_Regression_Suite","2026-03-25","passed","2026-03-25","autochek_api_positive.UserService.UserService","Autochek_API_Automation","autochek_api_positive.UserService.UserService","GetFranchiseList"
"","759","CreateFranchise - longitude is boolean true","API_Regression_Suite","2026-03-25","passed","2026-03-25","autochek_api_negative.UserService.UserServiceNegative","Autochek_API_Automation","autochek_api_negative.UserService.UserServiceNegative","CreateFranchise"
"","453","GetFranchiseList - country is boolean","API_Regression_Suite","2026-03-25","passed","2026-03-25","autochek_api_negative.UserService.UserServiceNegative","Autochek_API_Automation","autochek_api_negative.UserService.UserServiceNegative","GetFranchiseList"
"","478","UpdateFranchise - map_address is null","API_Regression_Suite","2026-03-25","passed","2026-03-25","autochek_api_negative.UserService.UserServiceNegative","Autochek_API_Automation","autochek_api_negative.UserService.UserServiceNegative","UpdateFranchise"
"Validates GET /v1/inventory/make with dynamic fields filtering","451","GetMakeNegative - Pass completely invalid field","API_Regression_Suite","2026-03-25","passed","2026-03-25","autochek_api_negative.InventoryService.DynamicResponseNegative","Autochek_API_Automation","autochek_api_negative.InventoryService.DynamicResponseNegative","GetMakeNegative"
"Negative test for Create System Config V2","1","PostSystemConfigV2 - DISALLOW_WHITESPACES numeric instead of boolean","API_Regression_Suite","2026-03-25","skipped","2026-03-25","autochek_api_negative.UserService.UserServiceV2Negative","Autochek_API_Automation","autochek_api_negative.UserService.UserServiceV2Negative","PostSystemConfigV2"
"","1","PostUserSignUpV2Negative - Country field is omitted from the request body","API_Regression_Suite","2026-03-25","skipped","2026-03-25","autochek_api_negative.UserService.UserServiceV2Negative","Autochek_API_Automation","autochek_api_negative.UserService.UserServiceV2Negative","PostUserSignUpV2Negative"
"Accept Simulation Offer","41080","AcceptOffer","API_Regression_Suite","2026-03-25","failed","2026-03-25","autochek_api_positive.OfferSimulation.OfferSimulationPositive","Autochek_API_Automation","autochek_api_positive.OfferSimulation.OfferSimulationPositive","AcceptOffer"
"Get the list of Tyre brands","454","GetTyreBrandsNegative - Input with spaces before and after the code","API_Regression_Suite","2026-03-25","passed","2026-03-25","autochek_api_negative.OfferSimulation.OfferSimulationNegative","Autochek_API_Automation","autochek_api_negative.OfferSimulation.OfferSimulationNegative","GetTyreBrandsNegative"
"Negative test for Create System Config V2","0","PostSystemConfigV2 - MIN_LENGTH special chars","API_Regression_Suite","2026-03-25","skipped","2026-03-25","autochek_api_negative.UserService.UserServiceV2Negative","Autochek_API_Automation","autochek_api_negative.UserService.UserServiceV2Negative","PostSystemConfigV2"
"","750","CreateFranchise - is_anchor = 0","API_Regression_Suite","2026-03-25","passed","2026-03-25","autochek_api_negative.UserService.UserServiceNegative","Autochek_API_Automation","autochek_api_negative.UserService.UserServiceNegative","CreateFranchise"
"Get Offer Details by LoanID","574","GetOffersByLoanIdNegative - Send loan_id as null","API_Regression_Suite","2026-03-25","passed","2026-03-25","autochek_api_negative.OriginationService.ResponsePayloadReductionV2APIsNegative","Autochek_API_Automation","autochek_api_negative.OriginationService.ResponsePayloadReductionV2APIsNegative","GetOffersByLoanIdNegative"
"","481","UpdateFranchise - country is null","API_Regression_Suite","2026-03-25","passed","2026-03-25","autochek_api_negative.UserService.UserServiceNegative","Autochek_API_Automation","autochek_api_negative.UserService.UserServiceNegative","UpdateFranchise"
"","462","CreateFranchise - owner with comma-separated string","API_Regression_Suite","2026-03-25","passed","2026-03-25","autochek_api_negative.UserService.UserServiceNegative","Autochek_API_Automation","autochek_api_negative.UserService.UserServiceNegative","CreateFranchise"
"Submit Loan Customer Preferences","437","SubmitLoanPreferencesNegative - includeLicenceRenewalFees spaces only","API_Regression_Suite","2026-03-25","failed","2026-03-25","autochek_api_negative.OfferSimulation.OfferSimulationNegative","Autochek_API_Automation","autochek_api_negative.OfferSimulation.OfferSimulationNegative","SubmitLoanPreferencesNegative"
"Submit Loan Customer Preferences","4312","SubmitLoanPreferencesNegative - upfrontTyres XSS injection","API_Regression_Suite","2026-03-25","passed","2026-03-25","autochek_api_negative.OfferSimulation.OfferSimulationNegative","Autochek_API_Automation","autochek_api_negative.OfferSimulation.OfferSimulationNegative","SubmitLoanPreferencesNegative"
"Validates GET /v1/inventory/body_type with dynamic parameters - Negative Test","473","GetBodyTypeNegative - Pass excluded field that doesn’t exist","API_Regression_Suite","2026-03-25","passed","2026-03-25","autochek_api_negative.InventoryService.DynamicResponseNegative","Autochek_API_Automation","autochek_api_negative.InventoryService.DynamicResponseNegative","GetBodyTypeNegative"
"","484","UpdateFranchise - email with invalid characters","API_Regression_Suite","2026-03-25","passed","2026-03-25","autochek_api_negative.UserService.UserServiceNegative","Autochek_API_Automation","autochek_api_negative.UserService.UserServiceNegative","UpdateFranchise"
"","803","CreateFranchise - onboarding_source is empty string","API_Regression_Suite","2026-03-25","passed","2026-03-25","autochek_api_negative.UserService.UserServiceNegative","Autochek_API_Automation","autochek_api_negative.UserService.UserServiceNegative","CreateFranchise"
"Validates GET /v1/inventory/inspection_request with dynamic parameters - Negative Test","452","GetInspectionRequestNegative - Pass field names in wrong casing (case-sensitive scenario)","API_Regression_Suite","2026-03-25","passed","2026-03-25","autochek_api_negative.InventoryService.DynamicResponseNegative","Autochek_API_Automation","autochek_api_negative.InventoryService.DynamicResponseNegative","GetInspectionRequestNegative"
"Validates GET /v2/origination/sources with dynamic parameters - Negative Test","601","GetBanksListNegative - country is lowercase","API_Regression_Suite","2026-03-25","passed","2026-03-25","autochek_api_negative.OriginationService.ResponsePayloadReductionV2APIsNegative","Autochek_API_Automation","autochek_api_negative.OriginationService.ResponsePayloadReductionV2APIsNegative","GetBanksListNegative"
"Update Car and Validate Response","585","PutUpdateCar - city with numbers only","API_Regression_Suite","2026-03-25","passed","2026-03-25","autochek_api_negative.DetachTyresSpecification.DetachTyresSpecificationNegative","Autochek_API_Automation","autochek_api_negative.DetachTyresSpecification.DetachTyresSpecificationNegative","PutUpdateCar"
"Validates GET /v2/origination/loans with dynamic parameters - Negative Test","512","GetLoansListNegative - page_size is Empty String","API_Regression_Suite","2026-03-25","passed","2026-03-25","autochek_api_negative.OriginationService.ResponsePayloadReductionV2APIsNegative","Autochek_API_Automation","autochek_api_negative.OriginationService.ResponsePayloadReductionV2APIsNegative","GetLoansListNegative"
"Validates GET /v2/origination/loans/{loan_id}/logbook/booking-info - Negative Test","1889","GetBookingInfoForLogbookLoanNegative - SQL injection with DROP statement","API_Regression_Suite","2026-03-25","passed","2026-03-25","autochek_api_negative.OriginationService.ResponsePayloadReductionV2APIsNegative","Autochek_API_Automation","autochek_api_negative.OriginationService.ResponsePayloadReductionV2APIsNegative","GetBookingInfoForLogbookLoanNegative"
"Create Inspection for the carID generated in Car Creation","461","PostCreateInspection - Boolean value for country","API_Regression_Suite","2026-03-25","failed","2026-03-25","autochek_api_negative.DetachTyresSpecification.DetachTyresSpecificationNegative","Autochek_API_Automation","autochek_api_negative.DetachTyresSpecification.DetachTyresSpecificationNegative","PostCreateInspection"
"","501","submitLoanPreference - Omit vehicleDiscount","API_Regression_Suite","2026-03-25","passed","2026-03-25","autochek_api_positive.OfferSimulation.OfferSimulationPositive","Autochek_API_Automation","autochek_api_positive.OfferSimulation.OfferSimulationPositive","submitLoanPreference"
"","769","CreateFranchise - email with newline character","API_Regression_Suite","2026-03-25","passed","2026-03-25","autochek_api_negative.UserService.UserServiceNegative","Autochek_API_Automation","autochek_api_negative.UserService.UserServiceNegative","CreateFranchise"
"Update System Config dynamically for PASSWORD_POLICY or USER_SESSION","0","PatchSystemConfigV2 - REQUIRE_UPPERCASE decimal value","API_Regression_Suite","2026-03-25","skipped","2026-03-25","autochek_api_negative.UserService.UserServiceV2Negative","Autochek_API_Automation","autochek_api_negative.UserService.UserServiceV2Negative","PatchSystemConfigV2"
"Submit Loan Customer Preferences","507","SubmitLoanPreferencesNegative - desiredLoanCurrency mixed invalid","API_Regression_Suite","2026-03-25","failed","2026-03-25","autochek_api_negative.OfferSimulation.OfferSimulationNegative","Autochek_API_Automation","autochek_api_negative.OfferSimulation.OfferSimulationNegative","SubmitLoanPreferencesNegative"
"Negative test for Create System Config V2","0","PostSystemConfigV2 - MAX_LENGTH non-numeric","API_Regression_Suite","2026-03-25","skipped","2026-03-25","autochek_api_negative.UserService.UserServiceV2Negative","Autochek_API_Automation","autochek_api_negative.UserService.UserServiceV2Negative","PostSystemConfigV2"
"","1","PostLookUpV2Negative - Identifier is too long to be valid phone number","API_Regression_Suite","2026-03-25","skipped","2026-03-25","autochek_api_negative.UserService.UserServiceV2Negative","Autochek_API_Automation","autochek_api_negative.UserService.UserServiceV2Negative","PostLookUpV2Negative"
"","0","PostUserSignUpV2Negative - LastName field is omitted from the request body","API_Regression_Suite","2026-03-25","skipped","2026-03-25","autochek_api_negative.UserService.UserServiceV2Negative","Autochek_API_Automation","autochek_api_negative.UserService.UserServiceV2Negative","PostUserSignUpV2Negative"
"Submit Loan Customer Preferences","551","SubmitLoanPreferencesNegative - vehicleDiscount space","API_Regression_Suite","2026-03-25","passed","2026-03-25","autochek_api_negative.OfferSimulation.OfferSimulationNegative","Autochek_API_Automation","autochek_api_negative.OfferSimulation.OfferSimulationNegative","SubmitLoanPreferencesNegative"
"","484","UpdateFranchise - owner is numeric string","API_Regression_Suite","2026-03-25","passed","2026-03-25","autochek_api_negative.UserService.UserServiceNegative","Autochek_API_Automation","autochek_api_negative.UserService.UserServiceNegative","UpdateFranchise"
"","815","CreateFranchise - account_name as number","API_Regression_Suite","2026-03-25","passed","2026-03-25","autochek_api_negative.UserService.UserServiceNegative","Autochek_API_Automation","autochek_api_negative.UserService.UserServiceNegative","CreateFranchise"
"Validates GET /v2/origination/sources with dynamic parameters - Negative Test","609","GetBanksListNegative - country is numeric string","API_Regression_Suite","2026-03-25","passed","2026-03-25","autochek_api_negative.OriginationService.ResponsePayloadReductionV2APIsNegative","Autochek_API_Automation","autochek_api_negative.OriginationService.ResponsePayloadReductionV2APIsNegative","GetBanksListNegative"
"","0","PostDisableUserV2Negative - Send userId in invalid alphanumeric format","API_Regression_Suite","2026-03-25","skipped","2026-03-25","autochek_api_negative.UserService.UserServiceV2Negative","Autochek_API_Automation","autochek_api_negative.UserService.UserServiceV2Negative","PostDisableUserV2Negative"
"Submit Loan Customer Preferences","439","SubmitLoanPreferencesNegative - interestRate special characters","API_Regression_Suite","2026-03-25","failed","2026-03-25","autochek_api_negative.OfferSimulation.OfferSimulationNegative","Autochek_API_Automation","autochek_api_negative.OfferSimulation.OfferSimulationNegative","SubmitLoanPreferencesNegative"
"","485","UpdateFranchise - account_number as object","API_Regression_Suite","2026-03-25","passed","2026-03-25","autochek_api_negative.UserService.UserServiceNegative","Autochek_API_Automation","autochek_api_negative.UserService.UserServiceNegative","UpdateFranchise"
"Validates GET /v1/origination/offers/{offer_Id}/loan-document with dynamic parameters - Negative Test","537","GetLoanDocumentsByOfferIdNegative - Send offer_id as numeric only","API_Regression_Suite","2026-03-25","passed","2026-03-25","autochek_api_negative.OriginationService.ResponsePayloadReductionV2APIsNegative","Autochek_API_Automation","autochek_api_negative.OriginationService.ResponsePayloadReductionV2APIsNegative","GetLoanDocumentsByOfferIdNegative"
"Validates GET /v2/origination/sources with dynamic parameters - Negative Test","525","GetBanksListNegative - country is array","API_Regression_Suite","2026-03-25","passed","2026-03-25","autochek_api_negative.OriginationService.ResponsePayloadReductionV2APIsNegative","Autochek_API_Automation","autochek_api_negative.OriginationService.ResponsePayloadReductionV2APIsNegative","GetBanksListNegative"
"","499","submitLoanPreference - Omit dealDiscount","API_Regression_Suite","2026-03-25","passed","2026-03-25","autochek_api_positive.OfferSimulation.OfferSimulationPositive","Autochek_API_Automation","autochek_api_positive.OfferSimulation.OfferSimulationPositive","submitLoanPreference"
"Validates GET /v2/origination/partners with dynamic parameters - Positive Test","544","GetPartnersListNegative - page_size is negative","API_Regression_Suite","2026-03-25","passed","2026-03-25","autochek_api_negative.OriginationService.ResponsePayloadReductionV2APIsNegative","Autochek_API_Automation","autochek_api_negative.OriginationService.ResponsePayloadReductionV2APIsNegative","GetPartnersListNegative"
"Validates GET /v1/inspection with dynamic parameters - Negative Test","600","GetInspectionNegative - Pass field value inside relations","API_Regression_Suite","2026-03-25","passed","2026-03-25","autochek_api_negative.InventoryService.DynamicResponseNegative","Autochek_API_Automation","autochek_api_negative.InventoryService.DynamicResponseNegative","GetInspectionNegative"
"","0","PostLogoutAllAdminNegative - userId with script injection","API_Regression_Suite","2026-03-25","skipped","2026-03-25","autochek_api_negative.UserService.UserServiceV2Negative","Autochek_API_Automation","autochek_api_negative.UserService.UserServiceV2Negative","PostLogoutAllAdminNegative"
"Negative test for Create System Config V2","0","PostSystemConfigV2 - DISALLOW_WHITESPACES special characters","API_Regression_Suite","2026-03-25","skipped","2026-03-25","autochek_api_negative.UserService.UserServiceV2Negative","Autochek_API_Automation","autochek_api_negative.UserService.UserServiceV2Negative","PostSystemConfigV2"
"Update franchise fields one-by-one using PUT and validate the response","1730","UpdateFranchise - all valid fields","API_Regression_Suite","2026-03-25","passed","2026-03-25","autochek_api_positive.UserService.UserService","Autochek_API_Automation","autochek_api_positive.UserService.UserService","UpdateFranchise"
"Create Car and Validate Response","1958","CreateCar - Verify car creation with is_draft = true","API_Regression_Suite","2026-03-25","broken","2026-03-25","autochek_api_positive.DetachTyreSpecification.DetachTyreSpecificationPositive","Autochek_API_Automation","autochek_api_positive.DetachTyreSpecification.DetachTyreSpecificationPositive","CreateCar"
"Negative test for Create System Config V2","0","PostSystemConfigV2 - REQUIRE_SPECIAL_CHAR array structure passed","API_Regression_Suite","2026-03-25","skipped","2026-03-25","autochek_api_negative.UserService.UserServiceV2Negative","Autochek_API_Automation","autochek_api_negative.UserService.UserServiceV2Negative","PostSystemConfigV2"
"Update Car and Validate Response","2333","PutUpdateCar - address with numbers only","API_Regression_Suite","2026-03-25","passed","2026-03-25","autochek_api_negative.DetachTyresSpecification.DetachTyresSpecificationNegative","Autochek_API_Automation","autochek_api_negative.DetachTyresSpecification.DetachTyresSpecificationNegative","PutUpdateCar"
"Validates GET /v2/origination/loans/{loan_id}/accepted-offer - Negative Test","2986","GetAcceptedOfferByLoanIdNegative - offer_id with Unicode characters","API_Regression_Suite","2026-03-25","passed","2026-03-25","autochek_api_negative.OriginationService.ResponsePayloadReductionV2APIsNegative","Autochek_API_Automation","autochek_api_negative.OriginationService.ResponsePayloadReductionV2APIsNegative","GetAcceptedOfferByLoanIdNegative"
"","484","UpdateFranchise - is_anchor = whitespace","API_Regression_Suite","2026-03-25","passed","2026-03-25","autochek_api_negative.UserService.UserServiceNegative","Autochek_API_Automation","autochek_api_negative.UserService.UserServiceNegative","UpdateFranchise"
"Submit Loan Customer Preferences","505","SubmitLoanPreferencesNegative - residualPercentage spaces only","API_Regression_Suite","2026-03-25","failed","2026-03-25","autochek_api_negative.OfferSimulation.OfferSimulationNegative","Autochek_API_Automation","autochek_api_negative.OfferSimulation.OfferSimulationNegative","SubmitLoanPreferencesNegative"
"","482","UpdateFranchise - account_bvn special characters","API_Regression_Suite","2026-03-25","passed","2026-03-25","autochek_api_negative.UserService.UserServiceNegative","Autochek_API_Automation","autochek_api_negative.UserService.UserServiceNegative","UpdateFranchise"
"Update Car and Validate Response","1307","PutUpdateCar - license_plate as empty","API_Regression_Suite","2026-03-25","passed","2026-03-25","autochek_api_negative.DetachTyresSpecification.DetachTyresSpecificationNegative","Autochek_API_Automation","autochek_api_negative.DetachTyresSpecification.DetachTyresSpecificationNegative","PutUpdateCar"
"Validates GET /v1/inventory/model with dynamic parameters - Positive Test","481","GetModelList - Validate multiple fields id,name are returned","API_Regression_Suite","2026-03-25","passed","2026-03-25","autochek_api_positive.InventoryService.DynamicResponsePositive","Autochek_API_Automation","autochek_api_positive.InventoryService.DynamicResponsePositive","GetModelList"
"Update Car and Validate Response","993","PutUpdateCar - owner_type SQL injection attempt","API_Regression_Suite","2026-03-25","passed","2026-03-25","autochek_api_negative.DetachTyresSpecification.DetachTyresSpecificationNegative","Autochek_API_Automation","autochek_api_negative.DetachTyresSpecification.DetachTyresSpecificationNegative","PutUpdateCar"
"","2123","CreateFranchise - city ID as boolean string","API_Regression_Suite","2026-03-25","passed","2026-03-25","autochek_api_negative.UserService.UserServiceNegative","Autochek_API_Automation","autochek_api_negative.UserService.UserServiceNegative","CreateFranchise"
"Submit Loan Customer Preferences","3270","SubmitLoanPreferencesNegative - Requested Warranty Plan invalid value","API_Regression_Suite","2026-03-25","passed","2026-03-25","autochek_api_negative.OfferSimulation.OfferSimulationNegative","Autochek_API_Automation","autochek_api_negative.OfferSimulation.OfferSimulationNegative","SubmitLoanPreferencesNegative"
"","478","UpdateFranchise - zip_code too long","API_Regression_Suite","2026-03-25","passed","2026-03-25","autochek_api_negative.UserService.UserServiceNegative","Autochek_API_Automation","autochek_api_negative.UserService.UserServiceNegative","UpdateFranchise"
"","481","GetFranchiseByID - special characters only","API_Regression_Suite","2026-03-25","passed","2026-03-25","autochek_api_negative.UserService.UserServiceNegative","Autochek_API_Automation","autochek_api_negative.UserService.UserServiceNegative","GetFranchiseByID"
"","0","PostLoginV2Negative - Username is an empty string","API_Regression_Suite","2026-03-25","skipped","2026-03-25","autochek_api_negative.UserService.UserServiceV2Negative","Autochek_API_Automation","autochek_api_negative.UserService.UserServiceV2Negative","PostLoginV2Negative"
"Validates GET /v1/inspection with dynamic parameters - Negative Test","600","GetInspectionNegative - Pass nested relation not supported","API_Regression_Suite","2026-03-25","passed","2026-03-25","autochek_api_negative.InventoryService.DynamicResponseNegative","Autochek_API_Automation","autochek_api_negative.InventoryService.DynamicResponseNegative","GetInspectionNegative"
"Validates GET /v2/origination/sources with dynamic parameters - Negative Test","894","GetSourcesListNegative - page_size is negative","API_Regression_Suite","2026-03-25","passed","2026-03-25","autochek_api_negative.OriginationService.ResponsePayloadReductionV2APIsNegative","Autochek_API_Automation","autochek_api_negative.OriginationService.ResponsePayloadReductionV2APIsNegative","GetSourcesListNegative"
"Update Car and Validate Response","574","PutUpdateCar - city as SQL injection","API_Regression_Suite","2026-03-25","passed","2026-03-25","autochek_api_negative.DetachTyresSpecification.DetachTyresSpecificationNegative","Autochek_API_Automation","autochek_api_negative.DetachTyresSpecification.DetachTyresSpecificationNegative","PutUpdateCar"
"Negative test for Create System Config V2","0","PostSystemConfigV2 - REQUIRE_UPPERCASE numeric instead of boolean","API_Regression_Suite","2026-03-25","skipped","2026-03-25","autochek_api_negative.UserService.UserServiceV2Negative","Autochek_API_Automation","autochek_api_negative.UserService.UserServiceV2Negative","PostSystemConfigV2"
"","0","GetMeV2Negative - Send XSS payload as token","API_Regression_Suite","2026-03-25","skipped","2026-03-25","autochek_api_negative.UserService.UserServiceV2Negative","Autochek_API_Automation","autochek_api_negative.UserService.UserServiceV2Negative","GetMeV2Negative"
"","0","PostLookUpV2Negative - Identifier field is omitted","API_Regression_Suite","2026-03-25","skipped","2026-03-25","autochek_api_negative.UserService.UserServiceV2Negative","Autochek_API_Automation","autochek_api_negative.UserService.UserServiceV2Negative","PostLookUpV2Negative"
"","1","PostLogoutAllAdminNegative - userId with special characters","API_Regression_Suite","2026-03-25","skipped","2026-03-25","autochek_api_negative.UserService.UserServiceV2Negative","Autochek_API_Automation","autochek_api_negative.UserService.UserServiceV2Negative","PostLogoutAllAdminNegative"
"","479","UpdateFranchise - latitude = object","API_Regression_Suite","2026-03-25","passed","2026-03-25","autochek_api_negative.UserService.UserServiceNegative","Autochek_API_Automation","autochek_api_negative.UserService.UserServiceNegative","UpdateFranchise"
"","0","PostUserSignUpV2Negative - PhoneNumber is an empty string","API_Regression_Suite","2026-03-25","skipped","2026-03-25","autochek_api_negative.UserService.UserServiceV2Negative","Autochek_API_Automation","autochek_api_negative.UserService.UserServiceV2Negative","PostUserSignUpV2Negative"
"Update System Config dynamically for PASSWORD_POLICY or USER_SESSION","1","PatchSystemConfigV2 - MAX_LENGTH huge number","API_Regression_Suite","2026-03-25","skipped","2026-03-25","autochek_api_negative.UserService.UserServiceV2Negative","Autochek_API_Automation","autochek_api_negative.UserService.UserServiceV2Negative","PatchSystemConfigV2"
"Validates GET /v1/inspection with dynamic parameters - Negative Test","606","GetInspectionNegative - Pass invalid structure in relations","API_Regression_Suite","2026-03-25","passed","2026-03-25","autochek_api_negative.InventoryService.DynamicResponseNegative","Autochek_API_Automation","autochek_api_negative.InventoryService.DynamicResponseNegative","GetInspectionNegative"
"","1242","CreateFranchise - phone is empty string","API_Regression_Suite","2026-03-25","passed","2026-03-25","autochek_api_negative.UserService.UserServiceNegative","Autochek_API_Automation","autochek_api_negative.UserService.UserServiceNegative","CreateFranchise"
"Accept Simulation Offer","465","AcceptOfferNegative - Send loan_id as null","API_Regression_Suite","2026-03-25","passed","2026-03-25","autochek_api_negative.OfferSimulation.OfferSimulationNegative","Autochek_API_Automation","autochek_api_negative.OfferSimulation.OfferSimulationNegative","AcceptOfferNegative"
"","0","PostLogoutAllAdminNegative - userId with trailing space","API_Regression_Suite","2026-03-25","skipped","2026-03-25","autochek_api_negative.UserService.UserServiceV2Negative","Autochek_API_Automation","autochek_api_negative.UserService.UserServiceV2Negative","PostLogoutAllAdminNegative"
"","752","CreateFranchise - longitude is null","API_Regression_Suite","2026-03-25","passed","2026-03-25","autochek_api_negative.UserService.UserServiceNegative","Autochek_API_Automation","autochek_api_negative.UserService.UserServiceNegative","CreateFranchise"
"","481","UpdateFranchise - is_anchor = {}","API_Regression_Suite","2026-03-25","passed","2026-03-25","autochek_api_negative.UserService.UserServiceNegative","Autochek_API_Automation","autochek_api_negative.UserService.UserServiceNegative","UpdateFranchise"
"","833","CreateFranchise - bank_name is null","API_Regression_Suite","2026-03-25","passed","2026-03-25","autochek_api_negative.UserService.UserServiceNegative","Autochek_API_Automation","autochek_api_negative.UserService.UserServiceNegative","CreateFranchise"
"Validates GET /v2/origination/sources with dynamic parameters - Positive Test","2388","GetSourcesList - country is NG","API_Regression_Suite","2026-03-25","passed","2026-03-25","autochek_api_positive.OriginationService.ResponsePayloadReductionV2APIs","Autochek_API_Automation","autochek_api_positive.OriginationService.ResponsePayloadReductionV2APIs","GetSourcesList"
"","436","submitLoanPreference - Omit upfrontTyres","API_Regression_Suite","2026-03-25","passed","2026-03-25","autochek_api_positive.OfferSimulation.OfferSimulationPositive","Autochek_API_Automation","autochek_api_positive.OfferSimulation.OfferSimulationPositive","submitLoanPreference"
"Fetching loan by ID","3597","GetLoanByIdNegative - loan_id in base64 encoded format","API_Regression_Suite","2026-03-25","passed","2026-03-25","autochek_api_negative.OriginationService.ResponsePayloadReductionV2APIsNegative","Autochek_API_Automation","autochek_api_negative.OriginationService.ResponsePayloadReductionV2APIsNegative","GetLoanByIdNegative"
"Get franchise by ID to verify creation","1538","GetFranchiseByID","API_Regression_Suite","2026-03-25","passed","2026-03-25","autochek_api_positive.UserService.UserService","Autochek_API_Automation","autochek_api_positive.UserService.UserService","GetFranchiseByID"
"Create Car and Validate Response","2118","CreateCar - Verify car creation with VIN containing alphanumeric mix","API_Regression_Suite","2026-03-25","broken","2026-03-25","autochek_api_positive.DetachTyreSpecification.DetachTyreSpecificationPositive","Autochek_API_Automation","autochek_api_positive.DetachTyreSpecification.DetachTyreSpecificationPositive","CreateCar"
"","1","PostLogoutV2Negative - Send invalid (tampered) access token","API_Regression_Suite","2026-03-25","skipped","2026-03-25","autochek_api_negative.UserService.UserServiceV2Negative","Autochek_API_Automation","autochek_api_negative.UserService.UserServiceV2Negative","PostLogoutV2Negative"
"Validates GET /v1/origination/offers/{offer_Id}/loan-document with dynamic parameters - Negative Test","898","GetLoanDocumentsByOfferIdNegative - offer_id with only special characters","API_Regression_Suite","2026-03-25","passed","2026-03-25","autochek_api_negative.OriginationService.ResponsePayloadReductionV2APIsNegative","Autochek_API_Automation","autochek_api_negative.OriginationService.ResponsePayloadReductionV2APIsNegative","GetLoanDocumentsByOfferIdNegative"
"","696","GetFranchiseList - page_size valid, country invalid, status valid","API_Regression_Suite","2026-03-25","passed","2026-03-25","autochek_api_negative.UserService.UserServiceNegative","Autochek_API_Automation","autochek_api_negative.UserService.UserServiceNegative","GetFranchiseList"
"Create Inspection for the carID generated in Car Creation","4103","PostCreateInspection - Null inspection_request_id","API_Regression_Suite","2026-03-25","passed","2026-03-25","autochek_api_negative.DetachTyresSpecification.DetachTyresSpecificationNegative","Autochek_API_Automation","autochek_api_negative.DetachTyresSpecification.DetachTyresSpecificationNegative","PostCreateInspection"
"Update Car and Validate Response","657","PutUpdateCar - created_by numeric only","API_Regression_Suite","2026-03-25","passed","2026-03-25","autochek_api_negative.DetachTyresSpecification.DetachTyresSpecificationNegative","Autochek_API_Automation","autochek_api_negative.DetachTyresSpecification.DetachTyresSpecificationNegative","PutUpdateCar"
"Get the list of Tyre brands","516","GetTyreBrandsNegative - Send encoded malicious payload","API_Regression_Suite","2026-03-25","passed","2026-03-25","autochek_api_negative.OfferSimulation.OfferSimulationNegative","Autochek_API_Automation","autochek_api_negative.OfferSimulation.OfferSimulationNegative","GetTyreBrandsNegative"
"Rejects all franchises and validates rejection using GET /v1/franchise/{id}","2451","RejectFranchise","API_Regression_Suite","2026-03-25","passed","2026-03-25","autochek_api_positive.UserService.UserService","Autochek_API_Automation","autochek_api_positive.UserService.UserService","RejectFranchise"
"Negative test for Create System Config V2","0","PostSystemConfigV2 - REQUIRE_SPECIAL_CHAR decimal value","API_Regression_Suite","2026-03-25","skipped","2026-03-25","autochek_api_negative.UserService.UserServiceV2Negative","Autochek_API_Automation","autochek_api_negative.UserService.UserServiceV2Negative","PostSystemConfigV2"
"Submit Loan Customer Preferences","60549","SubmitLoanPreferencesNegative - Tyre Quantity zero not allowed","API_Regression_Suite","2026-03-25","passed","2026-03-25","autochek_api_negative.OfferSimulation.OfferSimulationNegative","Autochek_API_Automation","autochek_api_negative.OfferSimulation.OfferSimulationNegative","SubmitLoanPreferencesNegative"
"","1292","CreateFranchise - onboarding_source is boolean false","API_Regression_Suite","2026-03-25","passed","2026-03-25","autochek_api_negative.UserService.UserServiceNegative","Autochek_API_Automation","autochek_api_negative.UserService.UserServiceNegative","CreateFranchise"
"","760","CreateFranchise - display_address long string","API_Regression_Suite","2026-03-25","passed","2026-03-25","autochek_api_negative.UserService.UserServiceNegative","Autochek_API_Automation","autochek_api_negative.UserService.UserServiceNegative","CreateFranchise"
"Validates GET /v1/inspection with dynamic parameters - Negative Test","483","GetInspectionNegative - Validate API fails when passing relation path with invalid nesting format","API_Regression_Suite","2026-03-25","passed","2026-03-25","autochek_api_negative.InventoryService.DynamicResponseNegative","Autochek_API_Automation","autochek_api_negative.InventoryService.DynamicResponseNegative","GetInspectionNegative"
"Negative test for Create System Config V2","0","PostSystemConfigV2 - MAX_CONCURRENT_SESSIONS SQL injection attempt","API_Regression_Suite","2026-03-25","skipped","2026-03-25","autochek_api_negative.UserService.UserServiceV2Negative","Autochek_API_Automation","autochek_api_negative.UserService.UserServiceV2Negative","PostSystemConfigV2"
"","443","submitLoanPreference - Monthly payment less than 500000 (300000)","API_Regression_Suite","2026-03-25","passed","2026-03-25","autochek_api_positive.OfferSimulation.OfferSimulationPositive","Autochek_API_Automation","autochek_api_positive.OfferSimulation.OfferSimulationPositive","submitLoanPreference"
"","457","GetFranchiseList - all params as special chars","API_Regression_Suite","2026-03-25","passed","2026-03-25","autochek_api_negative.UserService.UserServiceNegative","Autochek_API_Automation","autochek_api_negative.UserService.UserServiceNegative","GetFranchiseList"
"Update Car and Validate Response","1264","PutUpdateCar - engine_number only special characters","API_Regression_Suite","2026-03-25","passed","2026-03-25","autochek_api_negative.DetachTyresSpecification.DetachTyresSpecificationNegative","Autochek_API_Automation","autochek_api_negative.DetachTyresSpecification.DetachTyresSpecificationNegative","PutUpdateCar"
"Validates GET /v1/inventory/car with dynamic parameters - Positive Test","1178","GetCarList - Validate multiple fields id,year are returned","API_Regression_Suite","2026-03-25","passed","2026-03-25","autochek_api_positive.InventoryService.DynamicResponsePositive","Autochek_API_Automation","autochek_api_positive.InventoryService.DynamicResponsePositive","GetCarList"
"Negative test for Create System Config V2","0","PostSystemConfigV2 - MAX_LENGTH decimal","API_Regression_Suite","2026-03-25","skipped","2026-03-25","autochek_api_negative.UserService.UserServiceV2Negative","Autochek_API_Automation","autochek_api_negative.UserService.UserServiceV2Negative","PostSystemConfigV2"
"Submit Loan Customer Preferences","5140","SubmitLoanPreferencesNegative - tyreQuantity blank","API_Regression_Suite","2026-03-25","passed","2026-03-25","autochek_api_negative.OfferSimulation.OfferSimulationNegative","Autochek_API_Automation","autochek_api_negative.OfferSimulation.OfferSimulationNegative","SubmitLoanPreferencesNegative"
"","3849","PostEnableUserV2 - Send valid existing and disabled userId","API_Regression_Suite","2026-03-25","passed","2026-03-25","autochek_api_positive.UserService.UserServiceV2","Autochek_API_Automation","autochek_api_positive.UserService.UserServiceV2","PostEnableUserV2"
"","0","PostUserSignUpV2Negative - Email field is omitted from the request body","API_Regression_Suite","2026-03-25","skipped","2026-03-25","autochek_api_negative.UserService.UserServiceV2Negative","Autochek_API_Automation","autochek_api_negative.UserService.UserServiceV2Negative","PostUserSignUpV2Negative"
"Validates GET /v2/origination/loans with dynamic parameters - Negative Test","517","GetLoansListNegative - country is number","API_Regression_Suite","2026-03-25","passed","2026-03-25","autochek_api_negative.OriginationService.ResponsePayloadReductionV2APIsNegative","Autochek_API_Automation","autochek_api_negative.OriginationService.ResponsePayloadReductionV2APIsNegative","GetLoansListNegative"
"","0","PostEnableUserV2Negative - Send no access token in cookie/header","API_Regression_Suite","2026-03-25","skipped","2026-03-25","autochek_api_negative.UserService.UserServiceV2Negative","Autochek_API_Automation","autochek_api_negative.UserService.UserServiceV2Negative","PostEnableUserV2Negative"
"","492","UpdateFranchise - state with spaces only","API_Regression_Suite","2026-03-25","passed","2026-03-25","autochek_api_negative.UserService.UserServiceNegative","Autochek_API_Automation","autochek_api_negative.UserService.UserServiceNegative","UpdateFranchise"
"Validates GET /v1/inspection with dynamic parameters - Negative Test","871","GetInspectionNegative - Validate API fails when passing blank fields value","API_Regression_Suite","2026-03-25","passed","2026-03-25","autochek_api_negative.InventoryService.DynamicResponseNegative","Autochek_API_Automation","autochek_api_negative.InventoryService.DynamicResponseNegative","GetInspectionNegative"
"Negative test for Create System Config V2","0","PostSystemConfigV2 - Enforce minimum requirement","API_Regression_Suite","2026-03-25","skipped","2026-03-25","autochek_api_negative.UserService.UserServiceV2Negative","Autochek_API_Automation","autochek_api_negative.UserService.UserServiceV2Negative","PostSystemConfigV2"
"Validates GET /v1/inventory/car with dynamic parameters - Negative Test","1096","GetCarListNegative - Validate API fails when mixing valid and invalid field names","API_Regression_Suite","2026-03-25","passed","2026-03-25","autochek_api_negative.InventoryService.DynamicResponseNegative","Autochek_API_Automation","autochek_api_negative.InventoryService.DynamicResponseNegative","GetCarListNegative"
"Update Car and Validate Response","2466","PutUpdateCar - address with special characters only","API_Regression_Suite","2026-03-25","passed","2026-03-25","autochek_api_negative.DetachTyresSpecification.DetachTyresSpecificationNegative","Autochek_API_Automation","autochek_api_negative.DetachTyresSpecification.DetachTyresSpecificationNegative","PutUpdateCar"
"Submit Loan Customer Preferences","437","SubmitLoanPreferencesNegative - upfrontMaintenancePlan special characters","API_Regression_Suite","2026-03-25","failed","2026-03-25","autochek_api_negative.OfferSimulation.OfferSimulationNegative","Autochek_API_Automation","autochek_api_negative.OfferSimulation.OfferSimulationNegative","SubmitLoanPreferencesNegative"
"Update System Config dynamically for PASSWORD_POLICY or USER_SESSION","1","PatchSystemConfigV2 - MAX_LENGTH non-numeric","API_Regression_Suite","2026-03-25","skipped","2026-03-25","autochek_api_negative.UserService.UserServiceV2Negative","Autochek_API_Automation","autochek_api_negative.UserService.UserServiceV2Negative","PatchSystemConfigV2"
"Validates GET /v1/inventory/car with dynamic parameters - Negative Test","1119","GetCarListNegative - Validate API fails when requesting multiple invalid fields","API_Regression_Suite","2026-03-25","passed","2026-03-25","autochek_api_negative.InventoryService.DynamicResponseNegative","Autochek_API_Automation","autochek_api_negative.InventoryService.DynamicResponseNegative","GetCarListNegative"
"Fetching loan by ID","1177","GetLoanByIdNegative","API_Regression_Suite","2026-03-25","passed","2026-03-25","autochek_api_negative.OfferSimulation.OfferSimulationNegative","Autochek_API_Automation","autochek_api_negative.OfferSimulation.OfferSimulationNegative","GetLoanByIdNegative"
"Validates GET /v2/origination/loans/{loan_id}/logbook/car-details - Negative Test","599","GetLogbookCarDetailsByLoanIdNegative - loan_id with very long string","API_Regression_Suite","2026-03-25","passed","2026-03-25","autochek_api_negative.OriginationService.ResponsePayloadReductionV2APIsNegative","Autochek_API_Automation","autochek_api_negative.OriginationService.ResponsePayloadReductionV2APIsNegative","GetLogbookCarDetailsByLoanIdNegative"
"Validates GET /v2/origination/banks with dynamic parameters - Positive Test","4696","GetBanksList - country is NG","API_Regression_Suite","2026-03-25","passed","2026-03-25","autochek_api_positive.OriginationService.ResponsePayloadReductionV2APIs","Autochek_API_Automation","autochek_api_positive.OriginationService.ResponsePayloadReductionV2APIs","GetBanksList"
"","481","UpdateFranchise - name is too short","API_Regression_Suite","2026-03-25","passed","2026-03-25","autochek_api_negative.UserService.UserServiceNegative","Autochek_API_Automation","autochek_api_negative.UserService.UserServiceNegative","UpdateFranchise"
"GetCar Details to fetch Car ID","930","GetCarDetailsNegative","API_Regression_Suite","2026-03-25","passed","2026-03-25","autochek_api_negative.OfferSimulation.OfferSimulationNegative","Autochek_API_Automation","autochek_api_negative.OfferSimulation.OfferSimulationNegative","GetCarDetailsNegative"
"Create Car and Validate Response","2187","CreateCar - Verify car creation with franchise_id = kpMngdaMZ","API_Regression_Suite","2026-03-25","broken","2026-03-25","autochek_api_positive.DetachTyreSpecification.DetachTyreSpecificationPositive","Autochek_API_Automation","autochek_api_positive.DetachTyreSpecification.DetachTyreSpecificationPositive","CreateCar"
"Get the list of Tyre brands","450","GetTyreBrandsNegative - Attempt SQL injection in country_code","API_Regression_Suite","2026-03-25","passed","2026-03-25","autochek_api_negative.OfferSimulation.OfferSimulationNegative","Autochek_API_Automation","autochek_api_negative.OfferSimulation.OfferSimulationNegative","GetTyreBrandsNegative"
"","741","CreateFranchise - map_address is boolean","API_Regression_Suite","2026-03-25","passed","2026-03-25","autochek_api_negative.UserService.UserServiceNegative","Autochek_API_Automation","autochek_api_negative.UserService.UserServiceNegative","CreateFranchise"
"Submit Loan Customer Preferences","789","SubmitLoanPreferencesNegative - Tyre Brand numeric instead of string","API_Regression_Suite","2026-03-25","passed","2026-03-25","autochek_api_negative.OfferSimulation.OfferSimulationNegative","Autochek_API_Automation","autochek_api_negative.OfferSimulation.OfferSimulationNegative","SubmitLoanPreferencesNegative"
"Validates GET /v2/origination/sources with dynamic parameters - Negative Test","562","GetBanksListNegative - country is special characters","API_Regression_Suite","2026-03-25","passed","2026-03-25","autochek_api_negative.OriginationService.ResponsePayloadReductionV2APIsNegative","Autochek_API_Automation","autochek_api_negative.OriginationService.ResponsePayloadReductionV2APIsNegative","GetBanksListNegative"
"Update Car and Validate Response","0","CompleteCar","API_Regression_Suite","2026-03-25","passed","2026-03-25","autochek_api_positive.DetachTyreSpecification.DetachTyreSpecificationPositive","Autochek_API_Automation","autochek_api_positive.DetachTyreSpecification.DetachTyreSpecificationPositive","CompleteCar"
"Validates GET /v2/origination/offers with dynamic parameters - Positive Test","805","GetOffersListNegative - country is numeric string","API_Regression_Suite","2026-03-25","passed","2026-03-25","autochek_api_negative.OriginationService.ResponsePayloadReductionV2APIsNegative","Autochek_API_Automation","autochek_api_negative.OriginationService.ResponsePayloadReductionV2APIsNegative","GetOffersListNegative"
"","465","GetFranchiseList - status is null","API_Regression_Suite","2026-03-25","passed","2026-03-25","autochek_api_negative.UserService.UserServiceNegative","Autochek_API_Automation","autochek_api_negative.UserService.UserServiceNegative","GetFranchiseList"
"","737","CreateFranchise - country is numeric","API_Regression_Suite","2026-03-25","passed","2026-03-25","autochek_api_negative.UserService.UserServiceNegative","Autochek_API_Automation","autochek_api_negative.UserService.UserServiceNegative","CreateFranchise"
"","483","UpdateFranchise - map_address is number","API_Regression_Suite","2026-03-25","passed","2026-03-25","autochek_api_negative.UserService.UserServiceNegative","Autochek_API_Automation","autochek_api_negative.UserService.UserServiceNegative","UpdateFranchise"
"Create Inspection for the carID generated in Car Creation","676","PostCreateInspection - Special characters only","API_Regression_Suite","2026-03-25","passed","2026-03-25","autochek_api_negative.DetachTyresSpecification.DetachTyresSpecificationNegative","Autochek_API_Automation","autochek_api_negative.DetachTyresSpecification.DetachTyresSpecificationNegative","PostCreateInspection"
"Negative test for Create System Config V2","0","PostSystemConfigV2 - DISALLOW_WHITESPACES null value","API_Regression_Suite","2026-03-25","skipped","2026-03-25","autochek_api_negative.UserService.UserServiceV2Negative","Autochek_API_Automation","autochek_api_negative.UserService.UserServiceV2Negative","PostSystemConfigV2"
"Submit Loan Customer Preferences","443","SubmitLoanPreferencesNegative - feePaymentMethod random unsupported value","API_Regression_Suite","2026-03-25","failed","2026-03-25","autochek_api_negative.OfferSimulation.OfferSimulationNegative","Autochek_API_Automation","autochek_api_negative.OfferSimulation.OfferSimulationNegative","SubmitLoanPreferencesNegative"
"","1713","PostUserSignUpV2 - Verify signup with userType = co-location","API_Regression_Suite","2026-03-25","passed","2026-03-25","autochek_api_positive.UserService.UserServiceV2","Autochek_API_Automation","autochek_api_positive.UserService.UserServiceV2","PostUserSignUpV2"
"Validates GET /v1/inventory/model with dynamic parameters - Negative Test","444","GetModelListNegative - Pass object instead of string","API_Regression_Suite","2026-03-25","passed","2026-03-25","autochek_api_negative.InventoryService.DynamicResponseNegative","Autochek_API_Automation","autochek_api_negative.InventoryService.DynamicResponseNegative","GetModelListNegative"
"Validates GET /v2/origination/loans with dynamic parameters - Positive Test","4578","GetLoansList - country is NG","API_Regression_Suite","2026-03-25","passed","2026-03-25","autochek_api_positive.OriginationService.ResponsePayloadReductionV2APIs","Autochek_API_Automation","autochek_api_positive.OriginationService.ResponsePayloadReductionV2APIs","GetLoansList"
"","0","PatchUpdatePasswordV2Negative - Send SQL injection string as token","API_Regression_Suite","2026-03-25","skipped","2026-03-25","autochek_api_negative.UserService.UserServiceV2Negative","Autochek_API_Automation","autochek_api_negative.UserService.UserServiceV2Negative","PatchUpdatePasswordV2Negative"
"Update System Config dynamically for PASSWORD_POLICY or USER_SESSION","0","PatchSystemConfigV2 - REQUIRE_UPPERCASE empty value","API_Regression_Suite","2026-03-25","skipped","2026-03-25","autochek_api_negative.UserService.UserServiceV2Negative","Autochek_API_Automation","autochek_api_negative.UserService.UserServiceV2Negative","PatchSystemConfigV2"
"Validates GET /v2/origination/sources with dynamic parameters - Negative Test","523","GetBanksListNegative - country is boolean","API_Regression_Suite","2026-03-25","passed","2026-03-25","autochek_api_negative.OriginationService.ResponsePayloadReductionV2APIsNegative","Autochek_API_Automation","autochek_api_negative.OriginationService.ResponsePayloadReductionV2APIsNegative","GetBanksListNegative"
"Validates GET /v2/origination/banks with dynamic parameters - Positive Test","18511","GetBanksList - country is GH","API_Regression_Suite","2026-03-25","passed","2026-03-25","autochek_api_positive.OriginationService.ResponsePayloadReductionV2APIs","Autochek_API_Automation","autochek_api_positive.OriginationService.ResponsePayloadReductionV2APIs","GetBanksList"
"Fetching loan by ID","709","GetLoanByIdNegative - loan_id with very short string","API_Regression_Suite","2026-03-25","passed","2026-03-25","autochek_api_negative.OriginationService.ResponsePayloadReductionV2APIsNegative","Autochek_API_Automation","autochek_api_negative.OriginationService.ResponsePayloadReductionV2APIsNegative","GetLoanByIdNegative"
"Update Car and Validate Response","1111","PutUpdateCar - created_by whitespace only","API_Regression_Suite","2026-03-25","failed","2026-03-25","autochek_api_negative.DetachTyresSpecification.DetachTyresSpecificationNegative","Autochek_API_Automation","autochek_api_negative.DetachTyresSpecification.DetachTyresSpecificationNegative","PutUpdateCar"
"","0","PostEnableUserV2Negative - Send XSS payload as userId","API_Regression_Suite","2026-03-25","skipped","2026-03-25","autochek_api_negative.UserService.UserServiceV2Negative","Autochek_API_Automation","autochek_api_negative.UserService.UserServiceV2Negative","PostEnableUserV2Negative"
"Validates GET /v2/origination/loans/{loan_id}/logbook/booking-info - Negative Test","3401","GetBookingInfoForLogbookLoanNegative - loan_id with very long string","API_Regression_Suite","2026-03-25","passed","2026-03-25","autochek_api_negative.OriginationService.ResponsePayloadReductionV2APIsNegative","Autochek_API_Automation","autochek_api_negative.OriginationService.ResponsePayloadReductionV2APIsNegative","GetBookingInfoForLogbookLoanNegative"
"Update Car and Validate Response","554","PutUpdateCar - state with whitespace only","API_Regression_Suite","2026-03-25","passed","2026-03-25","autochek_api_negative.DetachTyresSpecification.DetachTyresSpecificationNegative","Autochek_API_Automation","autochek_api_negative.DetachTyresSpecification.DetachTyresSpecificationNegative","PutUpdateCar"
"","480","UpdateFranchise - onboarding_source is object","API_Regression_Suite","2026-03-25","passed","2026-03-25","autochek_api_negative.UserService.UserServiceNegative","Autochek_API_Automation","autochek_api_negative.UserService.UserServiceNegative","UpdateFranchise"
"","1284","PostUserSignUpV2 - Verify signup with userType = dsa","API_Regression_Suite","2026-03-25","passed","2026-03-25","autochek_api_positive.UserService.UserServiceV2","Autochek_API_Automation","autochek_api_positive.UserService.UserServiceV2","PostUserSignUpV2"
"","1301","PostUserSignUpV2 - Verify signup with country = KE","API_Regression_Suite","2026-03-25","passed","2026-03-25","autochek_api_positive.UserService.UserServiceV2","Autochek_API_Automation","autochek_api_positive.UserService.UserServiceV2","PostUserSignUpV2"
"Validates GET /v2/origination/banks with dynamic parameters - Positive Test","7287","GetBanksList - country is UG","API_Regression_Suite","2026-03-25","passed","2026-03-25","autochek_api_positive.OriginationService.ResponsePayloadReductionV2APIs","Autochek_API_Automation","autochek_api_positive.OriginationService.ResponsePayloadReductionV2APIs","GetBanksList"
"Update System Config dynamically for PASSWORD_POLICY or USER_SESSION","1","PatchSystemConfigV2 - REQUIRE_LOWERCASE special characters","API_Regression_Suite","2026-03-25","skipped","2026-03-25","autochek_api_negative.UserService.UserServiceV2Negative","Autochek_API_Automation","autochek_api_negative.UserService.UserServiceV2Negative","PatchSystemConfigV2"
"","445","submitLoanPreference - Include licence renewal fees Yes","API_Regression_Suite","2026-03-25","passed","2026-03-25","autochek_api_positive.OfferSimulation.OfferSimulationPositive","Autochek_API_Automation","autochek_api_positive.OfferSimulation.OfferSimulationPositive","submitLoanPreference"
"Update System Config dynamically for PASSWORD_POLICY or USER_SESSION","0","PatchSystemConfigV2 - REQUIRE_NUMBER SQL injection attempt","API_Regression_Suite","2026-03-25","skipped","2026-03-25","autochek_api_negative.UserService.UserServiceV2Negative","Autochek_API_Automation","autochek_api_negative.UserService.UserServiceV2Negative","PatchSystemConfigV2"
"","511","UpdateFranchise - account_name has special characters","API_Regression_Suite","2026-03-25","passed","2026-03-25","autochek_api_negative.UserService.UserServiceNegative","Autochek_API_Automation","autochek_api_negative.UserService.UserServiceNegative","UpdateFranchise"
"","0","PostLogoutAllAdminNegative - HTML tag injection","API_Regression_Suite","2026-03-25","skipped","2026-03-25","autochek_api_negative.UserService.UserServiceV2Negative","Autochek_API_Automation","autochek_api_negative.UserService.UserServiceV2Negative","PostLogoutAllAdminNegative"
"Negative test for Create System Config V2","0","PostSystemConfigV2 - REQUIRE_UPPERCASE empty value","API_Regression_Suite","2026-03-25","skipped","2026-03-25","autochek_api_negative.UserService.UserServiceV2Negative","Autochek_API_Automation","autochek_api_negative.UserService.UserServiceV2Negative","PostSystemConfigV2"
"","0","PostUserSignUpV2Negative - Email without “@” character","API_Regression_Suite","2026-03-25","skipped","2026-03-25","autochek_api_negative.UserService.UserServiceV2Negative","Autochek_API_Automation","autochek_api_negative.UserService.UserServiceV2Negative","PostUserSignUpV2Negative"
"Negative test for Create System Config V2","0","PostSystemConfigV2 - REQUIRE_NUMBER object structure passed","API_Regression_Suite","2026-03-25","skipped","2026-03-25","autochek_api_negative.UserService.UserServiceV2Negative","Autochek_API_Automation","autochek_api_negative.UserService.UserServiceV2Negative","PostSystemConfigV2"
"","1316","CreateFranchise - display_address with symbols","API_Regression_Suite","2026-03-25","passed","2026-03-25","autochek_api_negative.UserService.UserServiceNegative","Autochek_API_Automation","autochek_api_negative.UserService.UserServiceNegative","CreateFranchise"
"Get Offer Details by OfferID","641","GetOffersByIdNegative - Script injection (XSS attempt)","API_Regression_Suite","2026-03-25","passed","2026-03-25","autochek_api_negative.OriginationService.ResponsePayloadReductionV2APIsNegative","Autochek_API_Automation","autochek_api_negative.OriginationService.ResponsePayloadReductionV2APIsNegative","GetOffersByIdNegative"
"","0","PostLoginV2Negative - Username has only domain without name","API_Regression_Suite","2026-03-25","skipped","2026-03-25","autochek_api_negative.UserService.UserServiceV2Negative","Autochek_API_Automation","autochek_api_negative.UserService.UserServiceV2Negative","PostLoginV2Negative"
"Update System Config dynamically for PASSWORD_POLICY or USER_SESSION","0","PatchSystemConfigV2 - REQUIRE_NUMBER special characters","API_Regression_Suite","2026-03-25","skipped","2026-03-25","autochek_api_negative.UserService.UserServiceV2Negative","Autochek_API_Automation","autochek_api_negative.UserService.UserServiceV2Negative","PatchSystemConfigV2"
"Validates GET /v1/inventory/model with dynamic parameters - Positive Test","487","GetModelList - Validate both fields and relations used together","API_Regression_Suite","2026-03-25","passed","2026-03-25","autochek_api_positive.InventoryService.DynamicResponsePositive","Autochek_API_Automation","autochek_api_positive.InventoryService.DynamicResponsePositive","GetModelList"
"Update System Config dynamically for PASSWORD_POLICY or USER_SESSION","0","PatchSystemConfigV2 - REQUIRE_SPECIAL_CHAR empty value","API_Regression_Suite","2026-03-25","skipped","2026-03-25","autochek_api_negative.UserService.UserServiceV2Negative","Autochek_API_Automation","autochek_api_negative.UserService.UserServiceV2Negative","PatchSystemConfigV2"
"Validates GET /v1/inventory/car with dynamic parameters - Positive Test","1175","GetCarList - Validate exclusion of name field in model while including id","API_Regression_Suite","2026-03-25","passed","2026-03-25","autochek_api_positive.InventoryService.DynamicResponsePositive","Autochek_API_Automation","autochek_api_positive.InventoryService.DynamicResponsePositive","GetCarList"
"Create Inspection for the carID generated in Car Creation","460","PostCreateInspection - Array instead of string","API_Regression_Suite","2026-03-25","passed","2026-03-25","autochek_api_negative.DetachTyresSpecification.DetachTyresSpecificationNegative","Autochek_API_Automation","autochek_api_negative.DetachTyresSpecification.DetachTyresSpecificationNegative","PostCreateInspection"
"Update Car and Validate Response","794","PutUpdateCar - address as SQL injection","API_Regression_Suite","2026-03-25","passed","2026-03-25","autochek_api_negative.DetachTyresSpecification.DetachTyresSpecificationNegative","Autochek_API_Automation","autochek_api_negative.DetachTyresSpecification.DetachTyresSpecificationNegative","PutUpdateCar"
"","749","CreateFranchise - country special characters","API_Regression_Suite","2026-03-25","passed","2026-03-25","autochek_api_negative.UserService.UserServiceNegative","Autochek_API_Automation","autochek_api_negative.UserService.UserServiceNegative","CreateFranchise"
"Validates GET /v1/inventory/make with dynamic fields filtering","475","GetMakeNegative - Pass SQL injection-like pattern","API_Regression_Suite","2026-03-25","passed","2026-03-25","autochek_api_negative.InventoryService.DynamicResponseNegative","Autochek_API_Automation","autochek_api_negative.InventoryService.DynamicResponseNegative","GetMakeNegative"
"Submit Loan Customer Preferences","440","SubmitLoanPreferencesNegative - upfrontVehicleRegistration very long string","API_Regression_Suite","2026-03-25","failed","2026-03-25","autochek_api_negative.OfferSimulation.OfferSimulationNegative","Autochek_API_Automation","autochek_api_negative.OfferSimulation.OfferSimulationNegative","SubmitLoanPreferencesNegative"
"","475","UpdateFranchise - longitude is empty","API_Regression_Suite","2026-03-25","passed","2026-03-25","autochek_api_negative.UserService.UserServiceNegative","Autochek_API_Automation","autochek_api_negative.UserService.UserServiceNegative","UpdateFranchise"
"Update Car and Validate Response","1174","PutCompleteCar","API_Regression_Suite","2026-03-25","passed","2026-03-25","autochek_api_negative.DetachTyresSpecification.DetachTyresSpecificationNegative","Autochek_API_Automation","autochek_api_negative.DetachTyresSpecification.DetachTyresSpecificationNegative","PutCompleteCar"
"","516","UpdateFranchise - house_no has special characters","API_Regression_Suite","2026-03-25","passed","2026-03-25","autochek_api_negative.UserService.UserServiceNegative","Autochek_API_Automation","autochek_api_negative.UserService.UserServiceNegative","UpdateFranchise"
"Get Car Details to fetch Car ID","1541","GetCarDetails","API_Regression_Suite","2026-03-25","passed","2026-03-25","autochek_api_positive.OfferSimulation.OfferSimulationPositive","Autochek_API_Automation","autochek_api_positive.OfferSimulation.OfferSimulationPositive","GetCarDetails"
"Validates GET /v1/inventory/make with dynamic fields filtering","430","GetMakeNegative - Pass excluded field that doesn’t exist","API_Regression_Suite","2026-03-25","passed","2026-03-25","autochek_api_negative.InventoryService.DynamicResponseNegative","Autochek_API_Automation","autochek_api_negative.InventoryService.DynamicResponseNegative","GetMakeNegative"
"","744","CreateFranchise - longitude is empty","API_Regression_Suite","2026-03-25","passed","2026-03-25","autochek_api_negative.UserService.UserServiceNegative","Autochek_API_Automation","autochek_api_negative.UserService.UserServiceNegative","CreateFranchise"
"Create Inspection for the carID generated in Car Creation","948","PostCreateInspection - Empty tyre code","API_Regression_Suite","2026-03-25","passed","2026-03-25","autochek_api_negative.DetachTyresSpecification.DetachTyresSpecificationNegative","Autochek_API_Automation","autochek_api_negative.DetachTyresSpecification.DetachTyresSpecificationNegative","PostCreateInspection"
"Validates GET /v1/inventory/trims with dynamic parameters - Negative Test","447","GetTrimsNegative - Validate response when passing an invalid field name","API_Regression_Suite","2026-03-25","passed","2026-03-25","autochek_api_negative.InventoryService.DynamicResponseNegative","Autochek_API_Automation","autochek_api_negative.InventoryService.DynamicResponseNegative","GetTrimsNegative"
"","2280","LogoutAndTestOtherSessionsRemainLoggedIn - {}","API_Regression_Suite","2026-03-25","passed","2026-03-25","autochek_api_positive.UserService.UserServiceV2","Autochek_API_Automation","autochek_api_positive.UserService.UserServiceV2","LogoutAndTestOtherSessionsRemainLoggedIn"
"Submit Loan Customer Preferences","447","SubmitLoanPreferencesNegative - includeLicenceRenewalFees special characters","API_Regression_Suite","2026-03-25","failed","2026-03-25","autochek_api_negative.OfferSimulation.OfferSimulationNegative","Autochek_API_Automation","autochek_api_negative.OfferSimulation.OfferSimulationNegative","SubmitLoanPreferencesNegative"
"","478","UpdateFranchise - phone with less than 9 digits","API_Regression_Suite","2026-03-25","passed","2026-03-25","autochek_api_negative.UserService.UserServiceNegative","Autochek_API_Automation","autochek_api_negative.UserService.UserServiceNegative","UpdateFranchise"
"Delete USER_SESSION and PASSWORD_POLICY using stored IDs","1","deleteSystemConfigs","API_Regression_Suite","2026-03-25","skipped","2026-03-25","autochek_api_negative.UserService.UserServiceV2Negative","Autochek_API_Automation","autochek_api_negative.UserService.UserServiceV2Negative","deleteSystemConfigs"
"Validates GET /v1/inventory/body_type with dynamic parameters - Positive Test","464","GetBodyType - Validate only id field is returned","API_Regression_Suite","2026-03-25","passed","2026-03-25","autochek_api_positive.InventoryService.DynamicResponsePositive","Autochek_API_Automation","autochek_api_positive.InventoryService.DynamicResponsePositive","GetBodyType"
"","0","PostRefreshV2Negative - No cookie header sent","API_Regression_Suite","2026-03-25","skipped","2026-03-25","autochek_api_negative.UserService.UserServiceV2Negative","Autochek_API_Automation","autochek_api_negative.UserService.UserServiceV2Negative","PostRefreshV2Negative"
"Validates GET /v1/inspection with dynamic parameters - Negative Test","727","GetInspectionNegative - Pass empty string in relations","API_Regression_Suite","2026-03-25","passed","2026-03-25","autochek_api_negative.InventoryService.DynamicResponseNegative","Autochek_API_Automation","autochek_api_negative.InventoryService.DynamicResponseNegative","GetInspectionNegative"
"Validates GET /v2/origination/partners with dynamic parameters - Positive Test","539","GetPartnersListNegative - country is numeric string","API_Regression_Suite","2026-03-25","passed","2026-03-25","autochek_api_negative.OriginationService.ResponsePayloadReductionV2APIsNegative","Autochek_API_Automation","autochek_api_negative.OriginationService.ResponsePayloadReductionV2APIsNegative","GetPartnersListNegative"
"Validates GET /v2/origination/sources with dynamic parameters - Positive Test","4099","GetSourcesList - country is KE","API_Regression_Suite","2026-03-25","passed","2026-03-25","autochek_api_positive.OriginationService.ResponsePayloadReductionV2APIs","Autochek_API_Automation","autochek_api_positive.OriginationService.ResponsePayloadReductionV2APIs","GetSourcesList"
"","797","CreateFranchise - account_name as boolean","API_Regression_Suite","2026-03-25","passed","2026-03-25","autochek_api_negative.UserService.UserServiceNegative","Autochek_API_Automation","autochek_api_negative.UserService.UserServiceNegative","CreateFranchise"
"Submit Loan Customer Preferences","429","SubmitLoanPreferencesNegative - upfrontVehicleTracking blank","API_Regression_Suite","2026-03-25","failed","2026-03-25","autochek_api_negative.OfferSimulation.OfferSimulationNegative","Autochek_API_Automation","autochek_api_negative.OfferSimulation.OfferSimulationNegative","SubmitLoanPreferencesNegative"
"","653","GetFranchiseList - page_size is array","API_Regression_Suite","2026-03-25","passed","2026-03-25","autochek_api_negative.UserService.UserServiceNegative","Autochek_API_Automation","autochek_api_negative.UserService.UserServiceNegative","GetFranchiseList"
"Validates GET /v2/origination/loans/{loan_id}/logbook/booking-info - Negative Test","2486","GetBookingInfoForLogbookLoanNegative - loan_id with only special characters","API_Regression_Suite","2026-03-25","passed","2026-03-25","autochek_api_negative.OriginationService.ResponsePayloadReductionV2APIsNegative","Autochek_API_Automation","autochek_api_negative.OriginationService.ResponsePayloadReductionV2APIsNegative","GetBookingInfoForLogbookLoanNegative"
"Submit Loan Customer Preferences","447","SubmitLoanPreferencesNegative - desiredLoanCurrency numeric","API_Regression_Suite","2026-03-25","failed","2026-03-25","autochek_api_negative.OfferSimulation.OfferSimulationNegative","Autochek_API_Automation","autochek_api_negative.OfferSimulation.OfferSimulationNegative","SubmitLoanPreferencesNegative"
"","976","UpdateFranchise - latitude = array","API_Regression_Suite","2026-03-25","passed","2026-03-25","autochek_api_negative.UserService.UserServiceNegative","Autochek_API_Automation","autochek_api_negative.UserService.UserServiceNegative","UpdateFranchise"
"Submit Loan Customer Preferences","435","SubmitLoanPreferencesNegative - interestRateType spaces only","API_Regression_Suite","2026-03-25","failed","2026-03-25","autochek_api_negative.OfferSimulation.OfferSimulationNegative","Autochek_API_Automation","autochek_api_negative.OfferSimulation.OfferSimulationNegative","SubmitLoanPreferencesNegative"
"Submit Loan Customer Preferences","2904","SubmitLoanPreferencesNegative - Fee Payment Method unsupported value","API_Regression_Suite","2026-03-25","passed","2026-03-25","autochek_api_negative.OfferSimulation.OfferSimulationNegative","Autochek_API_Automation","autochek_api_negative.OfferSimulation.OfferSimulationNegative","SubmitLoanPreferencesNegative"
"","460","GetFranchiseList - all params as empty string","API_Regression_Suite","2026-03-25","passed","2026-03-25","autochek_api_negative.UserService.UserServiceNegative","Autochek_API_Automation","autochek_api_negative.UserService.UserServiceNegative","GetFranchiseList"
"","925","CreateFranchise - account_bvn empty string","API_Regression_Suite","2026-03-25","passed","2026-03-25","autochek_api_negative.UserService.UserServiceNegative","Autochek_API_Automation","autochek_api_negative.UserService.UserServiceNegative","CreateFranchise"
"Accept Simulation Offer","457","AcceptOfferNegative - SQL injection with DROP statement","API_Regression_Suite","2026-03-25","passed","2026-03-25","autochek_api_negative.OfferSimulation.OfferSimulationNegative","Autochek_API_Automation","autochek_api_negative.OfferSimulation.OfferSimulationNegative","AcceptOfferNegative"
"Update System Config dynamically for PASSWORD_POLICY or USER_SESSION","0","PatchSystemConfigV2 - REQUIRE_UPPERCASE null value","API_Regression_Suite","2026-03-25","skipped","2026-03-25","autochek_api_negative.UserService.UserServiceV2Negative","Autochek_API_Automation","autochek_api_negative.UserService.UserServiceV2Negative","PatchSystemConfigV2"
"","450","submitLoanPreference - Omit requestedWarrantyPlan","API_Regression_Suite","2026-03-25","passed","2026-03-25","autochek_api_positive.OfferSimulation.OfferSimulationPositive","Autochek_API_Automation","autochek_api_positive.OfferSimulation.OfferSimulationPositive","submitLoanPreference"
"Submit Loan Customer Preferences","522","SubmitLoanPreferencesNegative - Requested Warranty Plan special characters","API_Regression_Suite","2026-03-25","passed","2026-03-25","autochek_api_negative.OfferSimulation.OfferSimulationNegative","Autochek_API_Automation","autochek_api_negative.OfferSimulation.OfferSimulationNegative","SubmitLoanPreferencesNegative"
"","0","PostLoginV2Negative - Valid Password but non existng username","API_Regression_Suite","2026-03-25","skipped","2026-03-25","autochek_api_negative.UserService.UserServiceV2Negative","Autochek_API_Automation","autochek_api_negative.UserService.UserServiceV2Negative","PostLoginV2Negative"
"","770","CreateFranchise - account_name with html tag (xss)","API_Regression_Suite","2026-03-25","passed","2026-03-25","autochek_api_negative.UserService.UserServiceNegative","Autochek_API_Automation","autochek_api_negative.UserService.UserServiceNegative","CreateFranchise"
"Validates GET /v2/origination/sources with dynamic parameters - Negative Test","2400","GetSourcesListNegative - country is numeric string","API_Regression_Suite","2026-03-25","passed","2026-03-25","autochek_api_negative.OriginationService.ResponsePayloadReductionV2APIsNegative","Autochek_API_Automation","autochek_api_negative.OriginationService.ResponsePayloadReductionV2APIsNegative","GetSourcesListNegative"
"","0","PostLookUpV2Negative - Identifier has invalid phone format (missing + sign)","API_Regression_Suite","2026-03-25","skipped","2026-03-25","autochek_api_negative.UserService.UserServiceV2Negative","Autochek_API_Automation","autochek_api_negative.UserService.UserServiceV2Negative","PostLookUpV2Negative"
"Validates GET /v2/origination/loans/{loan_id}/logbook/booking-info - Negative Test","1710","GetBookingInfoForLogbookLoanNegative - Send loan_id as random alphanumeric invalid format","API_Regression_Suite","2026-03-25","passed","2026-03-25","autochek_api_negative.OriginationService.ResponsePayloadReductionV2APIsNegative","Autochek_API_Automation","autochek_api_negative.OriginationService.ResponsePayloadReductionV2APIsNegative","GetBookingInfoForLogbookLoanNegative"
"Create Inspection for the carID generated in Car Creation","438","PostCreateInspection - location missing + wheel_type invalid","API_Regression_Suite","2026-03-25","failed","2026-03-25","autochek_api_negative.DetachTyresSpecification.DetachTyresSpecificationNegative","Autochek_API_Automation","autochek_api_negative.DetachTyresSpecification.DetachTyresSpecificationNegative","PostCreateInspection"
"Update Car and Validate Response","653","PutUpdateCar - city too short (1 char)","API_Regression_Suite","2026-03-25","passed","2026-03-25","autochek_api_negative.DetachTyresSpecification.DetachTyresSpecificationNegative","Autochek_API_Automation","autochek_api_negative.DetachTyresSpecification.DetachTyresSpecificationNegative","PutUpdateCar"
"Create Inspection for the carID generated in Car Creation","469","PostCreateInspection - Trailing spaces in form_id","API_Regression_Suite","2026-03-25","passed","2026-03-25","autochek_api_negative.DetachTyresSpecification.DetachTyresSpecificationNegative","Autochek_API_Automation","autochek_api_negative.DetachTyresSpecification.DetachTyresSpecificationNegative","PostCreateInspection"
"Validates GET /v2/origination/loans with dynamic parameters - Negative Test","692","GetLoansListNegative - page_size is float","API_Regression_Suite","2026-03-25","passed","2026-03-25","autochek_api_negative.OriginationService.ResponsePayloadReductionV2APIsNegative","Autochek_API_Automation","autochek_api_negative.OriginationService.ResponsePayloadReductionV2APIsNegative","GetLoansListNegative"
"Negative test for Create System Config V2","1","PostSystemConfigV2 - REQUIRE_UPPERCASE string true instead of boolean","API_Regression_Suite","2026-03-25","skipped","2026-03-25","autochek_api_negative.UserService.UserServiceV2Negative","Autochek_API_Automation","autochek_api_negative.UserService.UserServiceV2Negative","PostSystemConfigV2"
"Negative test for Create System Config V2","0","PostSystemConfigV2 - MAX_CONCURRENT_SESSIONS special characters","API_Regression_Suite","2026-03-25","skipped","2026-03-25","autochek_api_negative.UserService.UserServiceV2Negative","Autochek_API_Automation","autochek_api_negative.UserService.UserServiceV2Negative","PostSystemConfigV2"
"","486","UpdateFranchise - is_anchor = special char","API_Regression_Suite","2026-03-25","passed","2026-03-25","autochek_api_negative.UserService.UserServiceNegative","Autochek_API_Automation","autochek_api_negative.UserService.UserServiceNegative","UpdateFranchise"
"","1410","PostUserSignUpV2 - Verify signup with country = UG","API_Regression_Suite","2026-03-25","passed","2026-03-25","autochek_api_positive.UserService.UserServiceV2","Autochek_API_Automation","autochek_api_positive.UserService.UserServiceV2","PostUserSignUpV2"
"Validates GET /v2/origination/loans with dynamic parameters - Negative Test","499","GetLoansListNegative - country is one character","API_Regression_Suite","2026-03-25","passed","2026-03-25","autochek_api_negative.OriginationService.ResponsePayloadReductionV2APIsNegative","Autochek_API_Automation","autochek_api_negative.OriginationService.ResponsePayloadReductionV2APIsNegative","GetLoansListNegative"
"Submit Loan Customer Preferences","438","SubmitLoanPreferencesNegative - upfrontVehicleTracking JSON object instead of boolean","API_Regression_Suite","2026-03-25","failed","2026-03-25","autochek_api_negative.OfferSimulation.OfferSimulationNegative","Autochek_API_Automation","autochek_api_negative.OfferSimulation.OfferSimulationNegative","SubmitLoanPreferencesNegative"
"Submit Loan Customer Preferences","1314","SubmitLoanPreferencesNegative - vehicleDiscount text","API_Regression_Suite","2026-03-25","passed","2026-03-25","autochek_api_negative.OfferSimulation.OfferSimulationNegative","Autochek_API_Automation","autochek_api_negative.OfferSimulation.OfferSimulationNegative","SubmitLoanPreferencesNegative"
"Negative test for Create System Config V2","0","PostSystemConfigV2 - MIN_LENGTH zero","API_Regression_Suite","2026-03-25","skipped","2026-03-25","autochek_api_negative.UserService.UserServiceV2Negative","Autochek_API_Automation","autochek_api_negative.UserService.UserServiceV2Negative","PostSystemConfigV2"
"","747","CreateFranchise - phone with letters","API_Regression_Suite","2026-03-25","passed","2026-03-25","autochek_api_negative.UserService.UserServiceNegative","Autochek_API_Automation","autochek_api_negative.UserService.UserServiceNegative","CreateFranchise"
"","518","GetFranchiseByID - leading and trailing whitespaces","API_Regression_Suite","2026-03-25","passed","2026-03-25","autochek_api_negative.UserService.UserServiceNegative","Autochek_API_Automation","autochek_api_negative.UserService.UserServiceNegative","GetFranchiseByID"
"Create Inspection for the carID generated in Car Creation","453","PostCreateInspection - Unsupported inspection type","API_Regression_Suite","2026-03-25","passed","2026-03-25","autochek_api_negative.DetachTyresSpecification.DetachTyresSpecificationNegative","Autochek_API_Automation","autochek_api_negative.DetachTyresSpecification.DetachTyresSpecificationNegative","PostCreateInspection"
"Create Inspection for the carID generated in Car Creation","1","CreateInspection","API_Regression_Suite","2026-03-25","passed","2026-03-25","autochek_api_positive.DetachTyreSpecification.DetachTyreSpecificationPositive","Autochek_API_Automation","autochek_api_positive.DetachTyreSpecification.DetachTyreSpecificationPositive","CreateInspection"
"","743","CreateFranchise - longitude with special chars","API_Regression_Suite","2026-03-25","passed","2026-03-25","autochek_api_negative.UserService.UserServiceNegative","Autochek_API_Automation","autochek_api_negative.UserService.UserServiceNegative","CreateFranchise"
"Submit Loan Customer Preferences","440","SubmitLoanPreferencesNegative - interestRateType blank","API_Regression_Suite","2026-03-25","failed","2026-03-25","autochek_api_negative.OfferSimulation.OfferSimulationNegative","Autochek_API_Automation","autochek_api_negative.OfferSimulation.OfferSimulationNegative","SubmitLoanPreferencesNegative"
"Validates GET /v1/inventory/make with dynamic fields filtering - Positive Test","459","GetMake - Verify response returns only imageUrl field","API_Regression_Suite","2026-03-25","passed","2026-03-25","autochek_api_positive.InventoryService.DynamicResponsePositive","Autochek_API_Automation","autochek_api_positive.InventoryService.DynamicResponsePositive","GetMake"
"Fetching loan by ID","529","GetLoanByIdNegative - HTML tag injection","API_Regression_Suite","2026-03-25","passed","2026-03-25","autochek_api_negative.OriginationService.ResponsePayloadReductionV2APIsNegative","Autochek_API_Automation","autochek_api_negative.OriginationService.ResponsePayloadReductionV2APIsNegative","GetLoanByIdNegative"
"Validates GET /v1/inventory/body_type with dynamic parameters - Negative Test","433","GetBodyTypeNegative - Pass completely invalid field","API_Regression_Suite","2026-03-25","passed","2026-03-25","autochek_api_negative.InventoryService.DynamicResponseNegative","Autochek_API_Automation","autochek_api_negative.InventoryService.DynamicResponseNegative","GetBodyTypeNegative"
"Validates GET /v1/inspection with dynamic parameters - Negative Test","442","GetInspectionNegative - Validate API fails when passing multiple unrelated top-level relations","API_Regression_Suite","2026-03-25","passed","2026-03-25","autochek_api_negative.InventoryService.DynamicResponseNegative","Autochek_API_Automation","autochek_api_negative.InventoryService.DynamicResponseNegative","GetInspectionNegative"
"","500","GetFranchiseList - country is SQL injection","API_Regression_Suite","2026-03-25","passed","2026-03-25","autochek_api_negative.UserService.UserServiceNegative","Autochek_API_Automation","autochek_api_negative.UserService.UserServiceNegative","GetFranchiseList"
"Create Inspection for the carID generated in Car Creation","553","PostCreateInspection - Special characters","API_Regression_Suite","2026-03-25","passed","2026-03-25","autochek_api_negative.DetachTyresSpecification.DetachTyresSpecificationNegative","Autochek_API_Automation","autochek_api_negative.DetachTyresSpecification.DetachTyresSpecificationNegative","PostCreateInspection"
"","752","CreateFranchise - country is empty","API_Regression_Suite","2026-03-25","passed","2026-03-25","autochek_api_negative.UserService.UserServiceNegative","Autochek_API_Automation","autochek_api_negative.UserService.UserServiceNegative","CreateFranchise"
"Delete USER_SESSION and PASSWORD_POLICY using stored IDs","0","deleteSystemConfigs - Delete with double slash in endpoint","API_Regression_Suite","2026-03-25","skipped","2026-03-25","autochek_api_negative.UserService.UserServiceV2Negative","Autochek_API_Automation","autochek_api_negative.UserService.UserServiceV2Negative","deleteSystemConfigs"
"","474","UpdateFranchise - nearest_landmark special chars","API_Regression_Suite","2026-03-25","passed","2026-03-25","autochek_api_negative.UserService.UserServiceNegative","Autochek_API_Automation","autochek_api_negative.UserService.UserServiceNegative","UpdateFranchise"
"Validates GET /v2/origination/sources with dynamic parameters - Negative Test","512","GetSourcesListNegative - page_size is object","API_Regression_Suite","2026-03-25","passed","2026-03-25","autochek_api_negative.OriginationService.ResponsePayloadReductionV2APIsNegative","Autochek_API_Automation","autochek_api_negative.OriginationService.ResponsePayloadReductionV2APIsNegative","GetSourcesListNegative"
"","0","PostUserSignUpV2Negative - PhoneNumber is null","API_Regression_Suite","2026-03-25","skipped","2026-03-25","autochek_api_negative.UserService.UserServiceV2Negative","Autochek_API_Automation","autochek_api_negative.UserService.UserServiceV2Negative","PostUserSignUpV2Negative"
"Submit Loan Customer Preferences","434","SubmitLoanPreferencesNegative - monthlyPayment zero","API_Regression_Suite","2026-03-25","failed","2026-03-25","autochek_api_negative.OfferSimulation.OfferSimulationNegative","Autochek_API_Automation","autochek_api_negative.OfferSimulation.OfferSimulationNegative","SubmitLoanPreferencesNegative"
"Validates GET /v2/origination/offers with dynamic parameters - Positive Test","4125","GetOffersList - country is NG","API_Regression_Suite","2026-03-25","passed","2026-03-25","autochek_api_positive.OriginationService.ResponsePayloadReductionV2APIs","Autochek_API_Automation","autochek_api_positive.OriginationService.ResponsePayloadReductionV2APIs","GetOffersList"
"","488","GetFranchiseList - all params as null","API_Regression_Suite","2026-03-25","passed","2026-03-25","autochek_api_negative.UserService.UserServiceNegative","Autochek_API_Automation","autochek_api_negative.UserService.UserServiceNegative","GetFranchiseList"
"Validates GET /v1/inspection with dynamic parameters - Negative Test","451","GetInspectionNegative - Validate API fails when passing completely unknown relation","API_Regression_Suite","2026-03-25","passed","2026-03-25","autochek_api_negative.InventoryService.DynamicResponseNegative","Autochek_API_Automation","autochek_api_negative.InventoryService.DynamicResponseNegative","GetInspectionNegative"
"Submit Loan Customer Preferences","6121","SubmitLoanPreferencesNegative - Include Roadworthiness Fees invalid value","API_Regression_Suite","2026-03-25","passed","2026-03-25","autochek_api_negative.OfferSimulation.OfferSimulationNegative","Autochek_API_Automation","autochek_api_negative.OfferSimulation.OfferSimulationNegative","SubmitLoanPreferencesNegative"
"","1064","CreateFranchise - account_name too long","API_Regression_Suite","2026-03-25","passed","2026-03-25","autochek_api_negative.UserService.UserServiceNegative","Autochek_API_Automation","autochek_api_negative.UserService.UserServiceNegative","CreateFranchise"
"","1","PostUserSignUpV2Negative - PhoneNumber contains letters or special characters","API_Regression_Suite","2026-03-25","skipped","2026-03-25","autochek_api_negative.UserService.UserServiceV2Negative","Autochek_API_Automation","autochek_api_negative.UserService.UserServiceV2Negative","PostUserSignUpV2Negative"
"Submit Loan Customer Preferences","439","SubmitLoanPreferencesNegative - upfrontVehicleRegistration numeric 1","API_Regression_Suite","2026-03-25","failed","2026-03-25","autochek_api_negative.OfferSimulation.OfferSimulationNegative","Autochek_API_Automation","autochek_api_negative.OfferSimulation.OfferSimulationNegative","SubmitLoanPreferencesNegative"
"Update System Config dynamically for PASSWORD_POLICY or USER_SESSION","1","PatchSystemConfigV2 - REQUIRE_SPECIAL_CHAR numeric instead of boolean","API_Regression_Suite","2026-03-25","skipped","2026-03-25","autochek_api_negative.UserService.UserServiceV2Negative","Autochek_API_Automation","autochek_api_negative.UserService.UserServiceV2Negative","PatchSystemConfigV2"
"Validates GET /v1/inventory/obds with dynamic parameters - Negative Test","905","GetObdsNegative - Pass invalid date-like string in createdAt field","API_Regression_Suite","2026-03-25","passed","2026-03-25","autochek_api_negative.InventoryService.DynamicResponseNegative","Autochek_API_Automation","autochek_api_negative.InventoryService.DynamicResponseNegative","GetObdsNegative"
"Submit Loan Customer Preferences","2988","SubmitLoanPreferencesNegative - requestedWarrantyPlan null","API_Regression_Suite","2026-03-25","passed","2026-03-25","autochek_api_negative.OfferSimulation.OfferSimulationNegative","Autochek_API_Automation","autochek_api_negative.OfferSimulation.OfferSimulationNegative","SubmitLoanPreferencesNegative"
"","0","PostLookUpV2Negative - Send XSS payload as token","API_Regression_Suite","2026-03-25","skipped","2026-03-25","autochek_api_negative.UserService.UserServiceV2Negative","Autochek_API_Automation","autochek_api_negative.UserService.UserServiceV2Negative","PostLookUpV2Negative"
"Validates GET /v1/inventory/car with dynamic parameters - Positive Test","1175","GetCarList - Validate deep nested fields id,model(make(id,name)) are returned","API_Regression_Suite","2026-03-25","passed","2026-03-25","autochek_api_positive.InventoryService.DynamicResponsePositive","Autochek_API_Automation","autochek_api_positive.InventoryService.DynamicResponsePositive","GetCarList"
"","473","UpdateFranchise - latitude = false","API_Regression_Suite","2026-03-25","passed","2026-03-25","autochek_api_negative.UserService.UserServiceNegative","Autochek_API_Automation","autochek_api_negative.UserService.UserServiceNegative","UpdateFranchise"
"","472","UpdateFranchise - phone in international format with +","API_Regression_Suite","2026-03-25","passed","2026-03-25","autochek_api_negative.UserService.UserServiceNegative","Autochek_API_Automation","autochek_api_negative.UserService.UserServiceNegative","UpdateFranchise"
"Submit Loan Customer Preferences","476","SubmitLoanPreferencesNegative - monthlyPayment negative number","API_Regression_Suite","2026-03-25","failed","2026-03-25","autochek_api_negative.OfferSimulation.OfferSimulationNegative","Autochek_API_Automation","autochek_api_negative.OfferSimulation.OfferSimulationNegative","SubmitLoanPreferencesNegative"
"Submit Loan Customer Preferences","441","SubmitLoanPreferencesNegative - upfrontCreditLifeInsurance numeric instead of boolean","API_Regression_Suite","2026-03-25","failed","2026-03-25","autochek_api_negative.OfferSimulation.OfferSimulationNegative","Autochek_API_Automation","autochek_api_negative.OfferSimulation.OfferSimulationNegative","SubmitLoanPreferencesNegative"
"Validates GET /v1/inventory/body_type with dynamic parameters - Positive Test","801","GetBodyType - Validate name and imageUrl fields are returned","API_Regression_Suite","2026-03-25","passed","2026-03-25","autochek_api_positive.InventoryService.DynamicResponsePositive","Autochek_API_Automation","autochek_api_positive.InventoryService.DynamicResponsePositive","GetBodyType"
"Validates GET /v1/inventory/trims with dynamic parameters - Negative Test","450","GetTrimsNegative - Validate response when passing array-like value","API_Regression_Suite","2026-03-25","passed","2026-03-25","autochek_api_negative.InventoryService.DynamicResponseNegative","Autochek_API_Automation","autochek_api_negative.InventoryService.DynamicResponseNegative","GetTrimsNegative"
"","500","UpdateFranchise - display_address long string","API_Regression_Suite","2026-03-25","passed","2026-03-25","autochek_api_negative.UserService.UserServiceNegative","Autochek_API_Automation","autochek_api_negative.UserService.UserServiceNegative","UpdateFranchise"
"","480","UpdateFranchise - owner with comma-separated string","API_Regression_Suite","2026-03-25","passed","2026-03-25","autochek_api_negative.UserService.UserServiceNegative","Autochek_API_Automation","autochek_api_negative.UserService.UserServiceNegative","UpdateFranchise"
"","0","PostUserSignUpV2Negative - FirstName field is omitted from the request body","API_Regression_Suite","2026-03-25","skipped","2026-03-25","autochek_api_negative.UserService.UserServiceV2Negative","Autochek_API_Automation","autochek_api_negative.UserService.UserServiceV2Negative","PostUserSignUpV2Negative"
"Update System Config dynamically for PASSWORD_POLICY or USER_SESSION","0","PatchSystemConfigV2 - MAX_LENGTH SQL injection","API_Regression_Suite","2026-03-25","skipped","2026-03-25","autochek_api_negative.UserService.UserServiceV2Negative","Autochek_API_Automation","autochek_api_negative.UserService.UserServiceV2Negative","PatchSystemConfigV2"
"Validates GET /v2/origination/loans/{loan_id}/logbook/car-details - Negative Test","610","GetLogbookCarDetailsByLoanIdNegative - loan_id in base64 encoded format","API_Regression_Suite","2026-03-25","passed","2026-03-25","autochek_api_negative.OriginationService.ResponsePayloadReductionV2APIsNegative","Autochek_API_Automation","autochek_api_negative.OriginationService.ResponsePayloadReductionV2APIsNegative","GetLogbookCarDetailsByLoanIdNegative"
"Validates GET /v1/origination/offers/{offer_Id}/loan-document with dynamic parameters - Negative Test","595","GetLoanDocumentsByOfferIdNegative - Send offer_id as null","API_Regression_Suite","2026-03-25","passed","2026-03-25","autochek_api_negative.OriginationService.ResponsePayloadReductionV2APIsNegative","Autochek_API_Automation","autochek_api_negative.OriginationService.ResponsePayloadReductionV2APIsNegative","GetLoanDocumentsByOfferIdNegative"
"","0","PostUserSignUpV2Negative - LastName is null","API_Regression_Suite","2026-03-25","skipped","2026-03-25","autochek_api_negative.UserService.UserServiceV2Negative","Autochek_API_Automation","autochek_api_negative.UserService.UserServiceV2Negative","PostUserSignUpV2Negative"
"Validates GET /v1/inventory/model with dynamic parameters - Positive Test","483","GetModelList - Validate only name field is returned","API_Regression_Suite","2026-03-25","passed","2026-03-25","autochek_api_positive.InventoryService.DynamicResponsePositive","Autochek_API_Automation","autochek_api_positive.InventoryService.DynamicResponsePositive","GetModelList"
"Get Offer Details by OfferID","557","GetOffersByIdNegative - Send offer_id as numeric only","API_Regression_Suite","2026-03-25","passed","2026-03-25","autochek_api_negative.OriginationService.ResponsePayloadReductionV2APIsNegative","Autochek_API_Automation","autochek_api_negative.OriginationService.ResponsePayloadReductionV2APIsNegative","GetOffersByIdNegative"
"Create Inspection for the carID generated in Car Creation","705","PostCreateInspection - Empty value for completed","API_Regression_Suite","2026-03-25","passed","2026-03-25","autochek_api_negative.DetachTyresSpecification.DetachTyresSpecificationNegative","Autochek_API_Automation","autochek_api_negative.DetachTyresSpecification.DetachTyresSpecificationNegative","PostCreateInspection"
"Create Car and Validate Response","1912","CreateCar - Verify car creation with fuel type diesel","API_Regression_Suite","2026-03-25","broken","2026-03-25","autochek_api_positive.DetachTyreSpecification.DetachTyreSpecificationPositive","Autochek_API_Automation","autochek_api_positive.DetachTyreSpecification.DetachTyreSpecificationPositive","CreateCar"
"Creating loan for first fetched Toyota Car","575","PostCreateLoan","API_Regression_Suite","2026-03-25","failed","2026-03-25","autochek_api_positive.OfferSimulation.OfferSimulationPositive","Autochek_API_Automation","autochek_api_positive.OfferSimulation.OfferSimulationPositive","PostCreateLoan"
"","0","PostLoginV2Negative - Username invalid email domain","API_Regression_Suite","2026-03-25","skipped","2026-03-25","autochek_api_negative.UserService.UserServiceV2Negative","Autochek_API_Automation","autochek_api_negative.UserService.UserServiceV2Negative","PostLoginV2Negative"
"Validates GET /v2/origination/offers with dynamic parameters - Positive Test","597","GetOffersListNegative - page_size is float","API_Regression_Suite","2026-03-25","passed","2026-03-25","autochek_api_negative.OriginationService.ResponsePayloadReductionV2APIsNegative","Autochek_API_Automation","autochek_api_negative.OriginationService.ResponsePayloadReductionV2APIsNegative","GetOffersListNegative"
"Validates GET /v2/origination/sources with dynamic parameters - Negative Test","2989","GetSourcesListNegative - country is lowercase","API_Regression_Suite","2026-03-25","passed","2026-03-25","autochek_api_negative.OriginationService.ResponsePayloadReductionV2APIsNegative","Autochek_API_Automation","autochek_api_negative.OriginationService.ResponsePayloadReductionV2APIsNegative","GetSourcesListNegative"
"Submit Loan Customer Preferences","442","SubmitLoanPreferencesNegative - monthlyPayment alphanumeric","API_Regression_Suite","2026-03-25","failed","2026-03-25","autochek_api_negative.OfferSimulation.OfferSimulationNegative","Autochek_API_Automation","autochek_api_negative.OfferSimulation.OfferSimulationNegative","SubmitLoanPreferencesNegative"
"","757","CreateFranchise - account_bvn letters","API_Regression_Suite","2026-03-25","passed","2026-03-25","autochek_api_negative.UserService.UserServiceNegative","Autochek_API_Automation","autochek_api_negative.UserService.UserServiceNegative","CreateFranchise"
"Validates GET /v1/inventory/car with dynamic parameters - Negative Test","449","GetCarListNegative - Validate API fails when passing relation syntax without parent entity","API_Regression_Suite","2026-03-25","passed","2026-03-25","autochek_api_negative.InventoryService.DynamicResponseNegative","Autochek_API_Automation","autochek_api_negative.InventoryService.DynamicResponseNegative","GetCarListNegative"
"Get Offer Details by LoanID","665","GetOffersByLoanIdNegative - loan_id with valid format plus special characters","API_Regression_Suite","2026-03-25","passed","2026-03-25","autochek_api_negative.OriginationService.ResponsePayloadReductionV2APIsNegative","Autochek_API_Automation","autochek_api_negative.OriginationService.ResponsePayloadReductionV2APIsNegative","GetOffersByLoanIdNegative"
"Validates GET /v1/inventory/trims with dynamic parameters - Positive Test","476","GetTrims - Validate all fields except id are returned","API_Regression_Suite","2026-03-25","passed","2026-03-25","autochek_api_positive.InventoryService.DynamicResponsePositive","Autochek_API_Automation","autochek_api_positive.InventoryService.DynamicResponsePositive","GetTrims"
"Update System Config dynamically for PASSWORD_POLICY or USER_SESSION","0","PatchSystemConfigV2 - REQUIRE_UPPERCASE SQL injection attempt","API_Regression_Suite","2026-03-25","skipped","2026-03-25","autochek_api_negative.UserService.UserServiceV2Negative","Autochek_API_Automation","autochek_api_negative.UserService.UserServiceV2Negative","PatchSystemConfigV2"
"Update Car and Validate Response","612","PutUpdateCar - city with special chars","API_Regression_Suite","2026-03-25","passed","2026-03-25","autochek_api_negative.DetachTyresSpecification.DetachTyresSpecificationNegative","Autochek_API_Automation","autochek_api_negative.DetachTyresSpecification.DetachTyresSpecificationNegative","PutUpdateCar"
"","765","CreateFranchise - name has only special characters","API_Regression_Suite","2026-03-25","passed","2026-03-25","autochek_api_negative.UserService.UserServiceNegative","Autochek_API_Automation","autochek_api_negative.UserService.UserServiceNegative","CreateFranchise"
"","481","UpdateFranchise - account_name special chars","API_Regression_Suite","2026-03-25","passed","2026-03-25","autochek_api_negative.UserService.UserServiceNegative","Autochek_API_Automation","autochek_api_negative.UserService.UserServiceNegative","UpdateFranchise"
"Validates GET /v1/inventory/obds with dynamic parameters - Negative Test","596","GetObdsNegative - Use spaces in field parameter","API_Regression_Suite","2026-03-25","passed","2026-03-25","autochek_api_negative.InventoryService.DynamicResponseNegative","Autochek_API_Automation","autochek_api_negative.InventoryService.DynamicResponseNegative","GetObdsNegative"
"Validates GET /v1/inventory/trims with dynamic parameters - Negative Test","456","GetTrimsNegative - Validate response when passing SQL injection using DROP TABLE","API_Regression_Suite","2026-03-25","passed","2026-03-25","autochek_api_negative.InventoryService.DynamicResponseNegative","Autochek_API_Automation","autochek_api_negative.InventoryService.DynamicResponseNegative","GetTrimsNegative"
"Validates GET /v1/inspection with dynamic parameters - Negative Test","688","GetInspectionNegative - Validate API fails when using special characters in fields","API_Regression_Suite","2026-03-25","passed","2026-03-25","autochek_api_negative.InventoryService.DynamicResponseNegative","Autochek_API_Automation","autochek_api_negative.InventoryService.DynamicResponseNegative","GetInspectionNegative"
"Submit Loan Customer Preferences","437","SubmitLoanPreferencesNegative - upfrontVehicleTracking special characters","API_Regression_Suite","2026-03-25","failed","2026-03-25","autochek_api_negative.OfferSimulation.OfferSimulationNegative","Autochek_API_Automation","autochek_api_negative.OfferSimulation.OfferSimulationNegative","SubmitLoanPreferencesNegative"
"Negative test for Create System Config V2","0","PostSystemConfigV2 - MIN_LENGTH greater than MAX_LENGTH","API_Regression_Suite","2026-03-25","skipped","2026-03-25","autochek_api_negative.UserService.UserServiceV2Negative","Autochek_API_Automation","autochek_api_negative.UserService.UserServiceV2Negative","PostSystemConfigV2"
"","476","submitLoanPreference - Upfront Credit Life Insurance TRUE","API_Regression_Suite","2026-03-25","passed","2026-03-25","autochek_api_positive.OfferSimulation.OfferSimulationPositive","Autochek_API_Automation","autochek_api_positive.OfferSimulation.OfferSimulationPositive","submitLoanPreference"
"","698","UpdateFranchise - onboarding_source is null","API_Regression_Suite","2026-03-25","passed","2026-03-25","autochek_api_negative.UserService.UserServiceNegative","Autochek_API_Automation","autochek_api_negative.UserService.UserServiceNegative","UpdateFranchise"
"Update Car and Validate Response","1185","PutUpdateCar - license_plate too long (20+ chars)","API_Regression_Suite","2026-03-25","passed","2026-03-25","autochek_api_negative.DetachTyresSpecification.DetachTyresSpecificationNegative","Autochek_API_Automation","autochek_api_negative.DetachTyresSpecification.DetachTyresSpecificationNegative","PutUpdateCar"
"Validates GET /v1/inventory/body_type with dynamic parameters - Negative Test","435","GetBodyTypeNegative - Pass excluded field with special chars","API_Regression_Suite","2026-03-25","passed","2026-03-25","autochek_api_negative.InventoryService.DynamicResponseNegative","Autochek_API_Automation","autochek_api_negative.InventoryService.DynamicResponseNegative","GetBodyTypeNegative"
"Update System Config dynamically for PASSWORD_POLICY or USER_SESSION","0","PatchSystemConfigV2 - MAX_CONCURRENT_SESSIONS empty value","API_Regression_Suite","2026-03-25","skipped","2026-03-25","autochek_api_negative.UserService.UserServiceV2Negative","Autochek_API_Automation","autochek_api_negative.UserService.UserServiceV2Negative","PatchSystemConfigV2"
"Negative test for Create System Config V2","0","PostSystemConfigV2 - MAX_CONCURRENT_SESSIONS decimal value","API_Regression_Suite","2026-03-25","skipped","2026-03-25","autochek_api_negative.UserService.UserServiceV2Negative","Autochek_API_Automation","autochek_api_negative.UserService.UserServiceV2Negative","PostSystemConfigV2"
"","472","UpdateFranchise - city ID is an array","API_Regression_Suite","2026-03-25","passed","2026-03-25","autochek_api_negative.UserService.UserServiceNegative","Autochek_API_Automation","autochek_api_negative.UserService.UserServiceNegative","UpdateFranchise"
"","0","PostEnableUserV2Negative - Send userId with leading/trailing spaces","API_Regression_Suite","2026-03-25","skipped","2026-03-25","autochek_api_negative.UserService.UserServiceV2Negative","Autochek_API_Automation","autochek_api_negative.UserService.UserServiceV2Negative","PostEnableUserV2Negative"
"Validates GET /v2/origination/offers with dynamic parameters - Positive Test","5585","GetOffersList - valid request where page_size is at a boundary value (10)","API_Regression_Suite","2026-03-25","passed","2026-03-25","autochek_api_positive.OriginationService.ResponsePayloadReductionV2APIs","Autochek_API_Automation","autochek_api_positive.OriginationService.ResponsePayloadReductionV2APIs","GetOffersList"
"","471","CreateFranchise - owner is invalid format (special chars)","API_Regression_Suite","2026-03-25","passed","2026-03-25","autochek_api_negative.UserService.UserServiceNegative","Autochek_API_Automation","autochek_api_negative.UserService.UserServiceNegative","CreateFranchise"
"Validates GET /v1/inventory/inspection_request with dynamic parameters - Negative Test","452","GetInspectionRequestNegative - Pass special characters as fields","API_Regression_Suite","2026-03-25","passed","2026-03-25","autochek_api_negative.InventoryService.DynamicResponseNegative","Autochek_API_Automation","autochek_api_negative.InventoryService.DynamicResponseNegative","GetInspectionRequestNegative"
"","5475","UpdateFranchise - house_no is empty string","API_Regression_Suite","2026-03-25","passed","2026-03-25","autochek_api_negative.UserService.UserServiceNegative","Autochek_API_Automation","autochek_api_negative.UserService.UserServiceNegative","UpdateFranchise"
"","758","CreateFranchise - account_number all letters","API_Regression_Suite","2026-03-25","passed","2026-03-25","autochek_api_negative.UserService.UserServiceNegative","Autochek_API_Automation","autochek_api_negative.UserService.UserServiceNegative","CreateFranchise"
"","767","CreateFranchise - account_name special chars","API_Regression_Suite","2026-03-25","passed","2026-03-25","autochek_api_negative.UserService.UserServiceNegative","Autochek_API_Automation","autochek_api_negative.UserService.UserServiceNegative","CreateFranchise"
"Submit Loan Customer Preferences","1295","SubmitLoanPreferencesNegative - upfrontTyres special characters","API_Regression_Suite","2026-03-25","passed","2026-03-25","autochek_api_negative.OfferSimulation.OfferSimulationNegative","Autochek_API_Automation","autochek_api_negative.OfferSimulation.OfferSimulationNegative","SubmitLoanPreferencesNegative"
"Submit Loan Customer Preferences","549","SubmitLoanPreferencesNegative - interestRateType invalid keyword","API_Regression_Suite","2026-03-25","failed","2026-03-25","autochek_api_negative.OfferSimulation.OfferSimulationNegative","Autochek_API_Automation","autochek_api_negative.OfferSimulation.OfferSimulationNegative","SubmitLoanPreferencesNegative"
"Validates GET /v2/origination/partners with dynamic parameters - Positive Test","613","GetPartnersListNegative - country is one character","API_Regression_Suite","2026-03-25","passed","2026-03-25","autochek_api_negative.OriginationService.ResponsePayloadReductionV2APIsNegative","Autochek_API_Automation","autochek_api_negative.OriginationService.ResponsePayloadReductionV2APIsNegative","GetPartnersListNegative"
"Create Inspection for the carID generated in Car Creation","469","PostCreateInspection - Multiple invalids together (form_id empty + car_id invalid + tyreCode empty)","API_Regression_Suite","2026-03-25","failed","2026-03-25","autochek_api_negative.DetachTyresSpecification.DetachTyresSpecificationNegative","Autochek_API_Automation","autochek_api_negative.DetachTyresSpecification.DetachTyresSpecificationNegative","PostCreateInspection"
"Validates GET /v1/inventory/car with dynamic parameters - Negative Test","485","GetCarListNegative - Pass comma-separated invalid relations","API_Regression_Suite","2026-03-25","passed","2026-03-25","autochek_api_negative.InventoryService.DynamicResponseNegative","Autochek_API_Automation","autochek_api_negative.InventoryService.DynamicResponseNegative","GetCarListNegative"
"Submit Loan Customer Preferences","440","SubmitLoanPreferencesNegative - upfrontVehicleRegistration SQL injection attempt","API_Regression_Suite","2026-03-25","failed","2026-03-25","autochek_api_negative.OfferSimulation.OfferSimulationNegative","Autochek_API_Automation","autochek_api_negative.OfferSimulation.OfferSimulationNegative","SubmitLoanPreferencesNegative"
"Submit Loan Customer Preferences","442","SubmitLoanPreferencesNegative - upfrontMaintenancePlan numeric instead of boolean","API_Regression_Suite","2026-03-25","failed","2026-03-25","autochek_api_negative.OfferSimulation.OfferSimulationNegative","Autochek_API_Automation","autochek_api_negative.OfferSimulation.OfferSimulationNegative","SubmitLoanPreferencesNegative"
"Update System Config dynamically for PASSWORD_POLICY or USER_SESSION","0","PatchSystemConfigV2 - MIN_LENGTH non-numeric","API_Regression_Suite","2026-03-25","skipped","2026-03-25","autochek_api_negative.UserService.UserServiceV2Negative","Autochek_API_Automation","autochek_api_negative.UserService.UserServiceV2Negative","PatchSystemConfigV2"
"Create Inspection for the carID generated in Car Creation","509","PostCreateInspection - Extra long wheel_type string","API_Regression_Suite","2026-03-25","passed","2026-03-25","autochek_api_negative.DetachTyresSpecification.DetachTyresSpecificationNegative","Autochek_API_Automation","autochek_api_negative.DetachTyresSpecification.DetachTyresSpecificationNegative","PostCreateInspection"
"","2031","CreateFranchise - account_name has special characters","API_Regression_Suite","2026-03-25","passed","2026-03-25","autochek_api_negative.UserService.UserServiceNegative","Autochek_API_Automation","autochek_api_negative.UserService.UserServiceNegative","CreateFranchise"
"","0","PostDisableUserV2Negative - Send expired or invalid access token","API_Regression_Suite","2026-03-25","skipped","2026-03-25","autochek_api_negative.UserService.UserServiceV2Negative","Autochek_API_Automation","autochek_api_negative.UserService.UserServiceV2Negative","PostDisableUserV2Negative"
"Negative test for Create System Config V2","0","PostSystemConfigV2 - MIN_LENGTH negative","API_Regression_Suite","2026-03-25","skipped","2026-03-25","autochek_api_negative.UserService.UserServiceV2Negative","Autochek_API_Automation","autochek_api_negative.UserService.UserServiceV2Negative","PostSystemConfigV2"
"Update Car and Validate Response","555","PutUpdateCar - state too long (150 chars)","API_Regression_Suite","2026-03-25","passed","2026-03-25","autochek_api_negative.DetachTyresSpecification.DetachTyresSpecificationNegative","Autochek_API_Automation","autochek_api_negative.DetachTyresSpecification.DetachTyresSpecificationNegative","PutUpdateCar"
"Validates GET /v1/inspection with dynamic parameters - Negative Test","736","GetInspectionNegative - Validate API fails when mixing valid and invalid field names","API_Regression_Suite","2026-03-25","passed","2026-03-25","autochek_api_negative.InventoryService.DynamicResponseNegative","Autochek_API_Automation","autochek_api_negative.InventoryService.DynamicResponseNegative","GetInspectionNegative"
"","734","CreateFranchise - latitude = false","API_Regression_Suite","2026-03-25","passed","2026-03-25","autochek_api_negative.UserService.UserServiceNegative","Autochek_API_Automation","autochek_api_negative.UserService.UserServiceNegative","CreateFranchise"
"Validates GET /v2/origination/loans with dynamic parameters - Negative Test","501","GetLoansListNegative - country is numeric string","API_Regression_Suite","2026-03-25","passed","2026-03-25","autochek_api_negative.OriginationService.ResponsePayloadReductionV2APIsNegative","Autochek_API_Automation","autochek_api_negative.OriginationService.ResponsePayloadReductionV2APIsNegative","GetLoansListNegative"
"","484","UpdateFranchise - map_address is boolean","API_Regression_Suite","2026-03-25","passed","2026-03-25","autochek_api_negative.UserService.UserServiceNegative","Autochek_API_Automation","autochek_api_negative.UserService.UserServiceNegative","UpdateFranchise"
"Validates GET /v1/inventory/body_type with dynamic parameters - Positive Test","453","GetBodyType - Validate only name field is returned","API_Regression_Suite","2026-03-25","passed","2026-03-25","autochek_api_positive.InventoryService.DynamicResponsePositive","Autochek_API_Automation","autochek_api_positive.InventoryService.DynamicResponsePositive","GetBodyType"
"Create Inspection for the carID generated in Car Creation","571","PostCreateInspection - Script injection attempt in completed","API_Regression_Suite","2026-03-25","passed","2026-03-25","autochek_api_negative.DetachTyresSpecification.DetachTyresSpecificationNegative","Autochek_API_Automation","autochek_api_negative.DetachTyresSpecification.DetachTyresSpecificationNegative","PostCreateInspection"
"","482","UpdateFranchise - city ID is null","API_Regression_Suite","2026-03-25","passed","2026-03-25","autochek_api_negative.UserService.UserServiceNegative","Autochek_API_Automation","autochek_api_negative.UserService.UserServiceNegative","UpdateFranchise"
"","0","PostLogoutAllAdminNegative - userId as numeric short value","API_Regression_Suite","2026-03-25","skipped","2026-03-25","autochek_api_negative.UserService.UserServiceV2Negative","Autochek_API_Automation","autochek_api_negative.UserService.UserServiceV2Negative","PostLogoutAllAdminNegative"
"Update Car and Validate Response","692","PutUpdateCar - is_upgraded as long string","API_Regression_Suite","2026-03-25","passed","2026-03-25","autochek_api_negative.DetachTyresSpecification.DetachTyresSpecificationNegative","Autochek_API_Automation","autochek_api_negative.DetachTyresSpecification.DetachTyresSpecificationNegative","PutUpdateCar"
"Validates GET /v2/origination/sources with dynamic parameters - Negative Test","556","GetSourcesListNegative - country is null","API_Regression_Suite","2026-03-25","passed","2026-03-25","autochek_api_negative.OriginationService.ResponsePayloadReductionV2APIsNegative","Autochek_API_Automation","autochek_api_negative.OriginationService.ResponsePayloadReductionV2APIsNegative","GetSourcesListNegative"
"Update System Config dynamically for PASSWORD_POLICY or USER_SESSION","0","PatchSystemConfigV2 - REQUIRE_NUMBER string true instead of boolean","API_Regression_Suite","2026-03-25","skipped","2026-03-25","autochek_api_negative.UserService.UserServiceV2Negative","Autochek_API_Automation","autochek_api_negative.UserService.UserServiceV2Negative","PatchSystemConfigV2"
"","444","submitLoanPreference - Upfront vehicle registration FALSE","API_Regression_Suite","2026-03-25","passed","2026-03-25","autochek_api_positive.OfferSimulation.OfferSimulationPositive","Autochek_API_Automation","autochek_api_positive.OfferSimulation.OfferSimulationPositive","submitLoanPreference"
"","0","PostDisableUserV2Negative - Send no access token in cookie/header","API_Regression_Suite","2026-03-25","skipped","2026-03-25","autochek_api_negative.UserService.UserServiceV2Negative","Autochek_API_Automation","autochek_api_negative.UserService.UserServiceV2Negative","PostDisableUserV2Negative"
"Update System Config dynamically for PASSWORD_POLICY or USER_SESSION","0","PatchSystemConfigV2 - REQUIRE_LOWERCASE numeric instead of boolean","API_Regression_Suite","2026-03-25","skipped","2026-03-25","autochek_api_negative.UserService.UserServiceV2Negative","Autochek_API_Automation","autochek_api_negative.UserService.UserServiceV2Negative","PatchSystemConfigV2"
"Get TyreSpecs Details by Car ID","502","GetTyreSpecs - car_id as null","API_Regression_Suite","2026-03-25","passed","2026-03-25","autochek_api_negative.DetachTyresSpecification.DetachTyresSpecificationNegative","Autochek_API_Automation","autochek_api_negative.DetachTyresSpecification.DetachTyresSpecificationNegative","GetTyreSpecs"
"","749","CreateFranchise - zip_code contains letters","API_Regression_Suite","2026-03-25","passed","2026-03-25","autochek_api_negative.UserService.UserServiceNegative","Autochek_API_Automation","autochek_api_negative.UserService.UserServiceNegative","CreateFranchise"
"","487","GetFranchiseByID - encoded malicious string","API_Regression_Suite","2026-03-25","passed","2026-03-25","autochek_api_negative.UserService.UserServiceNegative","Autochek_API_Automation","autochek_api_negative.UserService.UserServiceNegative","GetFranchiseByID"
"Submit Loan Customer Preferences","447","SubmitLoanPreferencesNegative - dealDiscount >100%","API_Regression_Suite","2026-03-25","failed","2026-03-25","autochek_api_negative.OfferSimulation.OfferSimulationNegative","Autochek_API_Automation","autochek_api_negative.OfferSimulation.OfferSimulationNegative","SubmitLoanPreferencesNegative"
"Validates GET /v1/inventory/obds with dynamic parameters - Negative Test","457","GetObdsNegative - Send invalid fields parameter (non-existent field)","API_Regression_Suite","2026-03-25","passed","2026-03-25","autochek_api_negative.InventoryService.DynamicResponseNegative","Autochek_API_Automation","autochek_api_negative.InventoryService.DynamicResponseNegative","GetObdsNegative"
"Validates GET /v2/origination/loans/{loan_id}/accepted-offer - Negative Test","526","GetAcceptedOfferByLoanIdNegative - Send offer_id as null","API_Regression_Suite","2026-03-25","passed","2026-03-25","autochek_api_negative.OriginationService.ResponsePayloadReductionV2APIsNegative","Autochek_API_Automation","autochek_api_negative.OriginationService.ResponsePayloadReductionV2APIsNegative","GetAcceptedOfferByLoanIdNegative"
"Negative test for Create System Config V2","0","PostSystemConfigV2 - MAX_CONCURRENT_SESSIONS boolean value","API_Regression_Suite","2026-03-25","skipped","2026-03-25","autochek_api_negative.UserService.UserServiceV2Negative","Autochek_API_Automation","autochek_api_negative.UserService.UserServiceV2Negative","PostSystemConfigV2"
"Submit Loan Customer Preferences","437","SubmitLoanPreferencesNegative - residualPercentage negative value","API_Regression_Suite","2026-03-25","failed","2026-03-25","autochek_api_negative.OfferSimulation.OfferSimulationNegative","Autochek_API_Automation","autochek_api_negative.OfferSimulation.OfferSimulationNegative","SubmitLoanPreferencesNegative"
"Creating loan for first fetched Toyota Car","4621","PostCreateLoanNegative","API_Regression_Suite","2026-03-25","passed","2026-03-25","autochek_api_negative.OfferSimulation.OfferSimulationNegative","Autochek_API_Automation","autochek_api_negative.OfferSimulation.OfferSimulationNegative","PostCreateLoanNegative"
"Create Inspection for the carID generated in Car Creation","459","PostCreateInspection - Too long inspection_type string","API_Regression_Suite","2026-03-25","passed","2026-03-25","autochek_api_negative.DetachTyresSpecification.DetachTyresSpecificationNegative","Autochek_API_Automation","autochek_api_negative.DetachTyresSpecification.DetachTyresSpecificationNegative","PostCreateInspection"
"Submit Loan Customer Preferences","3802","SubmitLoanPreferencesNegative - Monthly Payment invalid string","API_Regression_Suite","2026-03-25","passed","2026-03-25","autochek_api_negative.OfferSimulation.OfferSimulationNegative","Autochek_API_Automation","autochek_api_negative.OfferSimulation.OfferSimulationNegative","SubmitLoanPreferencesNegative"
"Create Inspection for the carID generated in Car Creation","445","PostCreateInspection - Lowercase instead of uppercase code","API_Regression_Suite","2026-03-25","failed","2026-03-25","autochek_api_negative.DetachTyresSpecification.DetachTyresSpecificationNegative","Autochek_API_Automation","autochek_api_negative.DetachTyresSpecification.DetachTyresSpecificationNegative","PostCreateInspection"
"Delete USER_SESSION and PASSWORD_POLICY using stored IDs","0","deleteSystemConfigs - Delete with blank space ID","API_Regression_Suite","2026-03-25","skipped","2026-03-25","autochek_api_negative.UserService.UserServiceV2Negative","Autochek_API_Automation","autochek_api_negative.UserService.UserServiceV2Negative","deleteSystemConfigs"
"Fetching loan by ID","573","GetLoanByIdNegative - Send loan_id as numeric only","API_Regression_Suite","2026-03-25","passed","2026-03-25","autochek_api_negative.OriginationService.ResponsePayloadReductionV2APIsNegative","Autochek_API_Automation","autochek_api_negative.OriginationService.ResponsePayloadReductionV2APIsNegative","GetLoanByIdNegative"
"Validates GET /v1/inventory/car with dynamic parameters - Positive Test","1228","GetCarList - Validate exclusion of model.name field","API_Regression_Suite","2026-03-25","passed","2026-03-25","autochek_api_positive.InventoryService.DynamicResponsePositive","Autochek_API_Automation","autochek_api_positive.InventoryService.DynamicResponsePositive","GetCarList"
"Submit Loan Customer Preferences","442","SubmitLoanPreferencesNegative - upfrontVehicleRegistration null","API_Regression_Suite","2026-03-25","failed","2026-03-25","autochek_api_negative.OfferSimulation.OfferSimulationNegative","Autochek_API_Automation","autochek_api_negative.OfferSimulation.OfferSimulationNegative","SubmitLoanPreferencesNegative"
"","481","UpdateFranchise - account_name is null","API_Regression_Suite","2026-03-25","passed","2026-03-25","autochek_api_negative.UserService.UserServiceNegative","Autochek_API_Automation","autochek_api_negative.UserService.UserServiceNegative","UpdateFranchise"
"Negative test for Create System Config V2","0","PostSystemConfigV2 - REQUIRE_SPECIAL_CHAR zero value","API_Regression_Suite","2026-03-25","skipped","2026-03-25","autochek_api_negative.UserService.UserServiceV2Negative","Autochek_API_Automation","autochek_api_negative.UserService.UserServiceV2Negative","PostSystemConfigV2"
"","1470","PostUserSignUpV2 - Verify signup with userType = internal","API_Regression_Suite","2026-03-25","passed","2026-03-25","autochek_api_positive.UserService.UserServiceV2","Autochek_API_Automation","autochek_api_positive.UserService.UserServiceV2","PostUserSignUpV2"
"Submit Loan Customer Preferences","440","SubmitLoanPreferencesNegative - upfrontMaintenancePlan XSS injection","API_Regression_Suite","2026-03-25","failed","2026-03-25","autochek_api_negative.OfferSimulation.OfferSimulationNegative","Autochek_API_Automation","autochek_api_negative.OfferSimulation.OfferSimulationNegative","SubmitLoanPreferencesNegative"
"Negative test for Create System Config V2","0","PostSystemConfigV2 - MAX_LENGTH negative","API_Regression_Suite","2026-03-25","skipped","2026-03-25","autochek_api_negative.UserService.UserServiceV2Negative","Autochek_API_Automation","autochek_api_negative.UserService.UserServiceV2Negative","PostSystemConfigV2"
"","0","PostUserSignUpV2Negative - Email is an empty string","API_Regression_Suite","2026-03-25","skipped","2026-03-25","autochek_api_negative.UserService.UserServiceV2Negative","Autochek_API_Automation","autochek_api_negative.UserService.UserServiceV2Negative","PostUserSignUpV2Negative"
"Negative test for Create System Config V2","0","PostSystemConfigV2 - REQUIRE_LOWERCASE SQL injection attempt","API_Regression_Suite","2026-03-25","skipped","2026-03-25","autochek_api_negative.UserService.UserServiceV2Negative","Autochek_API_Automation","autochek_api_negative.UserService.UserServiceV2Negative","PostSystemConfigV2"
"","0","PostLogoutV2Negative - Send refresh token containing SQL injection string","API_Regression_Suite","2026-03-25","skipped","2026-03-25","autochek_api_negative.UserService.UserServiceV2Negative","Autochek_API_Automation","autochek_api_negative.UserService.UserServiceV2Negative","PostLogoutV2Negative"
"Delete USER_SESSION and PASSWORD_POLICY using stored IDs","1057","DeleteSystemConfigs","API_Regression_Suite","2026-03-25","failed","2026-03-25","autochek_api_positive.UserService.UserServiceV2","Autochek_API_Automation","autochek_api_positive.UserService.UserServiceV2","DeleteSystemConfigs"
"Get the list of Tyre brands","489","GetTyreBrandsNegative - Send an overly long string to test input length limit","API_Regression_Suite","2026-03-25","passed","2026-03-25","autochek_api_negative.OfferSimulation.OfferSimulationNegative","Autochek_API_Automation","autochek_api_negative.OfferSimulation.OfferSimulationNegative","GetTyreBrandsNegative"
"Validates GET /v1/inventory/model with dynamic parameters - Positive Test","509","GetModelList - Validate nested make object is returned with all default fields","API_Regression_Suite","2026-03-25","passed","2026-03-25","autochek_api_positive.InventoryService.DynamicResponsePositive","Autochek_API_Automation","autochek_api_positive.InventoryService.DynamicResponsePositive","GetModelList"
"Create Inspection for the carID generated in Car Creation","800","PostCreateInspection - Boolean instead of number","API_Regression_Suite","2026-03-25","passed","2026-03-25","autochek_api_negative.DetachTyresSpecification.DetachTyresSpecificationNegative","Autochek_API_Automation","autochek_api_negative.DetachTyresSpecification.DetachTyresSpecificationNegative","PostCreateInspection"
"","1","PostEnableUserV2Negative - Send userId that doesn’t exist in system","API_Regression_Suite","2026-03-25","skipped","2026-03-25","autochek_api_negative.UserService.UserServiceV2Negative","Autochek_API_Automation","autochek_api_negative.UserService.UserServiceV2Negative","PostEnableUserV2Negative"
"Create Car and Validate Response","2159","CreateCar - Verify car creation with image_url in .webp format","API_Regression_Suite","2026-03-25","broken","2026-03-25","autochek_api_positive.DetachTyreSpecification.DetachTyreSpecificationPositive","Autochek_API_Automation","autochek_api_positive.DetachTyreSpecification.DetachTyreSpecificationPositive","CreateCar"
"Get Offer Details by OfferID","574","GetOffersByIdNegative - offer_id in base64 encoded format","API_Regression_Suite","2026-03-25","passed","2026-03-25","autochek_api_negative.OriginationService.ResponsePayloadReductionV2APIsNegative","Autochek_API_Automation","autochek_api_negative.OriginationService.ResponsePayloadReductionV2APIsNegative","GetOffersByIdNegative"
"","462","GetFranchiseList - status is not an allowed value","API_Regression_Suite","2026-03-25","passed","2026-03-25","autochek_api_negative.UserService.UserServiceNegative","Autochek_API_Automation","autochek_api_negative.UserService.UserServiceNegative","GetFranchiseList"
"Update System Config dynamically for PASSWORD_POLICY or USER_SESSION","0","PatchSystemConfigV2 - DISALLOW_WHITESPACES array structure passed","API_Regression_Suite","2026-03-25","skipped","2026-03-25","autochek_api_negative.UserService.UserServiceV2Negative","Autochek_API_Automation","autochek_api_negative.UserService.UserServiceV2Negative","PatchSystemConfigV2"
"Submit Loan Customer Preferences","484","SubmitLoanPreferencesNegative - feePaymentMethod blank","API_Regression_Suite","2026-03-25","failed","2026-03-25","autochek_api_negative.OfferSimulation.OfferSimulationNegative","Autochek_API_Automation","autochek_api_negative.OfferSimulation.OfferSimulationNegative","SubmitLoanPreferencesNegative"
"Submit Loan Customer Preferences","3367","SubmitLoanPreferencesNegative - Dealer Discount invalid special chars","API_Regression_Suite","2026-03-25","passed","2026-03-25","autochek_api_negative.OfferSimulation.OfferSimulationNegative","Autochek_API_Automation","autochek_api_negative.OfferSimulation.OfferSimulationNegative","SubmitLoanPreferencesNegative"
"Validates GET /v2/origination/partners with dynamic parameters - Positive Test","560","GetPartnersListNegative - country is array","API_Regression_Suite","2026-03-25","passed","2026-03-25","autochek_api_negative.OriginationService.ResponsePayloadReductionV2APIsNegative","Autochek_API_Automation","autochek_api_negative.OriginationService.ResponsePayloadReductionV2APIsNegative","GetPartnersListNegative"
"Get Offer Details by LoanID","524","GetOffersByLoanIdNegative - Send loan_id as numeric only","API_Regression_Suite","2026-03-25","passed","2026-03-25","autochek_api_negative.OriginationService.ResponsePayloadReductionV2APIsNegative","Autochek_API_Automation","autochek_api_negative.OriginationService.ResponsePayloadReductionV2APIsNegative","GetOffersByLoanIdNegative"
"","756","CreateFranchise - bank_name as array","API_Regression_Suite","2026-03-25","passed","2026-03-25","autochek_api_negative.UserService.UserServiceNegative","Autochek_API_Automation","autochek_api_negative.UserService.UserServiceNegative","CreateFranchise"
"Update System Config dynamically for PASSWORD_POLICY or USER_SESSION","1","PatchSystemConfigV2 - REQUIRE_UPPERCASE array structure passed","API_Regression_Suite","2026-03-25","skipped","2026-03-25","autochek_api_negative.UserService.UserServiceV2Negative","Autochek_API_Automation","autochek_api_negative.UserService.UserServiceV2Negative","PatchSystemConfigV2"
"Create Inspection for the carID generated in Car Creation","577","PostCreateInspection - Null completed field","API_Regression_Suite","2026-03-25","passed","2026-03-25","autochek_api_negative.DetachTyresSpecification.DetachTyresSpecificationNegative","Autochek_API_Automation","autochek_api_negative.DetachTyresSpecification.DetachTyresSpecificationNegative","PostCreateInspection"
"","843","CreateFranchise - latitude = whitespace","API_Regression_Suite","2026-03-25","passed","2026-03-25","autochek_api_negative.UserService.UserServiceNegative","Autochek_API_Automation","autochek_api_negative.UserService.UserServiceNegative","CreateFranchise"
"Create Inspection for the carID generated in Car Creation","521","PostCreateInspection - Decimal number","API_Regression_Suite","2026-03-25","passed","2026-03-25","autochek_api_negative.DetachTyresSpecification.DetachTyresSpecificationNegative","Autochek_API_Automation","autochek_api_negative.DetachTyresSpecification.DetachTyresSpecificationNegative","PostCreateInspection"
"Submit Loan Customer Preferences","2590","SubmitLoanPreferencesNegative - upfrontWarranty boolean instead of string","API_Regression_Suite","2026-03-25","passed","2026-03-25","autochek_api_negative.OfferSimulation.OfferSimulationNegative","Autochek_API_Automation","autochek_api_negative.OfferSimulation.OfferSimulationNegative","SubmitLoanPreferencesNegative"
"Validates GET /v2/origination/loans/{loan_id}/logbook/booking-info - Negative Test","698","GetBookingInfoForLogbookLoanNegative - loan_id with very short string","API_Regression_Suite","2026-03-25","passed","2026-03-25","autochek_api_negative.OriginationService.ResponsePayloadReductionV2APIsNegative","Autochek_API_Automation","autochek_api_negative.OriginationService.ResponsePayloadReductionV2APIsNegative","GetBookingInfoForLogbookLoanNegative"
"","470","UpdateFranchise - name is empty string","API_Regression_Suite","2026-03-25","passed","2026-03-25","autochek_api_negative.UserService.UserServiceNegative","Autochek_API_Automation","autochek_api_negative.UserService.UserServiceNegative","UpdateFranchise"
"","1244","CreateFranchise - zip_code is boolean","API_Regression_Suite","2026-03-25","passed","2026-03-25","autochek_api_negative.UserService.UserServiceNegative","Autochek_API_Automation","autochek_api_negative.UserService.UserServiceNegative","CreateFranchise"
"Validates GET /v1/inventory/trims with dynamic parameters - Negative Test","459","GetTrimsNegative - Validate response when passing SQL injection using tautology condition","API_Regression_Suite","2026-03-25","passed","2026-03-25","autochek_api_negative.InventoryService.DynamicResponseNegative","Autochek_API_Automation","autochek_api_negative.InventoryService.DynamicResponseNegative","GetTrimsNegative"
"","1","PostLoginV2Negative - Password field is omitted","API_Regression_Suite","2026-03-25","skipped","2026-03-25","autochek_api_negative.UserService.UserServiceV2Negative","Autochek_API_Automation","autochek_api_negative.UserService.UserServiceV2Negative","PostLoginV2Negative"
"Validates GET /v1/inventory/body_type with dynamic parameters - Negative Test","464","GetBodyTypeNegative - Pass duplicate field values","API_Regression_Suite","2026-03-25","passed","2026-03-25","autochek_api_negative.InventoryService.DynamicResponseNegative","Autochek_API_Automation","autochek_api_negative.InventoryService.DynamicResponseNegative","GetBodyTypeNegative"
"","1372","PostUserSignUpV2 - Verify signup with country = NG","API_Regression_Suite","2026-03-25","passed","2026-03-25","autochek_api_positive.UserService.UserServiceV2","Autochek_API_Automation","autochek_api_positive.UserService.UserServiceV2","PostUserSignUpV2"
"Submit Loan Customer Preferences","439","SubmitLoanPreferencesNegative - equityContribution alphanumeric","API_Regression_Suite","2026-03-25","failed","2026-03-25","autochek_api_negative.OfferSimulation.OfferSimulationNegative","Autochek_API_Automation","autochek_api_negative.OfferSimulation.OfferSimulationNegative","SubmitLoanPreferencesNegative"
"Get Offer Details by OfferID","703","GetOffersByIdNegative - offer_id with very long string (300 chars)","API_Regression_Suite","2026-03-25","passed","2026-03-25","autochek_api_negative.OriginationService.ResponsePayloadReductionV2APIsNegative","Autochek_API_Automation","autochek_api_negative.OriginationService.ResponsePayloadReductionV2APIsNegative","GetOffersByIdNegative"
"","482","UpdateFranchise - street_name is empty","API_Regression_Suite","2026-03-25","passed","2026-03-25","autochek_api_negative.UserService.UserServiceNegative","Autochek_API_Automation","autochek_api_negative.UserService.UserServiceNegative","UpdateFranchise"
"","470","UpdateFranchise - account_bvn empty string","API_Regression_Suite","2026-03-25","passed","2026-03-25","autochek_api_negative.UserService.UserServiceNegative","Autochek_API_Automation","autochek_api_negative.UserService.UserServiceNegative","UpdateFranchise"
"Validates GET /v2/origination/loans with dynamic parameters - Positive Test","5710","GetLoansList - country is KE","API_Regression_Suite","2026-03-25","passed","2026-03-25","autochek_api_positive.OriginationService.ResponsePayloadReductionV2APIs","Autochek_API_Automation","autochek_api_positive.OriginationService.ResponsePayloadReductionV2APIs","GetLoansList"
"Submit Loan Customer Preferences","490","SubmitLoanPreferencesNegative - Upfront Tyres invalid string","API_Regression_Suite","2026-03-25","passed","2026-03-25","autochek_api_negative.OfferSimulation.OfferSimulationNegative","Autochek_API_Automation","autochek_api_negative.OfferSimulation.OfferSimulationNegative","SubmitLoanPreferencesNegative"
"","473","CreateFranchise - owner with only whitespace","API_Regression_Suite","2026-03-25","passed","2026-03-25","autochek_api_negative.UserService.UserServiceNegative","Autochek_API_Automation","autochek_api_negative.UserService.UserServiceNegative","CreateFranchise"
"Create Inspection for the carID generated in Car Creation","795","PostCreateInspection - Mixed alphanumeric with special chars","API_Regression_Suite","2026-03-25","passed","2026-03-25","autochek_api_negative.DetachTyresSpecification.DetachTyresSpecificationNegative","Autochek_API_Automation","autochek_api_negative.DetachTyresSpecification.DetachTyresSpecificationNegative","PostCreateInspection"
"Validates GET /v2/origination/partners with dynamic parameters - Positive Test","585","GetPartnersListNegative - country is lowercase","API_Regression_Suite","2026-03-25","passed","2026-03-25","autochek_api_negative.OriginationService.ResponsePayloadReductionV2APIsNegative","Autochek_API_Automation","autochek_api_negative.OriginationService.ResponsePayloadReductionV2APIsNegative","GetPartnersListNegative"
"Submit Loan Customer Preferences","489","SubmitLoanPreferencesNegative - term invalid format no unit","API_Regression_Suite","2026-03-25","passed","2026-03-25","autochek_api_negative.OfferSimulation.OfferSimulationNegative","Autochek_API_Automation","autochek_api_negative.OfferSimulation.OfferSimulationNegative","SubmitLoanPreferencesNegative"
"","6639","CreateFranchise - latitude = special char","API_Regression_Suite","2026-03-25","passed","2026-03-25","autochek_api_negative.UserService.UserServiceNegative","Autochek_API_Automation","autochek_api_negative.UserService.UserServiceNegative","CreateFranchise"
"Validates GET /v2/origination/loans/{loan_id}/logbook/booking-info - Negative Test","897","GetBookingInfoForLogbookLoanNegative - HTML tag injection","API_Regression_Suite","2026-03-25","passed","2026-03-25","autochek_api_negative.OriginationService.ResponsePayloadReductionV2APIsNegative","Autochek_API_Automation","autochek_api_negative.OriginationService.ResponsePayloadReductionV2APIsNegative","GetBookingInfoForLogbookLoanNegative"
"","470","UpdateFranchise - onboarding_source is numeric","API_Regression_Suite","2026-03-25","passed","2026-03-25","autochek_api_negative.UserService.UserServiceNegative","Autochek_API_Automation","autochek_api_negative.UserService.UserServiceNegative","UpdateFranchise"
"Negative test for Create System Config V2","0","PostSystemConfigV2 - MAX_LENGTH zero","API_Regression_Suite","2026-03-25","skipped","2026-03-25","autochek_api_negative.UserService.UserServiceV2Negative","Autochek_API_Automation","autochek_api_negative.UserService.UserServiceV2Negative","PostSystemConfigV2"
"","483","UpdateFranchise - owner has script tag (xss)","API_Regression_Suite","2026-03-25","passed","2026-03-25","autochek_api_negative.UserService.UserServiceNegative","Autochek_API_Automation","autochek_api_negative.UserService.UserServiceNegative","UpdateFranchise"
"","735","CreateFranchise - state is numeric","API_Regression_Suite","2026-03-25","passed","2026-03-25","autochek_api_negative.UserService.UserServiceNegative","Autochek_API_Automation","autochek_api_negative.UserService.UserServiceNegative","CreateFranchise"
"Update Car and Validate Response","1798","PutUpdateCar - address as null","API_Regression_Suite","2026-03-25","passed","2026-03-25","autochek_api_negative.DetachTyresSpecification.DetachTyresSpecificationNegative","Autochek_API_Automation","autochek_api_negative.DetachTyresSpecification.DetachTyresSpecificationNegative","PutUpdateCar"
"Get Offer Details by LoanID","568","GetOffersByLoanIdNegative - HTML tag injection","API_Regression_Suite","2026-03-25","passed","2026-03-25","autochek_api_negative.OriginationService.ResponsePayloadReductionV2APIsNegative","Autochek_API_Automation","autochek_api_negative.OriginationService.ResponsePayloadReductionV2APIsNegative","GetOffersByLoanIdNegative"
"Update Car and Validate Response","446","PutUpdateCar - owner_type as empty","API_Regression_Suite","2026-03-25","passed","2026-03-25","autochek_api_negative.DetachTyresSpecification.DetachTyresSpecificationNegative","Autochek_API_Automation","autochek_api_negative.DetachTyresSpecification.DetachTyresSpecificationNegative","PutUpdateCar"
"","761","CreateFranchise - nearest_landmark is empty","API_Regression_Suite","2026-03-25","passed","2026-03-25","autochek_api_negative.UserService.UserServiceNegative","Autochek_API_Automation","autochek_api_negative.UserService.UserServiceNegative","CreateFranchise"
"Validates GET /v2/origination/loans with dynamic parameters - Negative Test","581","GetLoansListNegative - country is boolean","API_Regression_Suite","2026-03-25","passed","2026-03-25","autochek_api_negative.OriginationService.ResponsePayloadReductionV2APIsNegative","Autochek_API_Automation","autochek_api_negative.OriginationService.ResponsePayloadReductionV2APIsNegative","GetLoansListNegative"
"","533","UpdateFranchise - house_no is null","API_Regression_Suite","2026-03-25","passed","2026-03-25","autochek_api_negative.UserService.UserServiceNegative","Autochek_API_Automation","autochek_api_negative.UserService.UserServiceNegative","UpdateFranchise"
"","2617","CreateFranchise - bank_name as number","API_Regression_Suite","2026-03-25","passed","2026-03-25","autochek_api_negative.UserService.UserServiceNegative","Autochek_API_Automation","autochek_api_negative.UserService.UserServiceNegative","CreateFranchise"
"","485","UpdateFranchise - longitude is null","API_Regression_Suite","2026-03-25","passed","2026-03-25","autochek_api_negative.UserService.UserServiceNegative","Autochek_API_Automation","autochek_api_negative.UserService.UserServiceNegative","UpdateFranchise"
"Update System Config dynamically for PASSWORD_POLICY or USER_SESSION","1","PatchSystemConfigV2 - REQUIRE_SPECIAL_CHAR decimal value","API_Regression_Suite","2026-03-25","skipped","2026-03-25","autochek_api_negative.UserService.UserServiceV2Negative","Autochek_API_Automation","autochek_api_negative.UserService.UserServiceV2Negative","PatchSystemConfigV2"
"Validates GET /v1/inventory/inspection_request with dynamic parameters - Negative Test","450","GetInspectionRequestNegative - Try script injection payload","API_Regression_Suite","2026-03-25","passed","2026-03-25","autochek_api_negative.InventoryService.DynamicResponseNegative","Autochek_API_Automation","autochek_api_negative.InventoryService.DynamicResponseNegative","GetInspectionRequestNegative"
"Create Inspection for the carID generated in Car Creation","775","PostCreateInspection - Too long format","API_Regression_Suite","2026-03-25","passed","2026-03-25","autochek_api_negative.DetachTyresSpecification.DetachTyresSpecificationNegative","Autochek_API_Automation","autochek_api_negative.DetachTyresSpecification.DetachTyresSpecificationNegative","PostCreateInspection"
"","484","GetFranchiseByID - newline character in id","API_Regression_Suite","2026-03-25","passed","2026-03-25","autochek_api_negative.UserService.UserServiceNegative","Autochek_API_Automation","autochek_api_negative.UserService.UserServiceNegative","GetFranchiseByID"
"","1","PostDisableUserV2Negative - Send null userId","API_Regression_Suite","2026-03-25","skipped","2026-03-25","autochek_api_negative.UserService.UserServiceV2Negative","Autochek_API_Automation","autochek_api_negative.UserService.UserServiceV2Negative","PostDisableUserV2Negative"
"","796","CreateFranchise - bank_name with newline","API_Regression_Suite","2026-03-25","passed","2026-03-25","autochek_api_negative.UserService.UserServiceNegative","Autochek_API_Automation","autochek_api_negative.UserService.UserServiceNegative","CreateFranchise"
"","480","UpdateFranchise - phone with leading/trailing spaces","API_Regression_Suite","2026-03-25","passed","2026-03-25","autochek_api_negative.UserService.UserServiceNegative","Autochek_API_Automation","autochek_api_negative.UserService.UserServiceNegative","UpdateFranchise"
"Update System Config dynamically for PASSWORD_POLICY or USER_SESSION","0","PatchSystemConfigV2 - REQUIRE_SPECIAL_CHAR string true instead of boolean","API_Regression_Suite","2026-03-25","skipped","2026-03-25","autochek_api_negative.UserService.UserServiceV2Negative","Autochek_API_Automation","autochek_api_negative.UserService.UserServiceV2Negative","PatchSystemConfigV2"
"Submit Loan Customer Preferences","443","SubmitLoanPreferencesNegative - desiredLoanCurrency invalid code","API_Regression_Suite","2026-03-25","failed","2026-03-25","autochek_api_negative.OfferSimulation.OfferSimulationNegative","Autochek_API_Automation","autochek_api_negative.OfferSimulation.OfferSimulationNegative","SubmitLoanPreferencesNegative"
"","479","UpdateFranchise - account_number empty string","API_Regression_Suite","2026-03-25","passed","2026-03-25","autochek_api_negative.UserService.UserServiceNegative","Autochek_API_Automation","autochek_api_negative.UserService.UserServiceNegative","UpdateFranchise"
"Create a new franchise with valid data","1337","CreateFranchise - valid name with two words","API_Regression_Suite","2026-03-25","passed","2026-03-25","autochek_api_positive.UserService.UserService","Autochek_API_Automation","autochek_api_positive.UserService.UserService","CreateFranchise"
"Update Car and Validate Response","571","PutUpdateCar - state as null","API_Regression_Suite","2026-03-25","passed","2026-03-25","autochek_api_negative.DetachTyresSpecification.DetachTyresSpecificationNegative","Autochek_API_Automation","autochek_api_negative.DetachTyresSpecification.DetachTyresSpecificationNegative","PutUpdateCar"
"","868","CreateFranchise - email with invalid domain extension","API_Regression_Suite","2026-03-25","passed","2026-03-25","autochek_api_negative.UserService.UserServiceNegative","Autochek_API_Automation","autochek_api_negative.UserService.UserServiceNegative","CreateFranchise"
"","1","PostLogoutAllAdminNegative - userId as boolean true","API_Regression_Suite","2026-03-25","skipped","2026-03-25","autochek_api_negative.UserService.UserServiceV2Negative","Autochek_API_Automation","autochek_api_negative.UserService.UserServiceV2Negative","PostLogoutAllAdminNegative"
"Delete USER_SESSION and PASSWORD_POLICY using stored IDs","0","deleteSystemConfigs - Delete with decimal ID","API_Regression_Suite","2026-03-25","skipped","2026-03-25","autochek_api_negative.UserService.UserServiceV2Negative","Autochek_API_Automation","autochek_api_negative.UserService.UserServiceV2Negative","deleteSystemConfigs"
"Submit Loan Customer Preferences","433","SubmitLoanPreferencesNegative - desiredLoanCurrency too long","API_Regression_Suite","2026-03-25","failed","2026-03-25","autochek_api_negative.OfferSimulation.OfferSimulationNegative","Autochek_API_Automation","autochek_api_negative.OfferSimulation.OfferSimulationNegative","SubmitLoanPreferencesNegative"
"Validates GET /v2/origination/offers with dynamic parameters - Positive Test","529","GetOffersListNegative - country is number","API_Regression_Suite","2026-03-25","passed","2026-03-25","autochek_api_negative.OriginationService.ResponsePayloadReductionV2APIsNegative","Autochek_API_Automation","autochek_api_negative.OriginationService.ResponsePayloadReductionV2APIsNegative","GetOffersListNegative"
"Create Inspection for the carID generated in Car Creation","915","PostCreateInspection - SQL injection attempt in id","API_Regression_Suite","2026-03-25","passed","2026-03-25","autochek_api_negative.DetachTyresSpecification.DetachTyresSpecificationNegative","Autochek_API_Automation","autochek_api_negative.DetachTyresSpecification.DetachTyresSpecificationNegative","PostCreateInspection"
"Create Inspection for the carID generated in Car Creation","467","PostCreateInspection - Very large number","API_Regression_Suite","2026-03-25","passed","2026-03-25","autochek_api_negative.DetachTyresSpecification.DetachTyresSpecificationNegative","Autochek_API_Automation","autochek_api_negative.DetachTyresSpecification.DetachTyresSpecificationNegative","PostCreateInspection"
"Validates GET /v2/origination/partners with dynamic parameters - Positive Test","533","GetPartnersListNegative - country is boolean","API_Regression_Suite","2026-03-25","passed","2026-03-25","autochek_api_negative.OriginationService.ResponsePayloadReductionV2APIsNegative","Autochek_API_Automation","autochek_api_negative.OriginationService.ResponsePayloadReductionV2APIsNegative","GetPartnersListNegative"
"","481","UpdateFranchise - owner with only whitespace","API_Regression_Suite","2026-03-25","passed","2026-03-25","autochek_api_negative.UserService.UserServiceNegative","Autochek_API_Automation","autochek_api_negative.UserService.UserServiceNegative","UpdateFranchise"
"Validates GET /v2/origination/partners with dynamic parameters - Positive Test","553","GetPartnersListNegative - page_size is zero","API_Regression_Suite","2026-03-25","passed","2026-03-25","autochek_api_negative.OriginationService.ResponsePayloadReductionV2APIsNegative","Autochek_API_Automation","autochek_api_negative.OriginationService.ResponsePayloadReductionV2APIsNegative","GetPartnersListNegative"
"Negative test for Create System Config V2","0","PostSystemConfigV2 - MIN_LENGTH extremely large","API_Regression_Suite","2026-03-25","skipped","2026-03-25","autochek_api_negative.UserService.UserServiceV2Negative","Autochek_API_Automation","autochek_api_negative.UserService.UserServiceV2Negative","PostSystemConfigV2"
"Submit Loan Customer Preferences","6403","SubmitLoanPreferencesNegative - Include Licence Renewal Fees invalid value","API_Regression_Suite","2026-03-25","passed","2026-03-25","autochek_api_negative.OfferSimulation.OfferSimulationNegative","Autochek_API_Automation","autochek_api_negative.OfferSimulation.OfferSimulationNegative","SubmitLoanPreferencesNegative"
"Submit Loan Customer Preferences","627","SubmitLoanPreferencesNegative - upfrontTyres blank","API_Regression_Suite","2026-03-25","passed","2026-03-25","autochek_api_negative.OfferSimulation.OfferSimulationNegative","Autochek_API_Automation","autochek_api_negative.OfferSimulation.OfferSimulationNegative","SubmitLoanPreferencesNegative"
"Accept Simulation Offer","569","AcceptOfferNegative - loan_id with very short string","API_Regression_Suite","2026-03-25","passed","2026-03-25","autochek_api_negative.OfferSimulation.OfferSimulationNegative","Autochek_API_Automation","autochek_api_negative.OfferSimulation.OfferSimulationNegative","AcceptOfferNegative"
"","717","UpdateFranchise - latitude = true","API_Regression_Suite","2026-03-25","passed","2026-03-25","autochek_api_negative.UserService.UserServiceNegative","Autochek_API_Automation","autochek_api_negative.UserService.UserServiceNegative","UpdateFranchise"
"Validates GET /v2/origination/loans/{loan_id}/logbook/car-details - Negative Test","585","GetLogbookCarDetailsByLoanIdNegative - Send loan_id as random alphanumeric invalid format","API_Regression_Suite","2026-03-25","passed","2026-03-25","autochek_api_negative.OriginationService.ResponsePayloadReductionV2APIsNegative","Autochek_API_Automation","autochek_api_negative.OriginationService.ResponsePayloadReductionV2APIsNegative","GetLogbookCarDetailsByLoanIdNegative"
"Create Inspection for the carID generated in Car Creation","695","PostCreateInspection - Negative number for id","API_Regression_Suite","2026-03-25","passed","2026-03-25","autochek_api_negative.DetachTyresSpecification.DetachTyresSpecificationNegative","Autochek_API_Automation","autochek_api_negative.DetachTyresSpecification.DetachTyresSpecificationNegative","PostCreateInspection"
"","1","PostLogoutAllAdminNegative - userId with SQL injection attempt","API_Regression_Suite","2026-03-25","skipped","2026-03-25","autochek_api_negative.UserService.UserServiceV2Negative","Autochek_API_Automation","autochek_api_negative.UserService.UserServiceV2Negative","PostLogoutAllAdminNegative"
"Submit Loan Customer Preferences","438","SubmitLoanPreferencesNegative - upfrontVehicleRegistration random text","API_Regression_Suite","2026-03-25","failed","2026-03-25","autochek_api_negative.OfferSimulation.OfferSimulationNegative","Autochek_API_Automation","autochek_api_negative.OfferSimulation.OfferSimulationNegative","SubmitLoanPreferencesNegative"
"Validates GET /v2/origination/partners with dynamic parameters - Positive Test","558","GetPartnersListNegative - page_size is object","API_Regression_Suite","2026-03-25","passed","2026-03-25","autochek_api_negative.OriginationService.ResponsePayloadReductionV2APIsNegative","Autochek_API_Automation","autochek_api_negative.OriginationService.ResponsePayloadReductionV2APIsNegative","GetPartnersListNegative"
"Validates GET /v1/inventory/model with dynamic parameters - Negative Test","434","GetModelListNegative - Pass special chars in fields","API_Regression_Suite","2026-03-25","passed","2026-03-25","autochek_api_negative.InventoryService.DynamicResponseNegative","Autochek_API_Automation","autochek_api_negative.InventoryService.DynamicResponseNegative","GetModelListNegative"
"Validates GET /v1/inventory/model with dynamic parameters - Positive Test","451","GetModelList - Pass empty fields param","API_Regression_Suite","2026-03-25","passed","2026-03-25","autochek_api_positive.InventoryService.DynamicResponsePositive","Autochek_API_Automation","autochek_api_positive.InventoryService.DynamicResponsePositive","GetModelList"
"","477","UpdateFranchise - street_name is only numbers","API_Regression_Suite","2026-03-25","passed","2026-03-25","autochek_api_negative.UserService.UserServiceNegative","Autochek_API_Automation","autochek_api_negative.UserService.UserServiceNegative","UpdateFranchise"
"","1","PostLogoutV2Negative - Send no value in refreshToken feild","API_Regression_Suite","2026-03-25","skipped","2026-03-25","autochek_api_negative.UserService.UserServiceV2Negative","Autochek_API_Automation","autochek_api_negative.UserService.UserServiceV2Negative","PostLogoutV2Negative"
"","1298","PostUserSignUpV2 - Verify signup with userType = tyre-vendor","API_Regression_Suite","2026-03-25","passed","2026-03-25","autochek_api_positive.UserService.UserServiceV2","Autochek_API_Automation","autochek_api_positive.UserService.UserServiceV2","PostUserSignUpV2"
"","483","UpdateFranchise - email with sql injection attempt","API_Regression_Suite","2026-03-25","passed","2026-03-25","autochek_api_negative.UserService.UserServiceNegative","Autochek_API_Automation","autochek_api_negative.UserService.UserServiceNegative","UpdateFranchise"
"Create Inspection for the carID generated in Car Creation","469","PostCreateInspection - inspection_type invalid + completed as string","API_Regression_Suite","2026-03-25","passed","2026-03-25","autochek_api_negative.DetachTyresSpecification.DetachTyresSpecificationNegative","Autochek_API_Automation","autochek_api_negative.DetachTyresSpecification.DetachTyresSpecificationNegative","PostCreateInspection"
"Validates GET /v1/inventory/model with dynamic parameters - Positive Test","508","GetModelList - Validate exclusion of make.name while including make.id","API_Regression_Suite","2026-03-25","passed","2026-03-25","autochek_api_positive.InventoryService.DynamicResponsePositive","Autochek_API_Automation","autochek_api_positive.InventoryService.DynamicResponsePositive","GetModelList"
"Validates GET /v2/origination/partners with dynamic parameters - Positive Test","10414","GetPartnersList - country is GH","API_Regression_Suite","2026-03-25","passed","2026-03-25","autochek_api_positive.OriginationService.ResponsePayloadReductionV2APIs","Autochek_API_Automation","autochek_api_positive.OriginationService.ResponsePayloadReductionV2APIs","GetPartnersList"
"","472","UpdateFranchise - account_number is null","API_Regression_Suite","2026-03-25","passed","2026-03-25","autochek_api_negative.UserService.UserServiceNegative","Autochek_API_Automation","autochek_api_negative.UserService.UserServiceNegative","UpdateFranchise"
"","1","PostUserSignUpV2Negative - UserType field is omitted from the request body","API_Regression_Suite","2026-03-25","skipped","2026-03-25","autochek_api_negative.UserService.UserServiceV2Negative","Autochek_API_Automation","autochek_api_negative.UserService.UserServiceV2Negative","PostUserSignUpV2Negative"
"","747","CreateFranchise - address too long (256+)","API_Regression_Suite","2026-03-25","passed","2026-03-25","autochek_api_negative.UserService.UserServiceNegative","Autochek_API_Automation","autochek_api_negative.UserService.UserServiceNegative","CreateFranchise"
"Validates GET /v2/origination/offers with dynamic parameters - Positive Test","501","GetOffersListNegative - page_size is object","API_Regression_Suite","2026-03-25","passed","2026-03-25","autochek_api_negative.OriginationService.ResponsePayloadReductionV2APIsNegative","Autochek_API_Automation","autochek_api_negative.OriginationService.ResponsePayloadReductionV2APIsNegative","GetOffersListNegative"
"Validates GET /v1/inventory/make with dynamic fields filtering","432","GetMakeNegative - Pass numeric value as field","API_Regression_Suite","2026-03-25","passed","2026-03-25","autochek_api_negative.InventoryService.DynamicResponseNegative","Autochek_API_Automation","autochek_api_negative.InventoryService.DynamicResponseNegative","GetMakeNegative"
"Validates GET /v1/origination/offers/{offer_Id}/loan-document with dynamic parameters - Negative Test","602","GetLoanDocumentsByOfferIdNegative - offer_id with valid format plus special characters","API_Regression_Suite","2026-03-25","passed","2026-03-25","autochek_api_negative.OriginationService.ResponsePayloadReductionV2APIsNegative","Autochek_API_Automation","autochek_api_negative.OriginationService.ResponsePayloadReductionV2APIsNegative","GetLoanDocumentsByOfferIdNegative"
"","1293","CreateFranchise - bank_name special chars","API_Regression_Suite","2026-03-25","passed","2026-03-25","autochek_api_negative.UserService.UserServiceNegative","Autochek_API_Automation","autochek_api_negative.UserService.UserServiceNegative","CreateFranchise"
"","436","submitLoanPreference - Omit upfrontVehicleTracking","API_Regression_Suite","2026-03-25","passed","2026-03-25","autochek_api_positive.OfferSimulation.OfferSimulationPositive","Autochek_API_Automation","autochek_api_positive.OfferSimulation.OfferSimulationPositive","submitLoanPreference"
"Submit Loan Customer Preferences","5294","SubmitLoanPreferencesNegative - Term invalid text value","API_Regression_Suite","2026-03-25","passed","2026-03-25","autochek_api_negative.OfferSimulation.OfferSimulationNegative","Autochek_API_Automation","autochek_api_negative.OfferSimulation.OfferSimulationNegative","SubmitLoanPreferencesNegative"
"Update System Config dynamically for PASSWORD_POLICY or USER_SESSION","0","PatchSystemConfigV2 - REQUIRE_LOWERCASE SQL injection attempt","API_Regression_Suite","2026-03-25","skipped","2026-03-25","autochek_api_negative.UserService.UserServiceV2Negative","Autochek_API_Automation","autochek_api_negative.UserService.UserServiceV2Negative","PatchSystemConfigV2"
"Negative test for Create System Config V2","0","PostSystemConfigV2 - MAX_CONCURRENT_SESSIONS extremely large number","API_Regression_Suite","2026-03-25","skipped","2026-03-25","autochek_api_negative.UserService.UserServiceV2Negative","Autochek_API_Automation","autochek_api_negative.UserService.UserServiceV2Negative","PostSystemConfigV2"
"","746","CreateFranchise - latitude = array","API_Regression_Suite","2026-03-25","passed","2026-03-25","autochek_api_negative.UserService.UserServiceNegative","Autochek_API_Automation","autochek_api_negative.UserService.UserServiceNegative","CreateFranchise"
"Submit Loan Customer Preferences","4678","SubmitLoanPreferencesNegative - Vehicle Discount invalid string","API_Regression_Suite","2026-03-25","passed","2026-03-25","autochek_api_negative.OfferSimulation.OfferSimulationNegative","Autochek_API_Automation","autochek_api_negative.OfferSimulation.OfferSimulationNegative","SubmitLoanPreferencesNegative"
"Submit Loan Customer Preferences","1171","SubmitLoanPreferencesNegative - Tyre Quantity not in allowed set","API_Regression_Suite","2026-03-25","passed","2026-03-25","autochek_api_negative.OfferSimulation.OfferSimulationNegative","Autochek_API_Automation","autochek_api_negative.OfferSimulation.OfferSimulationNegative","SubmitLoanPreferencesNegative"
"Validates GET /v1/inspection with dynamic parameters - Negative Test","702","GetInspectionNegative - Pass invalid field + relations together","API_Regression_Suite","2026-03-25","passed","2026-03-25","autochek_api_negative.InventoryService.DynamicResponseNegative","Autochek_API_Automation","autochek_api_negative.InventoryService.DynamicResponseNegative","GetInspectionNegative"
"Submit Loan Customer Preferences","427","SubmitLoanPreferencesNegative - upfrontVehicleRegistration numeric 0","API_Regression_Suite","2026-03-25","failed","2026-03-25","autochek_api_negative.OfferSimulation.OfferSimulationNegative","Autochek_API_Automation","autochek_api_negative.OfferSimulation.OfferSimulationNegative","SubmitLoanPreferencesNegative"
"","482","UpdateFranchise - email missing '@' symbol","API_Regression_Suite","2026-03-25","passed","2026-03-25","autochek_api_negative.UserService.UserServiceNegative","Autochek_API_Automation","autochek_api_negative.UserService.UserServiceNegative","UpdateFranchise"
"","487","UpdateFranchise - city ID is a string","API_Regression_Suite","2026-03-25","passed","2026-03-25","autochek_api_negative.UserService.UserServiceNegative","Autochek_API_Automation","autochek_api_negative.UserService.UserServiceNegative","UpdateFranchise"
"Update Car and Validate Response","1287","PutUpdateCar - city as script injection","API_Regression_Suite","2026-03-25","passed","2026-03-25","autochek_api_negative.DetachTyresSpecification.DetachTyresSpecificationNegative","Autochek_API_Automation","autochek_api_negative.DetachTyresSpecification.DetachTyresSpecificationNegative","PutUpdateCar"
"Update System Config dynamically for PASSWORD_POLICY or USER_SESSION","0","PatchSystemConfigV2 - Enforce maximum requirement","API_Regression_Suite","2026-03-25","skipped","2026-03-25","autochek_api_negative.UserService.UserServiceV2Negative","Autochek_API_Automation","autochek_api_negative.UserService.UserServiceV2Negative","PatchSystemConfigV2"
"","523","GetFranchiseByID - id of deleted/non-existing franchise","API_Regression_Suite","2026-03-25","passed","2026-03-25","autochek_api_negative.UserService.UserServiceNegative","Autochek_API_Automation","autochek_api_negative.UserService.UserServiceNegative","GetFranchiseByID"
"","488","UpdateFranchise - bank_name as number","API_Regression_Suite","2026-03-25","passed","2026-03-25","autochek_api_negative.UserService.UserServiceNegative","Autochek_API_Automation","autochek_api_negative.UserService.UserServiceNegative","UpdateFranchise"
"Validates GET /v1/origination/offers/{offer_Id}/loan-document with dynamic parameters - Negative Test","569","GetLoanDocumentsByOfferIdNegative - Send offer_id as whitespace only","API_Regression_Suite","2026-03-25","passed","2026-03-25","autochek_api_negative.OriginationService.ResponsePayloadReductionV2APIsNegative","Autochek_API_Automation","autochek_api_negative.OriginationService.ResponsePayloadReductionV2APIsNegative","GetLoanDocumentsByOfferIdNegative"
"","1249","CreateFranchise - is_anchor = ""false"" (string)","API_Regression_Suite","2026-03-25","passed","2026-03-25","autochek_api_negative.UserService.UserServiceNegative","Autochek_API_Automation","autochek_api_negative.UserService.UserServiceNegative","CreateFranchise"
"","484","UpdateFranchise - account_number float","API_Regression_Suite","2026-03-25","passed","2026-03-25","autochek_api_negative.UserService.UserServiceNegative","Autochek_API_Automation","autochek_api_negative.UserService.UserServiceNegative","UpdateFranchise"
"","1012","CreateFranchise - onboarding_source with whitespace only","API_Regression_Suite","2026-03-25","passed","2026-03-25","autochek_api_negative.UserService.UserServiceNegative","Autochek_API_Automation","autochek_api_negative.UserService.UserServiceNegative","CreateFranchise"
"Get the list of Tyre brands","449","GetTyreBrandsNegative - Send null or missing country_code","API_Regression_Suite","2026-03-25","passed","2026-03-25","autochek_api_negative.OfferSimulation.OfferSimulationNegative","Autochek_API_Automation","autochek_api_negative.OfferSimulation.OfferSimulationNegative","GetTyreBrandsNegative"
"Submit Loan Customer Preferences","437","SubmitLoanPreferencesNegative - upfrontMaintenancePlan null","API_Regression_Suite","2026-03-25","failed","2026-03-25","autochek_api_negative.OfferSimulation.OfferSimulationNegative","Autochek_API_Automation","autochek_api_negative.OfferSimulation.OfferSimulationNegative","SubmitLoanPreferencesNegative"
"Validates GET /v1/inventory/car with dynamic parameters - Negative Test","1151","GetCarListNegative - Pass valid field + excluded valid field together","API_Regression_Suite","2026-03-25","passed","2026-03-25","autochek_api_negative.InventoryService.DynamicResponseNegative","Autochek_API_Automation","autochek_api_negative.InventoryService.DynamicResponseNegative","GetCarListNegative"
"Validates GET /v1/inventory/make with dynamic fields filtering","446","GetMakeNegative - Use extremely long random string as field","API_Regression_Suite","2026-03-25","passed","2026-03-25","autochek_api_negative.InventoryService.DynamicResponseNegative","Autochek_API_Automation","autochek_api_negative.InventoryService.DynamicResponseNegative","GetMakeNegative"
"","530","UpdateFranchise - account_bvn is null","API_Regression_Suite","2026-03-25","passed","2026-03-25","autochek_api_negative.UserService.UserServiceNegative","Autochek_API_Automation","autochek_api_negative.UserService.UserServiceNegative","UpdateFranchise"
"Validates GET /v1/inventory/model with dynamic parameters - Positive Test","506","GetModelList - Validate only imageUrl field is returned","API_Regression_Suite","2026-03-25","passed","2026-03-25","autochek_api_positive.InventoryService.DynamicResponsePositive","Autochek_API_Automation","autochek_api_positive.InventoryService.DynamicResponsePositive","GetModelList"
"Submit Loan Customer Preferences","469","SubmitLoanPreferencesNegative - upfrontInsurance wrong keyword string false","API_Regression_Suite","2026-03-25","failed","2026-03-25","autochek_api_negative.OfferSimulation.OfferSimulationNegative","Autochek_API_Automation","autochek_api_negative.OfferSimulation.OfferSimulationNegative","SubmitLoanPreferencesNegative"
"Submit Loan Customer Preferences","439","SubmitLoanPreferencesNegative - upfrontInsurance blank","API_Regression_Suite","2026-03-25","failed","2026-03-25","autochek_api_negative.OfferSimulation.OfferSimulationNegative","Autochek_API_Automation","autochek_api_negative.OfferSimulation.OfferSimulationNegative","SubmitLoanPreferencesNegative"
"","752","CreateFranchise - address as object","API_Regression_Suite","2026-03-25","passed","2026-03-25","autochek_api_negative.UserService.UserServiceNegative","Autochek_API_Automation","autochek_api_negative.UserService.UserServiceNegative","CreateFranchise"
"Validates GET /v1/inventory/car with dynamic parameters - Negative Test","463","GetCarListNegative - Validate API fails when passing multiple unrelated top-level relations","API_Regression_Suite","2026-03-25","passed","2026-03-25","autochek_api_negative.InventoryService.DynamicResponseNegative","Autochek_API_Automation","autochek_api_negative.InventoryService.DynamicResponseNegative","GetCarListNegative"
"","749","CreateFranchise - is_anchor = []","API_Regression_Suite","2026-03-25","passed","2026-03-25","autochek_api_negative.UserService.UserServiceNegative","Autochek_API_Automation","autochek_api_negative.UserService.UserServiceNegative","CreateFranchise"
"Negative test for Create System Config V2","0","PostSystemConfigV2 - REQUIRE_LOWERCASE zero value","API_Regression_Suite","2026-03-25","skipped","2026-03-25","autochek_api_negative.UserService.UserServiceV2Negative","Autochek_API_Automation","autochek_api_negative.UserService.UserServiceV2Negative","PostSystemConfigV2"
"","481","UpdateFranchise - nearest_landmark too long","API_Regression_Suite","2026-03-25","passed","2026-03-25","autochek_api_negative.UserService.UserServiceNegative","Autochek_API_Automation","autochek_api_negative.UserService.UserServiceNegative","UpdateFranchise"
"Validates GET /v2/origination/sources with dynamic parameters - Positive Test","3028","GetSourcesList - country is UG","API_Regression_Suite","2026-03-25","passed","2026-03-25","autochek_api_positive.OriginationService.ResponsePayloadReductionV2APIs","Autochek_API_Automation","autochek_api_positive.OriginationService.ResponsePayloadReductionV2APIs","GetSourcesList"
"","1665","CreateFranchise - account_name with newline","API_Regression_Suite","2026-03-25","passed","2026-03-25","autochek_api_negative.UserService.UserServiceNegative","Autochek_API_Automation","autochek_api_negative.UserService.UserServiceNegative","CreateFranchise"
"Submit Loan Customer Preferences","429","SubmitLoanPreferencesNegative - includeLicenceRenewalFees numeric value","API_Regression_Suite","2026-03-25","failed","2026-03-25","autochek_api_negative.OfferSimulation.OfferSimulationNegative","Autochek_API_Automation","autochek_api_negative.OfferSimulation.OfferSimulationNegative","SubmitLoanPreferencesNegative"
"Validates GET /v2/origination/sources with dynamic parameters - Negative Test","567","GetBanksListNegative - country is one character","API_Regression_Suite","2026-03-25","passed","2026-03-25","autochek_api_negative.OriginationService.ResponsePayloadReductionV2APIsNegative","Autochek_API_Automation","autochek_api_negative.OriginationService.ResponsePayloadReductionV2APIsNegative","GetBanksListNegative"
"Create Inspection for the carID generated in Car Creation","869","PostCreateInspection - Null country","API_Regression_Suite","2026-03-25","failed","2026-03-25","autochek_api_negative.DetachTyresSpecification.DetachTyresSpecificationNegative","Autochek_API_Automation","autochek_api_negative.DetachTyresSpecification.DetachTyresSpecificationNegative","PostCreateInspection"
"Get Offer Details by LoanID","527","GetOffersByLoanIdNegative - loan_id with very long string","API_Regression_Suite","2026-03-25","passed","2026-03-25","autochek_api_negative.OriginationService.ResponsePayloadReductionV2APIsNegative","Autochek_API_Automation","autochek_api_negative.OriginationService.ResponsePayloadReductionV2APIsNegative","GetOffersByLoanIdNegative"
"Create Inspection for the carID generated in Car Creation","585","PostCreateInspection - Value with leading/trailing spaces","API_Regression_Suite","2026-03-25","passed","2026-03-25","autochek_api_negative.DetachTyresSpecification.DetachTyresSpecificationNegative","Autochek_API_Automation","autochek_api_negative.DetachTyresSpecification.DetachTyresSpecificationNegative","PostCreateInspection"
"Validates GET /v1/inventory/body_type with dynamic parameters - Negative Test","443","GetBodyTypeNegative - Pass special characters in field","API_Regression_Suite","2026-03-25","passed","2026-03-25","autochek_api_negative.InventoryService.DynamicResponseNegative","Autochek_API_Automation","autochek_api_negative.InventoryService.DynamicResponseNegative","GetBodyTypeNegative"
"","1255","CreateFranchise - longitude as object","API_Regression_Suite","2026-03-25","passed","2026-03-25","autochek_api_negative.UserService.UserServiceNegative","Autochek_API_Automation","autochek_api_negative.UserService.UserServiceNegative","CreateFranchise"
"Create Inspection for the carID generated in Car Creation","508","PostCreateInspection - form_id empty + tyreCode invalid","API_Regression_Suite","2026-03-25","failed","2026-03-25","autochek_api_negative.DetachTyresSpecification.DetachTyresSpecificationNegative","Autochek_API_Automation","autochek_api_negative.DetachTyresSpecification.DetachTyresSpecificationNegative","PostCreateInspection"
"Submit Loan Customer Preferences","437","SubmitLoanPreferencesNegative - upfrontVehicleTracking numeric instead of boolean","API_Regression_Suite","2026-03-25","failed","2026-03-25","autochek_api_negative.OfferSimulation.OfferSimulationNegative","Autochek_API_Automation","autochek_api_negative.OfferSimulation.OfferSimulationNegative","SubmitLoanPreferencesNegative"
"Submit Loan Customer Preferences","601","SubmitLoanPreferencesNegative - tyreBrand array instead of string","API_Regression_Suite","2026-03-25","passed","2026-03-25","autochek_api_negative.OfferSimulation.OfferSimulationNegative","Autochek_API_Automation","autochek_api_negative.OfferSimulation.OfferSimulationNegative","SubmitLoanPreferencesNegative"
"","490","UpdateFranchise - display_address is null","API_Regression_Suite","2026-03-25","passed","2026-03-25","autochek_api_negative.UserService.UserServiceNegative","Autochek_API_Automation","autochek_api_negative.UserService.UserServiceNegative","UpdateFranchise"
"Get system configs and store ids + values + value counts","1","GetSystemConfigsV2 - Valid access token","API_Regression_Suite","2026-03-25","skipped","2026-03-25","autochek_api_negative.UserService.UserServiceV2Negative","Autochek_API_Automation","autochek_api_negative.UserService.UserServiceV2Negative","GetSystemConfigsV2"
"","833","CreateFranchise - address is null","API_Regression_Suite","2026-03-25","passed","2026-03-25","autochek_api_negative.UserService.UserServiceNegative","Autochek_API_Automation","autochek_api_negative.UserService.UserServiceNegative","CreateFranchise"
"","0","PostLogoutAllAdminNegative - userId is omitted","API_Regression_Suite","2026-03-25","skipped","2026-03-25","autochek_api_negative.UserService.UserServiceV2Negative","Autochek_API_Automation","autochek_api_negative.UserService.UserServiceV2Negative","PostLogoutAllAdminNegative"
"","449","submitLoanPreference - Valid desiredLoanCurrency USD","API_Regression_Suite","2026-03-25","passed","2026-03-25","autochek_api_positive.OfferSimulation.OfferSimulationPositive","Autochek_API_Automation","autochek_api_positive.OfferSimulation.OfferSimulationPositive","submitLoanPreference"
"Update System Config dynamically for PASSWORD_POLICY or USER_SESSION","0","PatchSystemConfigV2 - DISALLOW_WHITESPACES string true instead of boolean","API_Regression_Suite","2026-03-25","skipped","2026-03-25","autochek_api_negative.UserService.UserServiceV2Negative","Autochek_API_Automation","autochek_api_negative.UserService.UserServiceV2Negative","PatchSystemConfigV2"
"","755","CreateFranchise - longitude out of bounds (>180)","API_Regression_Suite","2026-03-25","passed","2026-03-25","autochek_api_negative.UserService.UserServiceNegative","Autochek_API_Automation","autochek_api_negative.UserService.UserServiceNegative","CreateFranchise"
"","752","CreateFranchise - longitude with alphanumeric","API_Regression_Suite","2026-03-25","passed","2026-03-25","autochek_api_negative.UserService.UserServiceNegative","Autochek_API_Automation","autochek_api_negative.UserService.UserServiceNegative","CreateFranchise"
"","748","CreateFranchise - state with spaces only","API_Regression_Suite","2026-03-25","passed","2026-03-25","autochek_api_negative.UserService.UserServiceNegative","Autochek_API_Automation","autochek_api_negative.UserService.UserServiceNegative","CreateFranchise"
"Negative test for Create System Config V2","0","PostSystemConfigV2 - REQUIRE_UPPERCASE zero value","API_Regression_Suite","2026-03-25","skipped","2026-03-25","autochek_api_negative.UserService.UserServiceV2Negative","Autochek_API_Automation","autochek_api_negative.UserService.UserServiceV2Negative","PostSystemConfigV2"
"Negative test for Create System Config V2","0","PostSystemConfigV2 - REQUIRE_UPPERCASE SQL injection attempt","API_Regression_Suite","2026-03-25","skipped","2026-03-25","autochek_api_negative.UserService.UserServiceV2Negative","Autochek_API_Automation","autochek_api_negative.UserService.UserServiceV2Negative","PostSystemConfigV2"
"Negative test for Create System Config V2","0","PostSystemConfigV2 - REQUIRE_NUMBER decimal value","API_Regression_Suite","2026-03-25","skipped","2026-03-25","autochek_api_negative.UserService.UserServiceV2Negative","Autochek_API_Automation","autochek_api_negative.UserService.UserServiceV2Negative","PostSystemConfigV2"
"Validates GET /v1/inventory/inspection_request with dynamic parameters - Negative Test","442","GetInspectionRequestNegative - Pass comma without field names","API_Regression_Suite","2026-03-25","passed","2026-03-25","autochek_api_negative.InventoryService.DynamicResponseNegative","Autochek_API_Automation","autochek_api_negative.InventoryService.DynamicResponseNegative","GetInspectionRequestNegative"
"Validates GET /v1/inventory/model with dynamic parameters - Positive Test","453","GetModelList - Pass empty relation","API_Regression_Suite","2026-03-25","passed","2026-03-25","autochek_api_positive.InventoryService.DynamicResponsePositive","Autochek_API_Automation","autochek_api_positive.InventoryService.DynamicResponsePositive","GetModelList"
"Submit Loan Customer Preferences","2802","SubmitLoanPreferencesNegative - Interest Rate above allowed range","API_Regression_Suite","2026-03-25","passed","2026-03-25","autochek_api_negative.OfferSimulation.OfferSimulationNegative","Autochek_API_Automation","autochek_api_negative.OfferSimulation.OfferSimulationNegative","SubmitLoanPreferencesNegative"
"Submit Loan Customer Preferences","436","SubmitLoanPreferencesNegative - interestRate non-numeric string","API_Regression_Suite","2026-03-25","failed","2026-03-25","autochek_api_negative.OfferSimulation.OfferSimulationNegative","Autochek_API_Automation","autochek_api_negative.OfferSimulation.OfferSimulationNegative","SubmitLoanPreferencesNegative"
"","482","UpdateFranchise - account_name has numbers","API_Regression_Suite","2026-03-25","passed","2026-03-25","autochek_api_negative.UserService.UserServiceNegative","Autochek_API_Automation","autochek_api_negative.UserService.UserServiceNegative","UpdateFranchise"
"Update System Config dynamically for PASSWORD_POLICY or USER_SESSION","0","PatchSystemConfigV2 - REQUIRE_UPPERCASE special characters","API_Regression_Suite","2026-03-25","skipped","2026-03-25","autochek_api_negative.UserService.UserServiceV2Negative","Autochek_API_Automation","autochek_api_negative.UserService.UserServiceV2Negative","PatchSystemConfigV2"
"Validates GET /v2/origination/offers with dynamic parameters - Positive Test","715","GetOffersListNegative - country is lowercase","API_Regression_Suite","2026-03-25","passed","2026-03-25","autochek_api_negative.OriginationService.ResponsePayloadReductionV2APIsNegative","Autochek_API_Automation","autochek_api_negative.OriginationService.ResponsePayloadReductionV2APIsNegative","GetOffersListNegative"
"Validates GET /v1/inspection with dynamic parameters - Negative Test","445","GetInspectionNegative - Pass comma-separated invalid relations","API_Regression_Suite","2026-03-25","passed","2026-03-25","autochek_api_negative.InventoryService.DynamicResponseNegative","Autochek_API_Automation","autochek_api_negative.InventoryService.DynamicResponseNegative","GetInspectionNegative"
"","463","GetFranchiseList - status is number","API_Regression_Suite","2026-03-25","passed","2026-03-25","autochek_api_negative.UserService.UserServiceNegative","Autochek_API_Automation","autochek_api_negative.UserService.UserServiceNegative","GetFranchiseList"
"Update Car and Validate Response","1086","PutUpdateCar - engine_number too short (1 char)","API_Regression_Suite","2026-03-25","failed","2026-03-25","autochek_api_negative.DetachTyresSpecification.DetachTyresSpecificationNegative","Autochek_API_Automation","autochek_api_negative.DetachTyresSpecification.DetachTyresSpecificationNegative","PutUpdateCar"
"Submit Loan Customer Preferences","434","SubmitLoanPreferencesNegative - equityContribution decimal value","API_Regression_Suite","2026-03-25","failed","2026-03-25","autochek_api_negative.OfferSimulation.OfferSimulationNegative","Autochek_API_Automation","autochek_api_negative.OfferSimulation.OfferSimulationNegative","SubmitLoanPreferencesNegative"
"Submit Loan Customer Preferences","446","SubmitLoanPreferencesNegative - upfrontInsurance numeric instead of boolean","API_Regression_Suite","2026-03-25","failed","2026-03-25","autochek_api_negative.OfferSimulation.OfferSimulationNegative","Autochek_API_Automation","autochek_api_negative.OfferSimulation.OfferSimulationNegative","SubmitLoanPreferencesNegative"
"Delete USER_SESSION and PASSWORD_POLICY using stored IDs","1","deleteSystemConfigs - Delete using URL encoded characters","API_Regression_Suite","2026-03-25","skipped","2026-03-25","autochek_api_negative.UserService.UserServiceV2Negative","Autochek_API_Automation","autochek_api_negative.UserService.UserServiceV2Negative","deleteSystemConfigs"
"","473","GetFranchiseByID - boolean true as string","API_Regression_Suite","2026-03-25","passed","2026-03-25","autochek_api_negative.UserService.UserServiceNegative","Autochek_API_Automation","autochek_api_negative.UserService.UserServiceNegative","GetFranchiseByID"
"Submit Loan Customer Preferences","1300","SubmitLoanPreferencesNegative - tyreBrand special characters","API_Regression_Suite","2026-03-25","passed","2026-03-25","autochek_api_negative.OfferSimulation.OfferSimulationNegative","Autochek_API_Automation","autochek_api_negative.OfferSimulation.OfferSimulationNegative","SubmitLoanPreferencesNegative"
"Update System Config dynamically for PASSWORD_POLICY or USER_SESSION","0","PatchSystemConfigV2 - MAX_CONCURRENT_SESSIONS SQL injection attempt","API_Regression_Suite","2026-03-25","skipped","2026-03-25","autochek_api_negative.UserService.UserServiceV2Negative","Autochek_API_Automation","autochek_api_negative.UserService.UserServiceV2Negative","PatchSystemConfigV2"
"Submit Loan Customer Preferences","439","SubmitLoanPreferencesNegative - equityContribution zero","API_Regression_Suite","2026-03-25","failed","2026-03-25","autochek_api_negative.OfferSimulation.OfferSimulationNegative","Autochek_API_Automation","autochek_api_negative.OfferSimulation.OfferSimulationNegative","SubmitLoanPreferencesNegative"
"Submit Loan Customer Preferences","441","SubmitLoanPreferencesNegative - interestRate zero","API_Regression_Suite","2026-03-25","failed","2026-03-25","autochek_api_negative.OfferSimulation.OfferSimulationNegative","Autochek_API_Automation","autochek_api_negative.OfferSimulation.OfferSimulationNegative","SubmitLoanPreferencesNegative"
"Validates GET /v1/inventory/body_type with dynamic parameters - Negative Test","430","GetBodyTypeNegative - Mix case sensitivity (upper vs lower)","API_Regression_Suite","2026-03-25","passed","2026-03-25","autochek_api_negative.InventoryService.DynamicResponseNegative","Autochek_API_Automation","autochek_api_negative.InventoryService.DynamicResponseNegative","GetBodyTypeNegative"
"","743","CreateFranchise - is_anchor = 1","API_Regression_Suite","2026-03-25","passed","2026-03-25","autochek_api_negative.UserService.UserServiceNegative","Autochek_API_Automation","autochek_api_negative.UserService.UserServiceNegative","CreateFranchise"
"Update System Config dynamically for PASSWORD_POLICY or USER_SESSION","1","PatchSystemConfigV2 - MIN_LENGTH SQL injection","API_Regression_Suite","2026-03-25","skipped","2026-03-25","autochek_api_negative.UserService.UserServiceV2Negative","Autochek_API_Automation","autochek_api_negative.UserService.UserServiceV2Negative","PatchSystemConfigV2"
"","2110","PostUserSignUpV2 - Verify signup with country = EG","API_Regression_Suite","2026-03-25","passed","2026-03-25","autochek_api_positive.UserService.UserServiceV2","Autochek_API_Automation","autochek_api_positive.UserService.UserServiceV2","PostUserSignUpV2"
"Fetching loan by ID","7407","GetLoanById","API_Regression_Suite","2026-03-25","failed","2026-03-25","autochek_api_positive.OriginationService.ResponsePayloadReductionV2APIs","Autochek_API_Automation","autochek_api_positive.OriginationService.ResponsePayloadReductionV2APIs","GetLoanById"
"","753","CreateFranchise - address as html","API_Regression_Suite","2026-03-25","passed","2026-03-25","autochek_api_negative.UserService.UserServiceNegative","Autochek_API_Automation","autochek_api_negative.UserService.UserServiceNegative","CreateFranchise"
"Update Car and Validate Response","1381","PutUpdateCar - engine_number as empty","API_Regression_Suite","2026-03-25","passed","2026-03-25","autochek_api_negative.DetachTyresSpecification.DetachTyresSpecificationNegative","Autochek_API_Automation","autochek_api_negative.DetachTyresSpecification.DetachTyresSpecificationNegative","PutUpdateCar"
"","476","UpdateFranchise - state is numeric","API_Regression_Suite","2026-03-25","passed","2026-03-25","autochek_api_negative.UserService.UserServiceNegative","Autochek_API_Automation","autochek_api_negative.UserService.UserServiceNegative","UpdateFranchise"
"Submit Loan Customer Preferences","437","SubmitLoanPreferencesNegative - feePaymentMethod null","API_Regression_Suite","2026-03-25","failed","2026-03-25","autochek_api_negative.OfferSimulation.OfferSimulationNegative","Autochek_API_Automation","autochek_api_negative.OfferSimulation.OfferSimulationNegative","SubmitLoanPreferencesNegative"
"Create Inspection for the carID generated in Car Creation","772","PostCreateInspection - Too short format","API_Regression_Suite","2026-03-25","passed","2026-03-25","autochek_api_negative.DetachTyresSpecification.DetachTyresSpecificationNegative","Autochek_API_Automation","autochek_api_negative.DetachTyresSpecification.DetachTyresSpecificationNegative","PostCreateInspection"
"Validates GET /v1/inventory/make with dynamic fields filtering","454","GetMakeNegative - Pass object instead of string","API_Regression_Suite","2026-03-25","passed","2026-03-25","autochek_api_negative.InventoryService.DynamicResponseNegative","Autochek_API_Automation","autochek_api_negative.InventoryService.DynamicResponseNegative","GetMakeNegative"
"Create Inspection for the carID generated in Car Creation","623","PostCreateInspection - Too short inspection_request_summary_id","API_Regression_Suite","2026-03-25","passed","2026-03-25","autochek_api_negative.DetachTyresSpecification.DetachTyresSpecificationNegative","Autochek_API_Automation","autochek_api_negative.DetachTyresSpecification.DetachTyresSpecificationNegative","PostCreateInspection"
"","0","PostLogoutV2Negative - Send no value in refreshToken cookie","API_Regression_Suite","2026-03-25","skipped","2026-03-25","autochek_api_negative.UserService.UserServiceV2Negative","Autochek_API_Automation","autochek_api_negative.UserService.UserServiceV2Negative","PostLogoutV2Negative"
"","475","UpdateFranchise - account_name too long","API_Regression_Suite","2026-03-25","passed","2026-03-25","autochek_api_negative.UserService.UserServiceNegative","Autochek_API_Automation","autochek_api_negative.UserService.UserServiceNegative","UpdateFranchise"
"Validates GET /v1/inventory/car with dynamic parameters - Positive Test","1236","GetCarList - Validate only year field is returned","API_Regression_Suite","2026-03-25","passed","2026-03-25","autochek_api_positive.InventoryService.DynamicResponsePositive","Autochek_API_Automation","autochek_api_positive.InventoryService.DynamicResponsePositive","GetCarList"
"Submit Loan Customer Preferences","2492","SubmitLoanPreferencesNegative - tyreBrand blank","API_Regression_Suite","2026-03-25","passed","2026-03-25","autochek_api_negative.OfferSimulation.OfferSimulationNegative","Autochek_API_Automation","autochek_api_negative.OfferSimulation.OfferSimulationNegative","SubmitLoanPreferencesNegative"
"Create Inspection for the carID generated in Car Creation","780","PostCreateInspection - Numeric instead of boolean","API_Regression_Suite","2026-03-25","passed","2026-03-25","autochek_api_negative.DetachTyresSpecification.DetachTyresSpecificationNegative","Autochek_API_Automation","autochek_api_negative.DetachTyresSpecification.DetachTyresSpecificationNegative","PostCreateInspection"
"Negative test for Create System Config V2","1","PostSystemConfigV2 - REQUIRE_NUMBER empty value","API_Regression_Suite","2026-03-25","skipped","2026-03-25","autochek_api_negative.UserService.UserServiceV2Negative","Autochek_API_Automation","autochek_api_negative.UserService.UserServiceV2Negative","PostSystemConfigV2"
"Validates GET /v2/origination/loans/{loan_id}/accepted-offer - Negative Test","565","GetAcceptedOfferByLoanIdNegative - Send offer_id as random alphanumeric invalid format","API_Regression_Suite","2026-03-25","passed","2026-03-25","autochek_api_negative.OriginationService.ResponsePayloadReductionV2APIsNegative","Autochek_API_Automation","autochek_api_negative.OriginationService.ResponsePayloadReductionV2APIsNegative","GetAcceptedOfferByLoanIdNegative"
"","480","UpdateFranchise - email is empty string","API_Regression_Suite","2026-03-25","passed","2026-03-25","autochek_api_negative.UserService.UserServiceNegative","Autochek_API_Automation","autochek_api_negative.UserService.UserServiceNegative","UpdateFranchise"
"Validates GET /v1/inventory/model with dynamic parameters - Negative Test","484","GetModelListNegative - Pass array instead of CSV","API_Regression_Suite","2026-03-25","passed","2026-03-25","autochek_api_negative.InventoryService.DynamicResponseNegative","Autochek_API_Automation","autochek_api_negative.InventoryService.DynamicResponseNegative","GetModelListNegative"
"","0","PostLogoutV2Negative - Missing refresh token incookie","API_Regression_Suite","2026-03-25","skipped","2026-03-25","autochek_api_negative.UserService.UserServiceV2Negative","Autochek_API_Automation","autochek_api_negative.UserService.UserServiceV2Negative","PostLogoutV2Negative"
"","480","UpdateFranchise - onboarding_source is boolean true","API_Regression_Suite","2026-03-25","passed","2026-03-25","autochek_api_negative.UserService.UserServiceNegative","Autochek_API_Automation","autochek_api_negative.UserService.UserServiceNegative","UpdateFranchise"
"Validates GET /v2/origination/offers with dynamic parameters - Positive Test","6909","GetOffersList - country is UG","API_Regression_Suite","2026-03-25","passed","2026-03-25","autochek_api_positive.OriginationService.ResponsePayloadReductionV2APIs","Autochek_API_Automation","autochek_api_positive.OriginationService.ResponsePayloadReductionV2APIs","GetOffersList"
"Get TyreSpecs Details by Car ID","467","GetTyreSpecs - car_id invalid mix of symbols and letters","API_Regression_Suite","2026-03-25","passed","2026-03-25","autochek_api_negative.DetachTyresSpecification.DetachTyresSpecificationNegative","Autochek_API_Automation","autochek_api_negative.DetachTyresSpecification.DetachTyresSpecificationNegative","GetTyreSpecs"
"","490","UpdateFranchise - bank_name as boolean","API_Regression_Suite","2026-03-25","passed","2026-03-25","autochek_api_negative.UserService.UserServiceNegative","Autochek_API_Automation","autochek_api_negative.UserService.UserServiceNegative","UpdateFranchise"
"Validates GET /v1/origination/offers/{offer_Id}/loan-document with dynamic parameters - Negative Test","555","GetLoanDocumentsByOfferIdNegative - offer_id with very short string","API_Regression_Suite","2026-03-25","passed","2026-03-25","autochek_api_negative.OriginationService.ResponsePayloadReductionV2APIsNegative","Autochek_API_Automation","autochek_api_negative.OriginationService.ResponsePayloadReductionV2APIsNegative","GetLoanDocumentsByOfferIdNegative"
"Update System Config dynamically for PASSWORD_POLICY or USER_SESSION","0","PatchSystemConfigV2 - MIN_LENGTH greater than MAX_LENGTH","API_Regression_Suite","2026-03-25","skipped","2026-03-25","autochek_api_negative.UserService.UserServiceV2Negative","Autochek_API_Automation","autochek_api_negative.UserService.UserServiceV2Negative","PatchSystemConfigV2"
"Validates GET /v1/inspection with dynamic parameters - Negative Test","493","GetInspectionNegative - Pass numeric in relations","API_Regression_Suite","2026-03-25","passed","2026-03-25","autochek_api_negative.InventoryService.DynamicResponseNegative","Autochek_API_Automation","autochek_api_negative.InventoryService.DynamicResponseNegative","GetInspectionNegative"
"Validates GET /v1/inventory/trims with dynamic parameters - Negative Test","460","GetTrimsNegative - Validate response when passing mix of valid and invalid fields","API_Regression_Suite","2026-03-25","passed","2026-03-25","autochek_api_negative.InventoryService.DynamicResponseNegative","Autochek_API_Automation","autochek_api_negative.InventoryService.DynamicResponseNegative","GetTrimsNegative"
"Submit Loan Customer Preferences","453","SubmitLoanPreferencesNegative - interestRate spaces only","API_Regression_Suite","2026-03-25","failed","2026-03-25","autochek_api_negative.OfferSimulation.OfferSimulationNegative","Autochek_API_Automation","autochek_api_negative.OfferSimulation.OfferSimulationNegative","SubmitLoanPreferencesNegative"
"","783","CreateFranchise - account_number too short","API_Regression_Suite","2026-03-25","passed","2026-03-25","autochek_api_negative.UserService.UserServiceNegative","Autochek_API_Automation","autochek_api_negative.UserService.UserServiceNegative","CreateFranchise"
"Submit Loan Customer Preferences","470","SubmitLoanPreferencesNegative - upfrontMaintenancePlan wrong string true","API_Regression_Suite","2026-03-25","failed","2026-03-25","autochek_api_negative.OfferSimulation.OfferSimulationNegative","Autochek_API_Automation","autochek_api_negative.OfferSimulation.OfferSimulationNegative","SubmitLoanPreferencesNegative"
"Update System Config dynamically for PASSWORD_POLICY or USER_SESSION","0","PatchSystemConfigV2 - MIN_LENGTH special chars","API_Regression_Suite","2026-03-25","skipped","2026-03-25","autochek_api_negative.UserService.UserServiceV2Negative","Autochek_API_Automation","autochek_api_negative.UserService.UserServiceV2Negative","PatchSystemConfigV2"
"Update System Config dynamically for PASSWORD_POLICY or USER_SESSION","0","PatchSystemConfigV2 - REQUIRE_LOWERCASE array structure passed","API_Regression_Suite","2026-03-25","skipped","2026-03-25","autochek_api_negative.UserService.UserServiceV2Negative","Autochek_API_Automation","autochek_api_negative.UserService.UserServiceV2Negative","PatchSystemConfigV2"
"","486","UpdateFranchise - bank_name too long","API_Regression_Suite","2026-03-25","passed","2026-03-25","autochek_api_negative.UserService.UserServiceNegative","Autochek_API_Automation","autochek_api_negative.UserService.UserServiceNegative","UpdateFranchise"
"Validates GET /v2/origination/offers with dynamic parameters - Positive Test","508","GetOffersListNegative - country is null","API_Regression_Suite","2026-03-25","passed","2026-03-25","autochek_api_negative.OriginationService.ResponsePayloadReductionV2APIsNegative","Autochek_API_Automation","autochek_api_negative.OriginationService.ResponsePayloadReductionV2APIsNegative","GetOffersListNegative"
"Update Car and Validate Response","2500","PutUpdateCar - engine_number as null","API_Regression_Suite","2026-03-25","passed","2026-03-25","autochek_api_negative.DetachTyresSpecification.DetachTyresSpecificationNegative","Autochek_API_Automation","autochek_api_negative.DetachTyresSpecification.DetachTyresSpecificationNegative","PutUpdateCar"
"","1","PostUserSignUpV2Negative - Password is an empty string","API_Regression_Suite","2026-03-25","skipped","2026-03-25","autochek_api_negative.UserService.UserServiceV2Negative","Autochek_API_Automation","autochek_api_negative.UserService.UserServiceV2Negative","PostUserSignUpV2Negative"
"Create Inspection for the carID generated in Car Creation","489","PostCreateInspection - id special characters + country lowercase","API_Regression_Suite","2026-03-25","failed","2026-03-25","autochek_api_negative.DetachTyresSpecification.DetachTyresSpecificationNegative","Autochek_API_Automation","autochek_api_negative.DetachTyresSpecification.DetachTyresSpecificationNegative","PostCreateInspection"
"","1031","CreateFranchise - city is empty","API_Regression_Suite","2026-03-25","passed","2026-03-25","autochek_api_negative.UserService.UserServiceNegative","Autochek_API_Automation","autochek_api_negative.UserService.UserServiceNegative","CreateFranchise"
"","1","GetTyreSpecsAfterInspection","API_Regression_Suite","2026-03-25","broken","2026-03-25","autochek_api_positive.DetachTyreSpecification.DetachTyreSpecificationPositive","Autochek_API_Automation","autochek_api_positive.DetachTyreSpecification.DetachTyreSpecificationPositive","GetTyreSpecsAfterInspection"
"","976","UpdateFranchise - street_name is special characters","API_Regression_Suite","2026-03-25","passed","2026-03-25","autochek_api_negative.UserService.UserServiceNegative","Autochek_API_Automation","autochek_api_negative.UserService.UserServiceNegative","UpdateFranchise"
"Negative test for Create System Config V2","0","PostSystemConfigV2 - MIN_LENGTH non-numeric","API_Regression_Suite","2026-03-25","skipped","2026-03-25","autochek_api_negative.UserService.UserServiceV2Negative","Autochek_API_Automation","autochek_api_negative.UserService.UserServiceV2Negative","PostSystemConfigV2"
"","515","UpdateFranchise - address is empty","API_Regression_Suite","2026-03-25","passed","2026-03-25","autochek_api_negative.UserService.UserServiceNegative","Autochek_API_Automation","autochek_api_negative.UserService.UserServiceNegative","UpdateFranchise"
"Delete USER_SESSION and PASSWORD_POLICY using stored IDs","0","deleteSystemConfigs - Delete with alphabets instead of numeric ID","API_Regression_Suite","2026-03-25","skipped","2026-03-25","autochek_api_negative.UserService.UserServiceV2Negative","Autochek_API_Automation","autochek_api_negative.UserService.UserServiceV2Negative","deleteSystemConfigs"
"Create Car and Validate Response","5801","CreateCar - Verify car creation with valid VIN of 17 characters","API_Regression_Suite","2026-03-25","passed","2026-03-25","autochek_api_negative.DetachTyresSpecification.DetachTyresSpecificationNegative","Autochek_API_Automation","autochek_api_negative.DetachTyresSpecification.DetachTyresSpecificationNegative","CreateCar"
"Validates GET /v1/franchise with dynamic parameters - Positive Test","1640","GetFranchiseList - valid request with minimum page size","API_Regression_Suite","2026-03-25","passed","2026-03-25","autochek_api_positive.UserService.UserService","Autochek_API_Automation","autochek_api_positive.UserService.UserService","GetFranchiseList"
"Get Offer Details by OfferID","524","GetOffersByIdNegative - Send offer_id as empty string","API_Regression_Suite","2026-03-25","passed","2026-03-25","autochek_api_negative.OriginationService.ResponsePayloadReductionV2APIsNegative","Autochek_API_Automation","autochek_api_negative.OriginationService.ResponsePayloadReductionV2APIsNegative","GetOffersByIdNegative"
"Get Offer Details by OfferID","498","GetOffersByIdNegative - Send offer_id as whitespace only","API_Regression_Suite","2026-03-25","passed","2026-03-25","autochek_api_negative.OriginationService.ResponsePayloadReductionV2APIsNegative","Autochek_API_Automation","autochek_api_negative.OriginationService.ResponsePayloadReductionV2APIsNegative","GetOffersByIdNegative"
"Negative test for Create System Config V2","0","PostSystemConfigV2 - REQUIRE_NUMBER special characters","API_Regression_Suite","2026-03-25","skipped","2026-03-25","autochek_api_negative.UserService.UserServiceV2Negative","Autochek_API_Automation","autochek_api_negative.UserService.UserServiceV2Negative","PostSystemConfigV2"
"","0","PostLogoutV2Negative - Send special characters as refreshToken","API_Regression_Suite","2026-03-25","skipped","2026-03-25","autochek_api_negative.UserService.UserServiceV2Negative","Autochek_API_Automation","autochek_api_negative.UserService.UserServiceV2Negative","PostLogoutV2Negative"
"Create System Config dynamically for PASSWORD_POLICY or USER_SESSION","583","PostSystemConfigV2 - Allow maximum 3 concurrent sessions","API_Regression_Suite","2026-03-25","passed","2026-03-25","autochek_api_positive.UserService.UserServiceV2","Autochek_API_Automation","autochek_api_positive.UserService.UserServiceV2","PostSystemConfigV2"
"Validates GET /v2/origination/loans/{loan_id}/logbook/car-details - Negative Test","599","GetLogbookCarDetailsByLoanIdNegative - loan_id with very short string","API_Regression_Suite","2026-03-25","passed","2026-03-25","autochek_api_negative.OriginationService.ResponsePayloadReductionV2APIsNegative","Autochek_API_Automation","autochek_api_negative.OriginationService.ResponsePayloadReductionV2APIsNegative","GetLogbookCarDetailsByLoanIdNegative"
"Submit Loan Customer Preferences","437","SubmitLoanPreferencesNegative - upfrontInsurance wrong keyword string yes","API_Regression_Suite","2026-03-25","failed","2026-03-25","autochek_api_negative.OfferSimulation.OfferSimulationNegative","Autochek_API_Automation","autochek_api_negative.OfferSimulation.OfferSimulationNegative","SubmitLoanPreferencesNegative"
"","0","PatchUpdatePasswordV2Negative - Send no access token in cookie/header","API_Regression_Suite","2026-03-25","skipped","2026-03-25","autochek_api_negative.UserService.UserServiceV2Negative","Autochek_API_Automation","autochek_api_negative.UserService.UserServiceV2Negative","PatchUpdatePasswordV2Negative"
"Submit Loan Customer Preferences","438","SubmitLoanPreferencesNegative - monthlyPayment null","API_Regression_Suite","2026-03-25","failed","2026-03-25","autochek_api_negative.OfferSimulation.OfferSimulationNegative","Autochek_API_Automation","autochek_api_negative.OfferSimulation.OfferSimulationNegative","SubmitLoanPreferencesNegative"
"Negative test for Create System Config V2","1","PostSystemConfigV2 - REQUIRE_UPPERCASE special characters","API_Regression_Suite","2026-03-25","skipped","2026-03-25","autochek_api_negative.UserService.UserServiceV2Negative","Autochek_API_Automation","autochek_api_negative.UserService.UserServiceV2Negative","PostSystemConfigV2"
"Update System Config dynamically for PASSWORD_POLICY or USER_SESSION","0","PatchSystemConfigV2 - DISALLOW_WHITESPACES zero value","API_Regression_Suite","2026-03-25","skipped","2026-03-25","autochek_api_negative.UserService.UserServiceV2Negative","Autochek_API_Automation","autochek_api_negative.UserService.UserServiceV2Negative","PatchSystemConfigV2"
"Submit Loan Customer Preferences","440","SubmitLoanPreferencesNegative - equityContribution blank","API_Regression_Suite","2026-03-25","failed","2026-03-25","autochek_api_negative.OfferSimulation.OfferSimulationNegative","Autochek_API_Automation","autochek_api_negative.OfferSimulation.OfferSimulationNegative","SubmitLoanPreferencesNegative"
"Validates GET /v1/inventory/inspection_request with dynamic parameters - Negative Test","466","GetInspectionRequestNegative - Pass duplicate field names","API_Regression_Suite","2026-03-25","passed","2026-03-25","autochek_api_negative.InventoryService.DynamicResponseNegative","Autochek_API_Automation","autochek_api_negative.InventoryService.DynamicResponseNegative","GetInspectionRequestNegative"
"","479","UpdateFranchise - account_bvn too long","API_Regression_Suite","2026-03-25","passed","2026-03-25","autochek_api_negative.UserService.UserServiceNegative","Autochek_API_Automation","autochek_api_negative.UserService.UserServiceNegative","UpdateFranchise"
"","0","PostUserSignUpV2Negative - Country has an invalid code","API_Regression_Suite","2026-03-25","skipped","2026-03-25","autochek_api_negative.UserService.UserServiceV2Negative","Autochek_API_Automation","autochek_api_negative.UserService.UserServiceV2Negative","PostUserSignUpV2Negative"
"","750","CreateFranchise - longitude is boolean false","API_Regression_Suite","2026-03-25","passed","2026-03-25","autochek_api_negative.UserService.UserServiceNegative","Autochek_API_Automation","autochek_api_negative.UserService.UserServiceNegative","CreateFranchise"
"","1456","CreateFranchise - account_name has numbers","API_Regression_Suite","2026-03-25","passed","2026-03-25","autochek_api_negative.UserService.UserServiceNegative","Autochek_API_Automation","autochek_api_negative.UserService.UserServiceNegative","CreateFranchise"
"Validates GET /v1/inventory/car with dynamic parameters - Negative Test","1203","GetCarListNegative - Pass excluded field that doesn't exist","API_Regression_Suite","2026-03-25","passed","2026-03-25","autochek_api_negative.InventoryService.DynamicResponseNegative","Autochek_API_Automation","autochek_api_negative.InventoryService.DynamicResponseNegative","GetCarListNegative"
"","978","UpdateFranchise - is_anchor = []","API_Regression_Suite","2026-03-25","passed","2026-03-25","autochek_api_negative.UserService.UserServiceNegative","Autochek_API_Automation","autochek_api_negative.UserService.UserServiceNegative","UpdateFranchise"
"Update System Config dynamically for PASSWORD_POLICY or USER_SESSION","0","PatchSystemConfigV2 - MAX_LENGTH null","API_Regression_Suite","2026-03-25","skipped","2026-03-25","autochek_api_negative.UserService.UserServiceV2Negative","Autochek_API_Automation","autochek_api_negative.UserService.UserServiceV2Negative","PatchSystemConfigV2"
"","0","PostLogoutV2Negative - Send truncated (incomplete JWT) refreshToken","API_Regression_Suite","2026-03-25","skipped","2026-03-25","autochek_api_negative.UserService.UserServiceV2Negative","Autochek_API_Automation","autochek_api_negative.UserService.UserServiceV2Negative","PostLogoutV2Negative"
"Submit Loan Customer Preferences","472","SubmitLoanPreferencesNegative - upfrontCreditLifeInsurance blank","API_Regression_Suite","2026-03-25","failed","2026-03-25","autochek_api_negative.OfferSimulation.OfferSimulationNegative","Autochek_API_Automation","autochek_api_negative.OfferSimulation.OfferSimulationNegative","SubmitLoanPreferencesNegative"
"","569","UpdateFranchise - longitude out of bounds (>180)","API_Regression_Suite","2026-03-25","passed","2026-03-25","autochek_api_negative.UserService.UserServiceNegative","Autochek_API_Automation","autochek_api_negative.UserService.UserServiceNegative","UpdateFranchise"
"","1715","PostLogoutV2 - Valid refresh token with ""all"": true — logout all sessions for user","API_Regression_Suite","2026-03-25","passed","2026-03-25","autochek_api_positive.UserService.UserServiceV2","Autochek_API_Automation","autochek_api_positive.UserService.UserServiceV2","PostLogoutV2"
"Negative test for Create System Config V2","1","PostSystemConfigV2 - REQUIRE_NUMBER zero value","API_Regression_Suite","2026-03-25","skipped","2026-03-25","autochek_api_negative.UserService.UserServiceV2Negative","Autochek_API_Automation","autochek_api_negative.UserService.UserServiceV2Negative","PostSystemConfigV2"
"","469","UpdateFranchise - owner with new line characters","API_Regression_Suite","2026-03-25","passed","2026-03-25","autochek_api_negative.UserService.UserServiceNegative","Autochek_API_Automation","autochek_api_negative.UserService.UserServiceNegative","UpdateFranchise"
"Validates GET /v2/origination/sources with dynamic parameters - Negative Test","568","GetSourcesListNegative - page_size is array","API_Regression_Suite","2026-03-25","passed","2026-03-25","autochek_api_negative.OriginationService.ResponsePayloadReductionV2APIsNegative","Autochek_API_Automation","autochek_api_negative.OriginationService.ResponsePayloadReductionV2APIsNegative","GetSourcesListNegative"
"Validates GET /v1/inspection with dynamic parameters - Negative Test","730","GetInspectionNegative - Validate API fails when requesting multiple invalid fields","API_Regression_Suite","2026-03-25","passed","2026-03-25","autochek_api_negative.InventoryService.DynamicResponseNegative","Autochek_API_Automation","autochek_api_negative.InventoryService.DynamicResponseNegative","GetInspectionNegative"
"Create Inspection for the carID generated in Car Creation","461","PostCreateInspection - Boolean instead of string","API_Regression_Suite","2026-03-25","passed","2026-03-25","autochek_api_negative.DetachTyresSpecification.DetachTyresSpecificationNegative","Autochek_API_Automation","autochek_api_negative.DetachTyresSpecification.DetachTyresSpecificationNegative","PostCreateInspection"
"Validates GET /v1/inventory/model with dynamic parameters - Negative Test","445","GetModelListNegative - Pass valid + invalid relation","API_Regression_Suite","2026-03-25","passed","2026-03-25","autochek_api_negative.InventoryService.DynamicResponseNegative","Autochek_API_Automation","autochek_api_negative.InventoryService.DynamicResponseNegative","GetModelListNegative"
"Submit Loan Customer Preferences","3306","SubmitLoanPreferencesNegative - upfrontWarranty JSON object instead of string","API_Regression_Suite","2026-03-25","passed","2026-03-25","autochek_api_negative.OfferSimulation.OfferSimulationNegative","Autochek_API_Automation","autochek_api_negative.OfferSimulation.OfferSimulationNegative","SubmitLoanPreferencesNegative"
"Submit Loan Customer Preferences","1988","SubmitLoanPreferencesNegative - tyreQuantity negative","API_Regression_Suite","2026-03-25","passed","2026-03-25","autochek_api_negative.OfferSimulation.OfferSimulationNegative","Autochek_API_Automation","autochek_api_negative.OfferSimulation.OfferSimulationNegative","SubmitLoanPreferencesNegative"
"","462","GetFranchiseList - all params missing","API_Regression_Suite","2026-03-25","passed","2026-03-25","autochek_api_negative.UserService.UserServiceNegative","Autochek_API_Automation","autochek_api_negative.UserService.UserServiceNegative","GetFranchiseList"
"","749","CreateFranchise - latitude = object","API_Regression_Suite","2026-03-25","passed","2026-03-25","autochek_api_negative.UserService.UserServiceNegative","Autochek_API_Automation","autochek_api_negative.UserService.UserServiceNegative","CreateFranchise"
"Submit Loan Customer Preferences","447","SubmitLoanPreferencesNegative - monthlyPayment decimal value","API_Regression_Suite","2026-03-25","failed","2026-03-25","autochek_api_negative.OfferSimulation.OfferSimulationNegative","Autochek_API_Automation","autochek_api_negative.OfferSimulation.OfferSimulationNegative","SubmitLoanPreferencesNegative"
"","692","CreateFranchise - onboarding_source is array","API_Regression_Suite","2026-03-25","passed","2026-03-25","autochek_api_negative.UserService.UserServiceNegative","Autochek_API_Automation","autochek_api_negative.UserService.UserServiceNegative","CreateFranchise"
"Get the list of Tyre brands","484","GetTyreBrandsNegative - Use only SQL keywords to bypass validation","API_Regression_Suite","2026-03-25","passed","2026-03-25","autochek_api_negative.OfferSimulation.OfferSimulationNegative","Autochek_API_Automation","autochek_api_negative.OfferSimulation.OfferSimulationNegative","GetTyreBrandsNegative"
"Create Inspection for the carID generated in Car Creation","1208","PostCreateInspection - SQL injection attempt in location","API_Regression_Suite","2026-03-25","passed","2026-03-25","autochek_api_negative.DetachTyresSpecification.DetachTyresSpecificationNegative","Autochek_API_Automation","autochek_api_negative.DetachTyresSpecification.DetachTyresSpecificationNegative","PostCreateInspection"
"","1","PostUserSignUpV2Negative - Email is null","API_Regression_Suite","2026-03-25","skipped","2026-03-25","autochek_api_negative.UserService.UserServiceV2Negative","Autochek_API_Automation","autochek_api_negative.UserService.UserServiceV2Negative","PostUserSignUpV2Negative"
"","774","CreateFranchise - display_address whitespace only","API_Regression_Suite","2026-03-25","passed","2026-03-25","autochek_api_negative.UserService.UserServiceNegative","Autochek_API_Automation","autochek_api_negative.UserService.UserServiceNegative","CreateFranchise"
"Update Car and Validate Response","581","PutUpdateCar - city too long (200 chars)","API_Regression_Suite","2026-03-25","passed","2026-03-25","autochek_api_negative.DetachTyresSpecification.DetachTyresSpecificationNegative","Autochek_API_Automation","autochek_api_negative.DetachTyresSpecification.DetachTyresSpecificationNegative","PutUpdateCar"
"Submit Loan Customer Preferences","444","SubmitLoanPreferencesNegative - dealDiscount symbol","API_Regression_Suite","2026-03-25","failed","2026-03-25","autochek_api_negative.OfferSimulation.OfferSimulationNegative","Autochek_API_Automation","autochek_api_negative.OfferSimulation.OfferSimulationNegative","SubmitLoanPreferencesNegative"
"Validates GET /v1/inventory/inspection_request with dynamic parameters - Positive Test","471","GetInspectionRequest - Validate only id and carTitle fields are returned","API_Regression_Suite","2026-03-25","passed","2026-03-25","autochek_api_positive.InventoryService.DynamicResponsePositive","Autochek_API_Automation","autochek_api_positive.InventoryService.DynamicResponsePositive","GetInspectionRequest"
"","473","UpdateFranchise - city ID with new line","API_Regression_Suite","2026-03-25","passed","2026-03-25","autochek_api_negative.UserService.UserServiceNegative","Autochek_API_Automation","autochek_api_negative.UserService.UserServiceNegative","UpdateFranchise"
"","0","PostLogoutV2Negative - Send expired refreshToken","API_Regression_Suite","2026-03-25","skipped","2026-03-25","autochek_api_negative.UserService.UserServiceV2Negative","Autochek_API_Automation","autochek_api_negative.UserService.UserServiceV2Negative","PostLogoutV2Negative"
"Validates GET /v2/origination/loans/{loan_id}/accepted-offer - Negative Test","527","GetAcceptedOfferByLoanIdNegative - SQL injection with DROP statement","API_Regression_Suite","2026-03-25","passed","2026-03-25","autochek_api_negative.OriginationService.ResponsePayloadReductionV2APIsNegative","Autochek_API_Automation","autochek_api_negative.OriginationService.ResponsePayloadReductionV2APIsNegative","GetAcceptedOfferByLoanIdNegative"
"","757","CreateFranchise - account_bvn is null","API_Regression_Suite","2026-03-25","passed","2026-03-25","autochek_api_negative.UserService.UserServiceNegative","Autochek_API_Automation","autochek_api_negative.UserService.UserServiceNegative","CreateFranchise"
"","0","PatchUpdatePasswordV2Negative - Omit newPassword field entirely","API_Regression_Suite","2026-03-25","skipped","2026-03-25","autochek_api_negative.UserService.UserServiceV2Negative","Autochek_API_Automation","autochek_api_negative.UserService.UserServiceV2Negative","PatchUpdatePasswordV2Negative"
"Update System Config dynamically for PASSWORD_POLICY or USER_SESSION","0","PatchSystemConfigV2 - Update maximum concurrent sessions to 2","API_Regression_Suite","2026-03-25","skipped","2026-03-25","autochek_api_negative.UserService.UserServiceV2Negative","Autochek_API_Automation","autochek_api_negative.UserService.UserServiceV2Negative","PatchSystemConfigV2"
"Validates GET /v1/inventory/model with dynamic parameters - Positive Test","486","GetModelList - Validate multiple fields id,name,imageUrl are returned","API_Regression_Suite","2026-03-25","passed","2026-03-25","autochek_api_positive.InventoryService.DynamicResponsePositive","Autochek_API_Automation","autochek_api_positive.InventoryService.DynamicResponsePositive","GetModelList"
"Validates GET /v1/origination/offers/{offer_Id}/loan-document with dynamic parameters - Negative Test","1185","GetLoanDocumentsByOfferIdNegative - Script injection (XSS attempt)","API_Regression_Suite","2026-03-25","passed","2026-03-25","autochek_api_negative.OriginationService.ResponsePayloadReductionV2APIsNegative","Autochek_API_Automation","autochek_api_negative.OriginationService.ResponsePayloadReductionV2APIsNegative","GetLoanDocumentsByOfferIdNegative"
"Update Car and Validate Response","593","PutUpdateCar - is_upgraded as SQL injection attempt","API_Regression_Suite","2026-03-25","passed","2026-03-25","autochek_api_negative.DetachTyresSpecification.DetachTyresSpecificationNegative","Autochek_API_Automation","autochek_api_negative.DetachTyresSpecification.DetachTyresSpecificationNegative","PutUpdateCar"
"Get Offer Details by OfferID","530","GetOffersByIdNegative - Send offer_id as null","API_Regression_Suite","2026-03-25","passed","2026-03-25","autochek_api_negative.OriginationService.ResponsePayloadReductionV2APIsNegative","Autochek_API_Automation","autochek_api_negative.OriginationService.ResponsePayloadReductionV2APIsNegative","GetOffersByIdNegative"
"Get Offer Details by LoanID","568","GetOffersByLoanIdNegative - loan_id with very short string","API_Regression_Suite","2026-03-25","passed","2026-03-25","autochek_api_negative.OriginationService.ResponsePayloadReductionV2APIsNegative","Autochek_API_Automation","autochek_api_negative.OriginationService.ResponsePayloadReductionV2APIsNegative","GetOffersByLoanIdNegative"
"Validates GET /v1/inventory/car with dynamic parameters - Negative Test","462","GetCarListNegative - Validate API fails when mixing valid and invalid relation paths","API_Regression_Suite","2026-03-25","passed","2026-03-25","autochek_api_negative.InventoryService.DynamicResponseNegative","Autochek_API_Automation","autochek_api_negative.InventoryService.DynamicResponseNegative","GetCarListNegative"
"Update Car and Validate Response","546","PutUpdateCar - is_upgraded as special characters","API_Regression_Suite","2026-03-25","passed","2026-03-25","autochek_api_negative.DetachTyresSpecification.DetachTyresSpecificationNegative","Autochek_API_Automation","autochek_api_negative.DetachTyresSpecification.DetachTyresSpecificationNegative","PutUpdateCar"
"Get Offer Details by OfferID","1253","GetOffersByIdNegative - offer_id with only special characters","API_Regression_Suite","2026-03-25","passed","2026-03-25","autochek_api_negative.OriginationService.ResponsePayloadReductionV2APIsNegative","Autochek_API_Automation","autochek_api_negative.OriginationService.ResponsePayloadReductionV2APIsNegative","GetOffersByIdNegative"
"","0","PostUserSignUpV2Negative - UserType is an empty string","API_Regression_Suite","2026-03-25","skipped","2026-03-25","autochek_api_negative.UserService.UserServiceV2Negative","Autochek_API_Automation","autochek_api_negative.UserService.UserServiceV2Negative","PostUserSignUpV2Negative"
"Validates GET /v2/origination/loans/{loan_id}/logbook/booking-info - Negative Test","1598","GetBookingInfoForLogbookLoanNegative - loan_id in base64 encoded format","API_Regression_Suite","2026-03-25","passed","2026-03-25","autochek_api_negative.OriginationService.ResponsePayloadReductionV2APIsNegative","Autochek_API_Automation","autochek_api_negative.OriginationService.ResponsePayloadReductionV2APIsNegative","GetBookingInfoForLogbookLoanNegative"
"","484","UpdateFranchise - house_no too long string","API_Regression_Suite","2026-03-25","passed","2026-03-25","autochek_api_negative.UserService.UserServiceNegative","Autochek_API_Automation","autochek_api_negative.UserService.UserServiceNegative","UpdateFranchise"
"Submit Loan Customer Preferences","430","SubmitLoanPreferencesNegative - interestRate blank","API_Regression_Suite","2026-03-25","failed","2026-03-25","autochek_api_negative.OfferSimulation.OfferSimulationNegative","Autochek_API_Automation","autochek_api_negative.OfferSimulation.OfferSimulationNegative","SubmitLoanPreferencesNegative"
"Accept Simulation Offer","451","AcceptOfferNegative - Send loan_id as empty string","API_Regression_Suite","2026-03-25","passed","2026-03-25","autochek_api_negative.OfferSimulation.OfferSimulationNegative","Autochek_API_Automation","autochek_api_negative.OfferSimulation.OfferSimulationNegative","AcceptOfferNegative"
"","482","UpdateFranchise - longitude is boolean true","API_Regression_Suite","2026-03-25","passed","2026-03-25","autochek_api_negative.UserService.UserServiceNegative","Autochek_API_Automation","autochek_api_negative.UserService.UserServiceNegative","UpdateFranchise"
"","484","UpdateFranchise - city ID as boolean string","API_Regression_Suite","2026-03-25","passed","2026-03-25","autochek_api_negative.UserService.UserServiceNegative","Autochek_API_Automation","autochek_api_negative.UserService.UserServiceNegative","UpdateFranchise"
"","748","CreateFranchise - email missing domain","API_Regression_Suite","2026-03-25","passed","2026-03-25","autochek_api_negative.UserService.UserServiceNegative","Autochek_API_Automation","autochek_api_negative.UserService.UserServiceNegative","CreateFranchise"
"","508","CreateFranchise - owner is null","API_Regression_Suite","2026-03-25","passed","2026-03-25","autochek_api_negative.UserService.UserServiceNegative","Autochek_API_Automation","autochek_api_negative.UserService.UserServiceNegative","CreateFranchise"
"Validates GET /v1/inventory/model with dynamic parameters - Positive Test","477","GetModelList - Validate only make.name is returned inside make","API_Regression_Suite","2026-03-25","passed","2026-03-25","autochek_api_positive.InventoryService.DynamicResponsePositive","Autochek_API_Automation","autochek_api_positive.InventoryService.DynamicResponsePositive","GetModelList"
"Get the list of Tyre brands","454","GetTyreBrandsNegative - Include URL special chars","API_Regression_Suite","2026-03-25","passed","2026-03-25","autochek_api_negative.OfferSimulation.OfferSimulationNegative","Autochek_API_Automation","autochek_api_negative.OfferSimulation.OfferSimulationNegative","GetTyreBrandsNegative"
"","659","GetFranchiseList - page_size and country valid, status invalid","API_Regression_Suite","2026-03-25","passed","2026-03-25","autochek_api_negative.UserService.UserServiceNegative","Autochek_API_Automation","autochek_api_negative.UserService.UserServiceNegative","GetFranchiseList"
"","1","PostEnableUserV2Negative - Send XSS payload as token","API_Regression_Suite","2026-03-25","skipped","2026-03-25","autochek_api_negative.UserService.UserServiceV2Negative","Autochek_API_Automation","autochek_api_negative.UserService.UserServiceV2Negative","PostEnableUserV2Negative"
"","0","PostLookUpV2Negative - Send SQL injection string as token","API_Regression_Suite","2026-03-25","skipped","2026-03-25","autochek_api_negative.UserService.UserServiceV2Negative","Autochek_API_Automation","autochek_api_negative.UserService.UserServiceV2Negative","PostLookUpV2Negative"
"","468","GetFranchiseList - country is null","API_Regression_Suite","2026-03-25","passed","2026-03-25","autochek_api_negative.UserService.UserServiceNegative","Autochek_API_Automation","autochek_api_negative.UserService.UserServiceNegative","GetFranchiseList"
"","1698","PostLogoutV2 - Valid refresh token with ""all"": false — logout current session only","API_Regression_Suite","2026-03-25","passed","2026-03-25","autochek_api_positive.UserService.UserServiceV2","Autochek_API_Automation","autochek_api_positive.UserService.UserServiceV2","PostLogoutV2"
"Submit Loan Customer Preferences","433","SubmitLoanPreferencesNegative - upfrontVehicleTracking string true/false","API_Regression_Suite","2026-03-25","failed","2026-03-25","autochek_api_negative.OfferSimulation.OfferSimulationNegative","Autochek_API_Automation","autochek_api_negative.OfferSimulation.OfferSimulationNegative","SubmitLoanPreferencesNegative"
"Fetching loan by ID","572","GetLoanByIdNegative - Script injection (XSS attempt)","API_Regression_Suite","2026-03-25","passed","2026-03-25","autochek_api_negative.OriginationService.ResponsePayloadReductionV2APIsNegative","Autochek_API_Automation","autochek_api_negative.OriginationService.ResponsePayloadReductionV2APIsNegative","GetLoanByIdNegative"
"Validates GET /v1/inventory/body_type with dynamic parameters - Negative Test","447","GetBodyTypeNegative - Exclude a valid field with other valid field together","API_Regression_Suite","2026-03-25","passed","2026-03-25","autochek_api_negative.InventoryService.DynamicResponseNegative","Autochek_API_Automation","autochek_api_negative.InventoryService.DynamicResponseNegative","GetBodyTypeNegative"
"Get Offer Details by LoanID","612","GetOffersByLoanIdNegative - Script injection (XSS attempt)","API_Regression_Suite","2026-03-25","passed","2026-03-25","autochek_api_negative.OriginationService.ResponsePayloadReductionV2APIsNegative","Autochek_API_Automation","autochek_api_negative.OriginationService.ResponsePayloadReductionV2APIsNegative","GetOffersByLoanIdNegative"
"Submit Loan Customer Preferences","446","SubmitLoanPreferencesNegative - monthlyPayment spaces only","API_Regression_Suite","2026-03-25","failed","2026-03-25","autochek_api_negative.OfferSimulation.OfferSimulationNegative","Autochek_API_Automation","autochek_api_negative.OfferSimulation.OfferSimulationNegative","SubmitLoanPreferencesNegative"
"","484","UpdateFranchise - name contains script tag (xss)","API_Regression_Suite","2026-03-25","passed","2026-03-25","autochek_api_negative.UserService.UserServiceNegative","Autochek_API_Automation","autochek_api_negative.UserService.UserServiceNegative","UpdateFranchise"
"Create Car and Validate Response","1879","CreateCar - Verify car creation with fuel type petrol","API_Regression_Suite","2026-03-25","broken","2026-03-25","autochek_api_positive.DetachTyreSpecification.DetachTyreSpecificationPositive","Autochek_API_Automation","autochek_api_positive.DetachTyreSpecification.DetachTyreSpecificationPositive","CreateCar"
"Validates GET /v2/origination/loans with dynamic parameters - Positive Test","13418","GetLoansList - country is UG","API_Regression_Suite","2026-03-25","passed","2026-03-25","autochek_api_positive.OriginationService.ResponsePayloadReductionV2APIs","Autochek_API_Automation","autochek_api_positive.OriginationService.ResponsePayloadReductionV2APIs","GetLoansList"
"Create Inspection for the carID generated in Car Creation","460","PostCreateInspection - Invalid code shorter than 2 chars","API_Regression_Suite","2026-03-25","failed","2026-03-25","autochek_api_negative.DetachTyresSpecification.DetachTyresSpecificationNegative","Autochek_API_Automation","autochek_api_negative.DetachTyresSpecification.DetachTyresSpecificationNegative","PostCreateInspection"
"Submit Loan Customer Preferences","4460","SubmitLoanPreferencesNegative - tyreQuantity null","API_Regression_Suite","2026-03-25","passed","2026-03-25","autochek_api_negative.OfferSimulation.OfferSimulationNegative","Autochek_API_Automation","autochek_api_negative.OfferSimulation.OfferSimulationNegative","SubmitLoanPreferencesNegative"
"Submit Loan Customer Preferences","3928","SubmitLoanPreferencesNegative - upfrontTyres SQL injection","API_Regression_Suite","2026-03-25","passed","2026-03-25","autochek_api_negative.OfferSimulation.OfferSimulationNegative","Autochek_API_Automation","autochek_api_negative.OfferSimulation.OfferSimulationNegative","SubmitLoanPreferencesNegative"
"","482","UpdateFranchise - longitude is string","API_Regression_Suite","2026-03-25","passed","2026-03-25","autochek_api_negative.UserService.UserServiceNegative","Autochek_API_Automation","autochek_api_negative.UserService.UserServiceNegative","UpdateFranchise"
"Validates GET /v1/inventory/inspection_request with dynamic parameters - Negative Test","447","GetInspectionRequestNegative - Pass an invalid field name not present in the response schema","API_Regression_Suite","2026-03-25","passed","2026-03-25","autochek_api_negative.InventoryService.DynamicResponseNegative","Autochek_API_Automation","autochek_api_negative.InventoryService.DynamicResponseNegative","GetInspectionRequestNegative"
"","729","CreateFranchise - onboarding_source is numeric","API_Regression_Suite","2026-03-25","passed","2026-03-25","autochek_api_negative.UserService.UserServiceNegative","Autochek_API_Automation","autochek_api_negative.UserService.UserServiceNegative","CreateFranchise"
"Validates GET /v2/origination/loans/{loan_id}/accepted-offer - Negative Test","507","GetAcceptedOfferByLoanIdNegative - Send offer_id as numeric only","API_Regression_Suite","2026-03-25","passed","2026-03-25","autochek_api_negative.OriginationService.ResponsePayloadReductionV2APIsNegative","Autochek_API_Automation","autochek_api_negative.OriginationService.ResponsePayloadReductionV2APIsNegative","GetAcceptedOfferByLoanIdNegative"
"Update System Config dynamically for PASSWORD_POLICY or USER_SESSION","0","PatchSystemConfigV2 - REQUIRE_UPPERCASE numeric instead of boolean","API_Regression_Suite","2026-03-25","skipped","2026-03-25","autochek_api_negative.UserService.UserServiceV2Negative","Autochek_API_Automation","autochek_api_negative.UserService.UserServiceV2Negative","PatchSystemConfigV2"
"","546","UpdateFranchise - bank_name too short","API_Regression_Suite","2026-03-25","passed","2026-03-25","autochek_api_negative.UserService.UserServiceNegative","Autochek_API_Automation","autochek_api_negative.UserService.UserServiceNegative","UpdateFranchise"
"","984","CreateFranchise - is_anchor = """"","API_Regression_Suite","2026-03-25","passed","2026-03-25","autochek_api_negative.UserService.UserServiceNegative","Autochek_API_Automation","autochek_api_negative.UserService.UserServiceNegative","CreateFranchise"
"Get the list of Tyre brands","496","GetTyreBrandsNegative - Pass HTML tags to test input validation","API_Regression_Suite","2026-03-25","passed","2026-03-25","autochek_api_negative.OfferSimulation.OfferSimulationNegative","Autochek_API_Automation","autochek_api_negative.OfferSimulation.OfferSimulationNegative","GetTyreBrandsNegative"
"Update Car and Validate Response","1400","PutUpdateCar - is_draft as empty","API_Regression_Suite","2026-03-25","failed","2026-03-25","autochek_api_negative.DetachTyresSpecification.DetachTyresSpecificationNegative","Autochek_API_Automation","autochek_api_negative.DetachTyresSpecification.DetachTyresSpecificationNegative","PutUpdateCar"
"Submit Loan Customer Preferences","7568","SubmitLoanPreferencesNegative - Desired Loan Currency invalid number","API_Regression_Suite","2026-03-25","passed","2026-03-25","autochek_api_negative.OfferSimulation.OfferSimulationNegative","Autochek_API_Automation","autochek_api_negative.OfferSimulation.OfferSimulationNegative","SubmitLoanPreferencesNegative"
"Negative test for Create System Config V2","0","PostSystemConfigV2 - MAX_LENGTH huge number","API_Regression_Suite","2026-03-25","skipped","2026-03-25","autochek_api_negative.UserService.UserServiceV2Negative","Autochek_API_Automation","autochek_api_negative.UserService.UserServiceV2Negative","PostSystemConfigV2"
"Submit Loan Customer Preferences","3127","SubmitLoanPreferencesNegative - tyreQuantity zero","API_Regression_Suite","2026-03-25","passed","2026-03-25","autochek_api_negative.OfferSimulation.OfferSimulationNegative","Autochek_API_Automation","autochek_api_negative.OfferSimulation.OfferSimulationNegative","SubmitLoanPreferencesNegative"
"Submit Loan Customer Preferences","524","SubmitLoanPreferencesNegative - vehicleDiscount float","API_Regression_Suite","2026-03-25","passed","2026-03-25","autochek_api_negative.OfferSimulation.OfferSimulationNegative","Autochek_API_Automation","autochek_api_negative.OfferSimulation.OfferSimulationNegative","SubmitLoanPreferencesNegative"
"Submit Loan Customer Preferences","438","SubmitLoanPreferencesNegative - upfrontInsurance XSS attack","API_Regression_Suite","2026-03-25","failed","2026-03-25","autochek_api_negative.OfferSimulation.OfferSimulationNegative","Autochek_API_Automation","autochek_api_negative.OfferSimulation.OfferSimulationNegative","SubmitLoanPreferencesNegative"
"","474","UpdateFranchise - is_anchor = null","API_Regression_Suite","2026-03-25","passed","2026-03-25","autochek_api_negative.UserService.UserServiceNegative","Autochek_API_Automation","autochek_api_negative.UserService.UserServiceNegative","UpdateFranchise"
"","1","PostEnableUserV2Negative - Send very long string for userId","API_Regression_Suite","2026-03-25","skipped","2026-03-25","autochek_api_negative.UserService.UserServiceV2Negative","Autochek_API_Automation","autochek_api_negative.UserService.UserServiceV2Negative","PostEnableUserV2Negative"
"Update Car and Validate Response","653","PutUpdateCar - created_by SQL injection attempt","API_Regression_Suite","2026-03-25","passed","2026-03-25","autochek_api_negative.DetachTyresSpecification.DetachTyresSpecificationNegative","Autochek_API_Automation","autochek_api_negative.DetachTyresSpecification.DetachTyresSpecificationNegative","PutUpdateCar"
"Create Inspection for the carID generated in Car Creation","499","PostCreateInspection - Numeric instead of country code","API_Regression_Suite","2026-03-25","failed","2026-03-25","autochek_api_negative.DetachTyresSpecification.DetachTyresSpecificationNegative","Autochek_API_Automation","autochek_api_negative.DetachTyresSpecification.DetachTyresSpecificationNegative","PostCreateInspection"
"Submit Loan Customer Preferences","429","SubmitLoanPreferencesNegative - residualPercentage non-numeric string","API_Regression_Suite","2026-03-25","failed","2026-03-25","autochek_api_negative.OfferSimulation.OfferSimulationNegative","Autochek_API_Automation","autochek_api_negative.OfferSimulation.OfferSimulationNegative","SubmitLoanPreferencesNegative"
"Create Inspection for the carID generated in Car Creation","477","PostCreateInspection - SQL injection attempt in inspection_type","API_Regression_Suite","2026-03-25","passed","2026-03-25","autochek_api_negative.DetachTyresSpecification.DetachTyresSpecificationNegative","Autochek_API_Automation","autochek_api_negative.DetachTyresSpecification.DetachTyresSpecificationNegative","PostCreateInspection"
"Submit Loan Customer Preferences","428","SubmitLoanPreferencesNegative - upfrontVehicleTracking long random string","API_Regression_Suite","2026-03-25","failed","2026-03-25","autochek_api_negative.OfferSimulation.OfferSimulationNegative","Autochek_API_Automation","autochek_api_negative.OfferSimulation.OfferSimulationNegative","SubmitLoanPreferencesNegative"
"Validates GET /v1/inventory/model with dynamic parameters - Negative Test","447","GetModelListNegative - Use extremely long random string","API_Regression_Suite","2026-03-25","passed","2026-03-25","autochek_api_negative.InventoryService.DynamicResponseNegative","Autochek_API_Automation","autochek_api_negative.InventoryService.DynamicResponseNegative","GetModelListNegative"
"Validates GET /v2/origination/offers with dynamic parameters - Positive Test","577","GetOffersListNegative - country is one character","API_Regression_Suite","2026-03-25","passed","2026-03-25","autochek_api_negative.OriginationService.ResponsePayloadReductionV2APIsNegative","Autochek_API_Automation","autochek_api_negative.OriginationService.ResponsePayloadReductionV2APIsNegative","GetOffersListNegative"
"Submit Loan Customer Preferences","3090","SubmitLoanPreferencesNegative - upfrontTyres numeric instead of boolean","API_Regression_Suite","2026-03-25","passed","2026-03-25","autochek_api_negative.OfferSimulation.OfferSimulationNegative","Autochek_API_Automation","autochek_api_negative.OfferSimulation.OfferSimulationNegative","SubmitLoanPreferencesNegative"
"Create Inspection for the carID generated in Car Creation","446","PostCreateInspection - Numeric value instead of string","API_Regression_Suite","2026-03-25","passed","2026-03-25","autochek_api_negative.DetachTyresSpecification.DetachTyresSpecificationNegative","Autochek_API_Automation","autochek_api_negative.DetachTyresSpecification.DetachTyresSpecificationNegative","PostCreateInspection"
"","2048","CreateFranchise - is_anchor = null","API_Regression_Suite","2026-03-25","passed","2026-03-25","autochek_api_negative.UserService.UserServiceNegative","Autochek_API_Automation","autochek_api_negative.UserService.UserServiceNegative","CreateFranchise"
"Validates GET /v1/inventory/obds with dynamic parameters - Negative Test","449","GetObdsNegative - Pass numeric value instead of string","API_Regression_Suite","2026-03-25","passed","2026-03-25","autochek_api_negative.InventoryService.DynamicResponseNegative","Autochek_API_Automation","autochek_api_negative.InventoryService.DynamicResponseNegative","GetObdsNegative"
"Submit Loan Customer Preferences","437","SubmitLoanPreferencesNegative - feePaymentMethod numeric value","API_Regression_Suite","2026-03-25","failed","2026-03-25","autochek_api_negative.OfferSimulation.OfferSimulationNegative","Autochek_API_Automation","autochek_api_negative.OfferSimulation.OfferSimulationNegative","SubmitLoanPreferencesNegative"
"Update System Config dynamically for PASSWORD_POLICY or USER_SESSION","1","PatchSystemConfigV2 - Enforce minimum requirement","API_Regression_Suite","2026-03-25","skipped","2026-03-25","autochek_api_negative.UserService.UserServiceV2Negative","Autochek_API_Automation","autochek_api_negative.UserService.UserServiceV2Negative","PatchSystemConfigV2"
"","978","UpdateFranchise - email with spaces","API_Regression_Suite","2026-03-25","passed","2026-03-25","autochek_api_negative.UserService.UserServiceNegative","Autochek_API_Automation","autochek_api_negative.UserService.UserServiceNegative","UpdateFranchise"
"Submit Loan Customer Preferences","4780","SubmitLoanPreferencesNegative - upfrontTyres very long string","API_Regression_Suite","2026-03-25","passed","2026-03-25","autochek_api_negative.OfferSimulation.OfferSimulationNegative","Autochek_API_Automation","autochek_api_negative.OfferSimulation.OfferSimulationNegative","SubmitLoanPreferencesNegative"
"Validates GET /v2/origination/loans/{loan_id}/logbook/car-details - Negative Test","541","GetLogbookCarDetailsByLoanIdNegative - SQL injection with DROP statement","API_Regression_Suite","2026-03-25","passed","2026-03-25","autochek_api_negative.OriginationService.ResponsePayloadReductionV2APIsNegative","Autochek_API_Automation","autochek_api_negative.OriginationService.ResponsePayloadReductionV2APIsNegative","GetLogbookCarDetailsByLoanIdNegative"
"Validates GET /v1/inventory/car with dynamic parameters - Negative Test","494","GetCarListNegative - Validate API fails when passing completely unknown relation","API_Regression_Suite","2026-03-25","passed","2026-03-25","autochek_api_negative.InventoryService.DynamicResponseNegative","Autochek_API_Automation","autochek_api_negative.InventoryService.DynamicResponseNegative","GetCarListNegative"
"Delete USER_SESSION and PASSWORD_POLICY using stored IDs","0","deleteSystemConfigs - Delete with negative ID","API_Regression_Suite","2026-03-25","skipped","2026-03-25","autochek_api_negative.UserService.UserServiceV2Negative","Autochek_API_Automation","autochek_api_negative.UserService.UserServiceV2Negative","deleteSystemConfigs"
"Update System Config dynamically for PASSWORD_POLICY or USER_SESSION","0","PatchSystemConfigV2 - REQUIRE_NUMBER empty value","API_Regression_Suite","2026-03-25","skipped","2026-03-25","autochek_api_negative.UserService.UserServiceV2Negative","Autochek_API_Automation","autochek_api_negative.UserService.UserServiceV2Negative","PatchSystemConfigV2"
"Submit Loan Customer Preferences","464","SubmitLoanPreferencesNegative - monthlyPayment text value","API_Regression_Suite","2026-03-25","failed","2026-03-25","autochek_api_negative.OfferSimulation.OfferSimulationNegative","Autochek_API_Automation","autochek_api_negative.OfferSimulation.OfferSimulationNegative","SubmitLoanPreferencesNegative"
"Update System Config dynamically for PASSWORD_POLICY or USER_SESSION","0","PatchSystemConfigV2 - REQUIRE_SPECIAL_CHAR null value","API_Regression_Suite","2026-03-25","skipped","2026-03-25","autochek_api_negative.UserService.UserServiceV2Negative","Autochek_API_Automation","autochek_api_negative.UserService.UserServiceV2Negative","PatchSystemConfigV2"
"Submit Loan Customer Preferences","3397","SubmitLoanPreferencesNegative - upfrontWarranty unsupported plan name","API_Regression_Suite","2026-03-25","passed","2026-03-25","autochek_api_negative.OfferSimulation.OfferSimulationNegative","Autochek_API_Automation","autochek_api_negative.OfferSimulation.OfferSimulationNegative","SubmitLoanPreferencesNegative"
"Update System Config dynamically for PASSWORD_POLICY or USER_SESSION","0","PatchSystemConfigV2 - MAX_LENGTH special chars","API_Regression_Suite","2026-03-25","skipped","2026-03-25","autochek_api_negative.UserService.UserServiceV2Negative","Autochek_API_Automation","autochek_api_negative.UserService.UserServiceV2Negative","PatchSystemConfigV2"
"Submit Loan Customer Preferences","447","SubmitLoanPreferencesNegative - feePaymentMethod SQL injection DROP table","API_Regression_Suite","2026-03-25","failed","2026-03-25","autochek_api_negative.OfferSimulation.OfferSimulationNegative","Autochek_API_Automation","autochek_api_negative.OfferSimulation.OfferSimulationNegative","SubmitLoanPreferencesNegative"
"Negative test for Create System Config V2","0","PostSystemConfigV2 - REQUIRE_UPPERCASE decimal value","API_Regression_Suite","2026-03-25","skipped","2026-03-25","autochek_api_negative.UserService.UserServiceV2Negative","Autochek_API_Automation","autochek_api_negative.UserService.UserServiceV2Negative","PostSystemConfigV2"
"Validates GET /v1/inventory/body_type with dynamic parameters - Negative Test","490","GetBodyTypeNegative - Pass only whitespace in fields","API_Regression_Suite","2026-03-25","passed","2026-03-25","autochek_api_negative.InventoryService.DynamicResponseNegative","Autochek_API_Automation","autochek_api_negative.InventoryService.DynamicResponseNegative","GetBodyTypeNegative"
"","2534","PostUserSignUpV2 - Verify signup with userType = customer","API_Regression_Suite","2026-03-25","passed","2026-03-25","autochek_api_positive.UserService.UserServiceV2","Autochek_API_Automation","autochek_api_positive.UserService.UserServiceV2","PostUserSignUpV2"
"Negative test for Create System Config V2","1","PostSystemConfigV2 - REQUIRE_SPECIAL_CHAR special characters","API_Regression_Suite","2026-03-25","skipped","2026-03-25","autochek_api_negative.UserService.UserServiceV2Negative","Autochek_API_Automation","autochek_api_negative.UserService.UserServiceV2Negative","PostSystemConfigV2"
"Validates GET /v2/origination/partners with dynamic parameters - Positive Test","573","GetPartnersListNegative - page_size is float","API_Regression_Suite","2026-03-25","passed","2026-03-25","autochek_api_negative.OriginationService.ResponsePayloadReductionV2APIsNegative","Autochek_API_Automation","autochek_api_negative.OriginationService.ResponsePayloadReductionV2APIsNegative","GetPartnersListNegative"
"Negative test for Create System Config V2","0","PostSystemConfigV2 - REQUIRE_NUMBER null value","API_Regression_Suite","2026-03-25","skipped","2026-03-25","autochek_api_negative.UserService.UserServiceV2Negative","Autochek_API_Automation","autochek_api_negative.UserService.UserServiceV2Negative","PostSystemConfigV2"
"Submit Loan Customer Preferences","750","SubmitLoanPreferencesNegative - term spaces only","API_Regression_Suite","2026-03-25","passed","2026-03-25","autochek_api_negative.OfferSimulation.OfferSimulationNegative","Autochek_API_Automation","autochek_api_negative.OfferSimulation.OfferSimulationNegative","SubmitLoanPreferencesNegative"
"","743","CreateFranchise - account_number too long","API_Regression_Suite","2026-03-25","passed","2026-03-25","autochek_api_negative.UserService.UserServiceNegative","Autochek_API_Automation","autochek_api_negative.UserService.UserServiceNegative","CreateFranchise"
"","491","GetFranchiseByID - tab character as id","API_Regression_Suite","2026-03-25","passed","2026-03-25","autochek_api_negative.UserService.UserServiceNegative","Autochek_API_Automation","autochek_api_negative.UserService.UserServiceNegative","GetFranchiseByID"
"Create Inspection for the carID generated in Car Creation","570","PostCreateInspection - Empty id","API_Regression_Suite","2026-03-25","passed","2026-03-25","autochek_api_negative.DetachTyresSpecification.DetachTyresSpecificationNegative","Autochek_API_Automation","autochek_api_negative.DetachTyresSpecification.DetachTyresSpecificationNegative","PostCreateInspection"
"Validates GET /v1/inventory/trims with dynamic parameters - Negative Test","437","GetTrimsNegative - Validate response when passing SQL keyword as field","API_Regression_Suite","2026-03-25","passed","2026-03-25","autochek_api_negative.InventoryService.DynamicResponseNegative","Autochek_API_Automation","autochek_api_negative.InventoryService.DynamicResponseNegative","GetTrimsNegative"
"Create Inspection for the carID generated in Car Creation","444","PostCreateInspection - Special characters in value","API_Regression_Suite","2026-03-25","passed","2026-03-25","autochek_api_negative.DetachTyresSpecification.DetachTyresSpecificationNegative","Autochek_API_Automation","autochek_api_negative.DetachTyresSpecification.DetachTyresSpecificationNegative","PostCreateInspection"
"Validates GET /v1/inventory/make with dynamic fields filtering","446","GetMakeNegative - Pass excluded field with special chars","API_Regression_Suite","2026-03-25","passed","2026-03-25","autochek_api_negative.InventoryService.DynamicResponseNegative","Autochek_API_Automation","autochek_api_negative.InventoryService.DynamicResponseNegative","GetMakeNegative"
"Submit Loan Customer Preferences","2103","SubmitLoanPreferencesNegative - Upfront Tyres numeric instead of boolean","API_Regression_Suite","2026-03-25","passed","2026-03-25","autochek_api_negative.OfferSimulation.OfferSimulationNegative","Autochek_API_Automation","autochek_api_negative.OfferSimulation.OfferSimulationNegative","SubmitLoanPreferencesNegative"
"Submit Loan Customer Preferences","437","SubmitLoanPreferencesNegative - includeLicenceRenewalFees boolean true","API_Regression_Suite","2026-03-25","failed","2026-03-25","autochek_api_negative.OfferSimulation.OfferSimulationNegative","Autochek_API_Automation","autochek_api_negative.OfferSimulation.OfferSimulationNegative","SubmitLoanPreferencesNegative"
"","495","GetFranchiseList - status is array","API_Regression_Suite","2026-03-25","passed","2026-03-25","autochek_api_negative.UserService.UserServiceNegative","Autochek_API_Automation","autochek_api_negative.UserService.UserServiceNegative","GetFranchiseList"
"Negative test for Create System Config V2","0","PostSystemConfigV2 - MAX_CONCURRENT_SESSIONS zero value","API_Regression_Suite","2026-03-25","skipped","2026-03-25","autochek_api_negative.UserService.UserServiceV2Negative","Autochek_API_Automation","autochek_api_negative.UserService.UserServiceV2Negative","PostSystemConfigV2"
"","905","UpdateFranchise - display_address as number","API_Regression_Suite","2026-03-25","passed","2026-03-25","autochek_api_negative.UserService.UserServiceNegative","Autochek_API_Automation","autochek_api_negative.UserService.UserServiceNegative","UpdateFranchise"
"Validates GET /v1/inventory/obds with dynamic parameters - Positive Test","2626","GetObds - Validate only code field is returned","API_Regression_Suite","2026-03-25","passed","2026-03-25","autochek_api_positive.InventoryService.DynamicResponsePositive","Autochek_API_Automation","autochek_api_positive.InventoryService.DynamicResponsePositive","GetObds"
"Submit Loan Customer Preferences","488","SubmitLoanPreferencesNegative - dealDiscount null","API_Regression_Suite","2026-03-25","passed","2026-03-25","autochek_api_negative.OfferSimulation.OfferSimulationNegative","Autochek_API_Automation","autochek_api_negative.OfferSimulation.OfferSimulationNegative","SubmitLoanPreferencesNegative"
"Update System Config dynamically for PASSWORD_POLICY or USER_SESSION","0","PatchSystemConfigV2 - REQUIRE_SPECIAL_CHAR SQL injection attempt","API_Regression_Suite","2026-03-25","skipped","2026-03-25","autochek_api_negative.UserService.UserServiceV2Negative","Autochek_API_Automation","autochek_api_negative.UserService.UserServiceV2Negative","PatchSystemConfigV2"
"","469","UpdateFranchise - nearest_landmark is empty","API_Regression_Suite","2026-03-25","passed","2026-03-25","autochek_api_negative.UserService.UserServiceNegative","Autochek_API_Automation","autochek_api_negative.UserService.UserServiceNegative","UpdateFranchise"
"Update Car and Validate Response","511","PutUpdateCar - is_upgraded as null","API_Regression_Suite","2026-03-25","passed","2026-03-25","autochek_api_negative.DetachTyresSpecification.DetachTyresSpecificationNegative","Autochek_API_Automation","autochek_api_negative.DetachTyresSpecification.DetachTyresSpecificationNegative","PutUpdateCar"
"Submit Loan Customer Preferences","438","SubmitLoanPreferencesNegative - interestRateType special characters","API_Regression_Suite","2026-03-25","failed","2026-03-25","autochek_api_negative.OfferSimulation.OfferSimulationNegative","Autochek_API_Automation","autochek_api_negative.OfferSimulation.OfferSimulationNegative","SubmitLoanPreferencesNegative"
"Update System Config dynamically for PASSWORD_POLICY or USER_SESSION","1","PatchSystemConfigV2 - REQUIRE_NUMBER object structure passed","API_Regression_Suite","2026-03-25","skipped","2026-03-25","autochek_api_negative.UserService.UserServiceV2Negative","Autochek_API_Automation","autochek_api_negative.UserService.UserServiceV2Negative","PatchSystemConfigV2"
"","0","PostLogoutAllAdminNegative - Send no access token in cookie/header","API_Regression_Suite","2026-03-25","skipped","2026-03-25","autochek_api_negative.UserService.UserServiceV2Negative","Autochek_API_Automation","autochek_api_negative.UserService.UserServiceV2Negative","PostLogoutAllAdminNegative"
"","482","UpdateFranchise - account_name html tag","API_Regression_Suite","2026-03-25","passed","2026-03-25","autochek_api_negative.UserService.UserServiceNegative","Autochek_API_Automation","autochek_api_negative.UserService.UserServiceNegative","UpdateFranchise"
"Get Offer Details by LoanID","517","GetOffersByLoanIdNegative - Send loan_id as whitespace only","API_Regression_Suite","2026-03-25","passed","2026-03-25","autochek_api_negative.OriginationService.ResponsePayloadReductionV2APIsNegative","Autochek_API_Automation","autochek_api_negative.OriginationService.ResponsePayloadReductionV2APIsNegative","GetOffersByLoanIdNegative"
"Create Inspection for the carID generated in Car Creation","437","PostCreateInspection - SQL injection attempt in country","API_Regression_Suite","2026-03-25","failed","2026-03-25","autochek_api_negative.DetachTyresSpecification.DetachTyresSpecificationNegative","Autochek_API_Automation","autochek_api_negative.DetachTyresSpecification.DetachTyresSpecificationNegative","PostCreateInspection"
"Submit Loan Customer Preferences","3128","SubmitLoanPreferencesNegative - upfrontTyres array instead of boolean","API_Regression_Suite","2026-03-25","passed","2026-03-25","autochek_api_negative.OfferSimulation.OfferSimulationNegative","Autochek_API_Automation","autochek_api_negative.OfferSimulation.OfferSimulationNegative","SubmitLoanPreferencesNegative"
"","820","CreateFranchise - account_name is null","API_Regression_Suite","2026-03-25","passed","2026-03-25","autochek_api_negative.UserService.UserServiceNegative","Autochek_API_Automation","autochek_api_negative.UserService.UserServiceNegative","CreateFranchise"
"Create Inspection for the carID generated in Car Creation","460","PostCreateInspection - Empty form_id","API_Regression_Suite","2026-03-25","passed","2026-03-25","autochek_api_negative.DetachTyresSpecification.DetachTyresSpecificationNegative","Autochek_API_Automation","autochek_api_negative.DetachTyresSpecification.DetachTyresSpecificationNegative","PostCreateInspection"
"","773","CreateFranchise - account_name html tag","API_Regression_Suite","2026-03-25","passed","2026-03-25","autochek_api_negative.UserService.UserServiceNegative","Autochek_API_Automation","autochek_api_negative.UserService.UserServiceNegative","CreateFranchise"
"Get TyreSpecs Details by Car ID","429","GetTyreSpecs - car_id whitespace only","API_Regression_Suite","2026-03-25","passed","2026-03-25","autochek_api_negative.DetachTyresSpecification.DetachTyresSpecificationNegative","Autochek_API_Automation","autochek_api_negative.DetachTyresSpecification.DetachTyresSpecificationNegative","GetTyreSpecs"
"Validates GET /v2/origination/sources with dynamic parameters - Negative Test","2292","GetSourcesListNegative - country is longer than 2 chars","API_Regression_Suite","2026-03-25","passed","2026-03-25","autochek_api_negative.OriginationService.ResponsePayloadReductionV2APIsNegative","Autochek_API_Automation","autochek_api_negative.OriginationService.ResponsePayloadReductionV2APIsNegative","GetSourcesListNegative"
"","1167","CreateFranchise - onboarding_source with special characters","API_Regression_Suite","2026-03-25","passed","2026-03-25","autochek_api_negative.UserService.UserServiceNegative","Autochek_API_Automation","autochek_api_negative.UserService.UserServiceNegative","CreateFranchise"
"Validates GET /v2/origination/loans/{loan_id}/logbook/car-details with dynamic parameters - Positive Test","38812","GetLogbookCarDetailsByLoanId","API_Regression_Suite","2026-03-25","passed","2026-03-25","autochek_api_positive.OriginationService.ResponsePayloadReductionV2APIs","Autochek_API_Automation","autochek_api_positive.OriginationService.ResponsePayloadReductionV2APIs","GetLogbookCarDetailsByLoanId"
"","511","UpdateFranchise - nearest_landmark is null","API_Regression_Suite","2026-03-25","passed","2026-03-25","autochek_api_negative.UserService.UserServiceNegative","Autochek_API_Automation","autochek_api_negative.UserService.UserServiceNegative","UpdateFranchise"
"","986","UpdateFranchise - owner with unicode characters","API_Regression_Suite","2026-03-25","passed","2026-03-25","autochek_api_negative.UserService.UserServiceNegative","Autochek_API_Automation","autochek_api_negative.UserService.UserServiceNegative","UpdateFranchise"
"Submit Loan Customer Preferences","441","SubmitLoanPreferencesNegative - includeLicenceRenewalFees unsupported option n","API_Regression_Suite","2026-03-25","failed","2026-03-25","autochek_api_negative.OfferSimulation.OfferSimulationNegative","Autochek_API_Automation","autochek_api_negative.OfferSimulation.OfferSimulationNegative","SubmitLoanPreferencesNegative"
