"DESCRIPTION","DURATION IN MS","NAME","PARENT SUITE","START TIME","STATUS","STOP TIME","SUB SUITE","SUITE","TEST CLASS","TEST METHOD"
"Submit Loan Customer Preferences","2225","SubmitLoanPreferencesNegative - term zero months","API_Regression_Suite","2026-03-25","passed","2026-03-25","autochek_api_negative.OfferSimulation.OfferSimulationNegative","Autochek_API_Automation","autochek_api_negative.OfferSimulation.OfferSimulationNegative","SubmitLoanPreferencesNegative"
"","1491","CreateFranchise - nearest_landmark is empty","API_Regression_Suite","2026-03-25","passed","2026-03-25","autochek_api_negative.UserService.UserServiceNegative","Autochek_API_Automation","autochek_api_negative.UserService.UserServiceNegative","CreateFranchise"
"","1960","CreateFranchise - is_anchor = ""false"" (string)","API_Regression_Suite","2026-03-25","passed","2026-03-25","autochek_api_negative.UserService.UserServiceNegative","Autochek_API_Automation","autochek_api_negative.UserService.UserServiceNegative","CreateFranchise"
"Update Car and Validate Response","1","CompleteCar","API_Regression_Suite","2026-03-25","skipped","2026-03-25","autochek_api_positive.DetachTyreSpecification.DetachTyreSpecificationPositive","Autochek_API_Automation","autochek_api_positive.DetachTyreSpecification.DetachTyreSpecificationPositive","CompleteCar"
"Update Car and Validate Response","0","PutUpdateCar - owner_type too long string","API_Regression_Suite","2026-03-25","skipped","2026-03-25","autochek_api_negative.DetachTyresSpecification.DetachTyresSpecificationNegative","Autochek_API_Automation","autochek_api_negative.DetachTyresSpecification.DetachTyresSpecificationNegative","PutUpdateCar"
"","728","CreateFranchise - owner has script tag (xss)","API_Regression_Suite","2026-03-25","passed","2026-03-25","autochek_api_negative.UserService.UserServiceNegative","Autochek_API_Automation","autochek_api_negative.UserService.UserServiceNegative","CreateFranchise"
"Negative test for Create System Config V2","0","PostSystemConfigV2 - REQUIRE_LOWERCASE special characters","API_Regression_Suite","2026-03-25","skipped","2026-03-25","autochek_api_negative.UserService.UserServiceV2Negative","Autochek_API_Automation","autochek_api_negative.UserService.UserServiceV2Negative","PostSystemConfigV2"
"Validates GET /v2/origination/offers with dynamic parameters - Positive Test","486","GetOffersListNegative - country is one character","API_Regression_Suite","2026-03-25","passed","2026-03-25","autochek_api_negative.OriginationService.ResponsePayloadReductionV2APIsNegative","Autochek_API_Automation","autochek_api_negative.OriginationService.ResponsePayloadReductionV2APIsNegative","GetOffersListNegative"
"Get franchise by ID to verify creation","1209","GetFranchiseByID","API_Regression_Suite","2026-03-25","passed","2026-03-25","autochek_api_positive.UserService.UserService","Autochek_API_Automation","autochek_api_positive.UserService.UserService","GetFranchiseByID"
"Validates GET /v1/inventory/car with dynamic parameters - Negative Test","0","GetCarListNegative - Validate API fails when passing completely unknown relation","API_Regression_Suite","2026-03-25","skipped","2026-03-25","autochek_api_negative.InventoryService.DynamicResponseNegative","Autochek_API_Automation","autochek_api_negative.InventoryService.DynamicResponseNegative","GetCarListNegative"
"","599","CreateFranchise - owner with unicode characters","API_Regression_Suite","2026-03-25","passed","2026-03-25","autochek_api_negative.UserService.UserServiceNegative","Autochek_API_Automation","autochek_api_negative.UserService.UserServiceNegative","CreateFranchise"
"Validates GET /v2/origination/offers with dynamic parameters - Positive Test","756","GetOffersListNegative - page_size is float","API_Regression_Suite","2026-03-25","passed","2026-03-25","autochek_api_negative.OriginationService.ResponsePayloadReductionV2APIsNegative","Autochek_API_Automation","autochek_api_negative.OriginationService.ResponsePayloadReductionV2APIsNegative","GetOffersListNegative"
"Validates GET /v2/origination/loans/{loan_id}/logbook/booking-info - Negative Test","497","GetBookingInfoForLogbookLoanNegative - loan_id with very short string","API_Regression_Suite","2026-03-25","passed","2026-03-25","autochek_api_negative.OriginationService.ResponsePayloadReductionV2APIsNegative","Autochek_API_Automation","autochek_api_negative.OriginationService.ResponsePayloadReductionV2APIsNegative","GetBookingInfoForLogbookLoanNegative"
"","0","PostUserSignUpV2Negative - Password is null","API_Regression_Suite","2026-03-25","skipped","2026-03-25","autochek_api_negative.UserService.UserServiceV2Negative","Autochek_API_Automation","autochek_api_negative.UserService.UserServiceV2Negative","PostUserSignUpV2Negative"
"Create Inspection for the carID generated in Car Creation","1","PostCreateInspection - Empty tyre code","API_Regression_Suite","2026-03-25","skipped","2026-03-25","autochek_api_negative.DetachTyresSpecification.DetachTyresSpecificationNegative","Autochek_API_Automation","autochek_api_negative.DetachTyresSpecification.DetachTyresSpecificationNegative","PostCreateInspection"
"","714","CreateFranchise - account_bvn too short","API_Regression_Suite","2026-03-25","passed","2026-03-25","autochek_api_negative.UserService.UserServiceNegative","Autochek_API_Automation","autochek_api_negative.UserService.UserServiceNegative","CreateFranchise"
"","448","GetFranchiseByID - id of deleted/non-existing franchise","API_Regression_Suite","2026-03-25","passed","2026-03-25","autochek_api_negative.UserService.UserServiceNegative","Autochek_API_Automation","autochek_api_negative.UserService.UserServiceNegative","GetFranchiseByID"
"","445","UpdateFranchise - longitude is empty","API_Regression_Suite","2026-03-25","passed","2026-03-25","autochek_api_negative.UserService.UserServiceNegative","Autochek_API_Automation","autochek_api_negative.UserService.UserServiceNegative","UpdateFranchise"
"Create Inspection for the carID generated in Car Creation","0","PostCreateInspection - Special chars","API_Regression_Suite","2026-03-25","skipped","2026-03-25","autochek_api_negative.DetachTyresSpecification.DetachTyresSpecificationNegative","Autochek_API_Automation","autochek_api_negative.DetachTyresSpecification.DetachTyresSpecificationNegative","PostCreateInspection"
"Submit Loan Customer Preferences","402","SubmitLoanPreferencesNegative - equityContribution blank","API_Regression_Suite","2026-03-25","failed","2026-03-25","autochek_api_negative.OfferSimulation.OfferSimulationNegative","Autochek_API_Automation","autochek_api_negative.OfferSimulation.OfferSimulationNegative","SubmitLoanPreferencesNegative"
"","0","PostLogoutV2 - Valid refresh token, no all parameter — logout only current session","API_Regression_Suite","2026-03-25","skipped","2026-03-25","autochek_api_positive.UserService.UserServiceV2","Autochek_API_Automation","autochek_api_positive.UserService.UserServiceV2","PostLogoutV2"
"Validates GET /v1/inventory/model with dynamic parameters - Positive Test","0","GetModelList - Validate nested make with only make.imageUrl","API_Regression_Suite","2026-03-25","skipped","2026-03-25","autochek_api_positive.InventoryService.DynamicResponsePositive","Autochek_API_Automation","autochek_api_positive.InventoryService.DynamicResponsePositive","GetModelList"
"Create Inspection for the carID generated in Car Creation","0","PostCreateInspection - SQL injection","API_Regression_Suite","2026-03-25","skipped","2026-03-25","autochek_api_negative.DetachTyresSpecification.DetachTyresSpecificationNegative","Autochek_API_Automation","autochek_api_negative.DetachTyresSpecification.DetachTyresSpecificationNegative","PostCreateInspection"
"Fetching loan by ID","536","GetLoanByIdNegative - loan_id with very short string","API_Regression_Suite","2026-03-25","passed","2026-03-25","autochek_api_negative.OriginationService.ResponsePayloadReductionV2APIsNegative","Autochek_API_Automation","autochek_api_negative.OriginationService.ResponsePayloadReductionV2APIsNegative","GetLoanByIdNegative"
"","423","UpdateFranchise - zip_code too long","API_Regression_Suite","2026-03-25","passed","2026-03-25","autochek_api_negative.UserService.UserServiceNegative","Autochek_API_Automation","autochek_api_negative.UserService.UserServiceNegative","UpdateFranchise"
"","806","CreateFranchise - state is empty","API_Regression_Suite","2026-03-25","passed","2026-03-25","autochek_api_negative.UserService.UserServiceNegative","Autochek_API_Automation","autochek_api_negative.UserService.UserServiceNegative","CreateFranchise"
"Submit Loan Customer Preferences","400","SubmitLoanPreferencesNegative - interestRate zero","API_Regression_Suite","2026-03-25","failed","2026-03-25","autochek_api_negative.OfferSimulation.OfferSimulationNegative","Autochek_API_Automation","autochek_api_negative.OfferSimulation.OfferSimulationNegative","SubmitLoanPreferencesNegative"
"","719","CreateFranchise - phone with newline/tab characters","API_Regression_Suite","2026-03-25","passed","2026-03-25","autochek_api_negative.UserService.UserServiceNegative","Autochek_API_Automation","autochek_api_negative.UserService.UserServiceNegative","CreateFranchise"
"","1","PostEnableUserV2Negative - Send empty userId value","API_Regression_Suite","2026-03-25","skipped","2026-03-25","autochek_api_negative.UserService.UserServiceV2Negative","Autochek_API_Automation","autochek_api_negative.UserService.UserServiceV2Negative","PostEnableUserV2Negative"
"","0","PostUserSignUpV2Negative - PhoneNumber is null","API_Regression_Suite","2026-03-25","skipped","2026-03-25","autochek_api_negative.UserService.UserServiceV2Negative","Autochek_API_Automation","autochek_api_negative.UserService.UserServiceV2Negative","PostUserSignUpV2Negative"
"","447","UpdateFranchise - zip_code contains letters","API_Regression_Suite","2026-03-25","passed","2026-03-25","autochek_api_negative.UserService.UserServiceNegative","Autochek_API_Automation","autochek_api_negative.UserService.UserServiceNegative","UpdateFranchise"
"","442","submitLoanPreference - Interest rate type Fixed rate","API_Regression_Suite","2026-03-25","passed","2026-03-25","autochek_api_positive.OfferSimulation.OfferSimulationPositive","Autochek_API_Automation","autochek_api_positive.OfferSimulation.OfferSimulationPositive","submitLoanPreference"
"","1","PostDisableUserV2Negative - Send SQL injection string as userId","API_Regression_Suite","2026-03-25","skipped","2026-03-25","autochek_api_negative.UserService.UserServiceV2Negative","Autochek_API_Automation","autochek_api_negative.UserService.UserServiceV2Negative","PostDisableUserV2Negative"
"","456","UpdateFranchise - longitude is string","API_Regression_Suite","2026-03-25","passed","2026-03-25","autochek_api_negative.UserService.UserServiceNegative","Autochek_API_Automation","autochek_api_negative.UserService.UserServiceNegative","UpdateFranchise"
"Accept Simulation Offer","533","AcceptOfferNegative - Send loan_id as random alphanumeric invalid format","API_Regression_Suite","2026-03-25","passed","2026-03-25","autochek_api_negative.OfferSimulation.OfferSimulationNegative","Autochek_API_Automation","autochek_api_negative.OfferSimulation.OfferSimulationNegative","AcceptOfferNegative"
"","0","PostUserSignUpV2 - Verify signup with country = UG","API_Regression_Suite","2026-03-25","skipped","2026-03-25","autochek_api_positive.UserService.UserServiceV2","Autochek_API_Automation","autochek_api_positive.UserService.UserServiceV2","PostUserSignUpV2"
"","0","setUp","API_Regression_Suite","2026-03-25","broken","2026-03-25","autochek_api_negative.DetachTyresSpecification.DetachTyresSpecificationNegative","Autochek_API_Automation","autochek_api_negative.DetachTyresSpecification.DetachTyresSpecificationNegative","setUp"
"Create Inspection for the carID generated in Car Creation","0","PostCreateInspection - Empty wheel_type","API_Regression_Suite","2026-03-25","skipped","2026-03-25","autochek_api_negative.DetachTyresSpecification.DetachTyresSpecificationNegative","Autochek_API_Automation","autochek_api_negative.DetachTyresSpecification.DetachTyresSpecificationNegative","PostCreateInspection"
"","0","GetMeV2Negative - Send expired access token","API_Regression_Suite","2026-03-25","skipped","2026-03-25","autochek_api_negative.UserService.UserServiceV2Negative","Autochek_API_Automation","autochek_api_negative.UserService.UserServiceV2Negative","GetMeV2Negative"
"Validates GET /v2/origination/loans with dynamic parameters - Positive Test","428","GetLoansList - country is NG","API_Regression_Suite","2026-03-25","passed","2026-03-25","autochek_api_positive.OriginationService.ResponsePayloadReductionV2APIs","Autochek_API_Automation","autochek_api_positive.OriginationService.ResponsePayloadReductionV2APIs","GetLoansList"
"","710","CreateFranchise - email with newline character","API_Regression_Suite","2026-03-25","passed","2026-03-25","autochek_api_negative.UserService.UserServiceNegative","Autochek_API_Automation","autochek_api_negative.UserService.UserServiceNegative","CreateFranchise"
"","0","PostLookUpV2Negative - Send invalid (tampered) access token","API_Regression_Suite","2026-03-25","skipped","2026-03-25","autochek_api_negative.UserService.UserServiceV2Negative","Autochek_API_Automation","autochek_api_negative.UserService.UserServiceV2Negative","PostLookUpV2Negative"
"Submit Loan Customer Preferences","406","SubmitLoanPreferencesNegative - Include Roadworthiness Fees invalid value","API_Regression_Suite","2026-03-25","failed","2026-03-25","autochek_api_negative.OfferSimulation.OfferSimulationNegative","Autochek_API_Automation","autochek_api_negative.OfferSimulation.OfferSimulationNegative","SubmitLoanPreferencesNegative"
"Validates GET /v1/inventory/car with dynamic parameters - Negative Test","0","GetCarListNegative - Pass valid field + excluded valid field together","API_Regression_Suite","2026-03-25","skipped","2026-03-25","autochek_api_negative.InventoryService.DynamicResponseNegative","Autochek_API_Automation","autochek_api_negative.InventoryService.DynamicResponseNegative","GetCarListNegative"
"Update Car and Validate Response","1","PutUpdateCar - owner_type SQL injection attempt","API_Regression_Suite","2026-03-25","skipped","2026-03-25","autochek_api_negative.DetachTyresSpecification.DetachTyresSpecificationNegative","Autochek_API_Automation","autochek_api_negative.DetachTyresSpecification.DetachTyresSpecificationNegative","PutUpdateCar"
"Negative test for Create System Config V2","1","PostSystemConfigV2 - MIN_LENGTH extremely large","API_Regression_Suite","2026-03-25","skipped","2026-03-25","autochek_api_negative.UserService.UserServiceV2Negative","Autochek_API_Automation","autochek_api_negative.UserService.UserServiceV2Negative","PostSystemConfigV2"
"","777","CreateFranchise - is_anchor = 1","API_Regression_Suite","2026-03-25","passed","2026-03-25","autochek_api_negative.UserService.UserServiceNegative","Autochek_API_Automation","autochek_api_negative.UserService.UserServiceNegative","CreateFranchise"
"Validates GET /v1/inventory/car with dynamic parameters - Positive Test","0","GetCarList - Validate nested field model.make is returned","API_Regression_Suite","2026-03-25","skipped","2026-03-25","autochek_api_positive.InventoryService.DynamicResponsePositive","Autochek_API_Automation","autochek_api_positive.InventoryService.DynamicResponsePositive","GetCarList"
"Submit Loan Customer Preferences","381","SubmitLoanPreferencesNegative - dealDiscount space","API_Regression_Suite","2026-03-25","failed","2026-03-25","autochek_api_negative.OfferSimulation.OfferSimulationNegative","Autochek_API_Automation","autochek_api_negative.OfferSimulation.OfferSimulationNegative","SubmitLoanPreferencesNegative"
"Update Car and Validate Response","0","PutUpdateCar - license_plate as SQL injection","API_Regression_Suite","2026-03-25","skipped","2026-03-25","autochek_api_negative.DetachTyresSpecification.DetachTyresSpecificationNegative","Autochek_API_Automation","autochek_api_negative.DetachTyresSpecification.DetachTyresSpecificationNegative","PutUpdateCar"
"Validates GET /v2/origination/loans with dynamic parameters - Positive Test","487","GetLoansList - country is UG","API_Regression_Suite","2026-03-25","passed","2026-03-25","autochek_api_positive.OriginationService.ResponsePayloadReductionV2APIs","Autochek_API_Automation","autochek_api_positive.OriginationService.ResponsePayloadReductionV2APIs","GetLoansList"
"","1","PostUserSignUpV2Negative - Password field is omitted from the request body","API_Regression_Suite","2026-03-25","skipped","2026-03-25","autochek_api_negative.UserService.UserServiceV2Negative","Autochek_API_Automation","autochek_api_negative.UserService.UserServiceV2Negative","PostUserSignUpV2Negative"
"","1233","CreateFranchise - display_address with symbols","API_Regression_Suite","2026-03-25","passed","2026-03-25","autochek_api_negative.UserService.UserServiceNegative","Autochek_API_Automation","autochek_api_negative.UserService.UserServiceNegative","CreateFranchise"
"Validates GET /v2/origination/sources with dynamic parameters - Negative Test","417","GetSourcesListNegative - page_size is object","API_Regression_Suite","2026-03-25","passed","2026-03-25","autochek_api_negative.OriginationService.ResponsePayloadReductionV2APIsNegative","Autochek_API_Automation","autochek_api_negative.OriginationService.ResponsePayloadReductionV2APIsNegative","GetSourcesListNegative"
"Update System Config dynamically for PASSWORD_POLICY or USER_SESSION","0","PatchSystemConfigV2 - MAX_CONCURRENT_SESSIONS array or object structure passed","API_Regression_Suite","2026-03-25","skipped","2026-03-25","autochek_api_negative.UserService.UserServiceV2Negative","Autochek_API_Automation","autochek_api_negative.UserService.UserServiceV2Negative","PatchSystemConfigV2"
"Negative test for Create System Config V2","0","PostSystemConfigV2 - DISALLOW_WHITESPACES zero value","API_Regression_Suite","2026-03-25","skipped","2026-03-25","autochek_api_negative.UserService.UserServiceV2Negative","Autochek_API_Automation","autochek_api_negative.UserService.UserServiceV2Negative","PostSystemConfigV2"
"","0","PostEnableUserV2Negative - Send very long string for userId","API_Regression_Suite","2026-03-25","skipped","2026-03-25","autochek_api_negative.UserService.UserServiceV2Negative","Autochek_API_Automation","autochek_api_negative.UserService.UserServiceV2Negative","PostEnableUserV2Negative"
"Update Car and Validate Response","0","PutUpdateCar - created_by whitespace only","API_Regression_Suite","2026-03-25","skipped","2026-03-25","autochek_api_negative.DetachTyresSpecification.DetachTyresSpecificationNegative","Autochek_API_Automation","autochek_api_negative.DetachTyresSpecification.DetachTyresSpecificationNegative","PutUpdateCar"
"","0","PostRefreshV2Negative - XSS payload in cookie","API_Regression_Suite","2026-03-25","skipped","2026-03-25","autochek_api_negative.UserService.UserServiceV2Negative","Autochek_API_Automation","autochek_api_negative.UserService.UserServiceV2Negative","PostRefreshV2Negative"
"","0","PostLoginV2Negative - Username is an empty string","API_Regression_Suite","2026-03-25","skipped","2026-03-25","autochek_api_negative.UserService.UserServiceV2Negative","Autochek_API_Automation","autochek_api_negative.UserService.UserServiceV2Negative","PostLoginV2Negative"
"Update Car and Validate Response","0","PutUpdateCar - created_by too long (100+ chars)","API_Regression_Suite","2026-03-25","skipped","2026-03-25","autochek_api_negative.DetachTyresSpecification.DetachTyresSpecificationNegative","Autochek_API_Automation","autochek_api_negative.DetachTyresSpecification.DetachTyresSpecificationNegative","PutUpdateCar"
"Submit Loan Customer Preferences","891","SubmitLoanPreferencesNegative - residualPercentage special characters","API_Regression_Suite","2026-03-25","failed","2026-03-25","autochek_api_negative.OfferSimulation.OfferSimulationNegative","Autochek_API_Automation","autochek_api_negative.OfferSimulation.OfferSimulationNegative","SubmitLoanPreferencesNegative"
"","0","PostLookUpV2Negative - Identifier has invalid phone format (missing + sign)","API_Regression_Suite","2026-03-25","skipped","2026-03-25","autochek_api_negative.UserService.UserServiceV2Negative","Autochek_API_Automation","autochek_api_negative.UserService.UserServiceV2Negative","PostLookUpV2Negative"
"","719","CreateFranchise - address as html","API_Regression_Suite","2026-03-25","passed","2026-03-25","autochek_api_negative.UserService.UserServiceNegative","Autochek_API_Automation","autochek_api_negative.UserService.UserServiceNegative","CreateFranchise"
"Create Inspection for the carID generated in Car Creation","0","PostCreateInspection - Null country","API_Regression_Suite","2026-03-25","skipped","2026-03-25","autochek_api_negative.DetachTyresSpecification.DetachTyresSpecificationNegative","Autochek_API_Automation","autochek_api_negative.DetachTyresSpecification.DetachTyresSpecificationNegative","PostCreateInspection"
"Update System Config dynamically for PASSWORD_POLICY or USER_SESSION","1","PatchSystemConfigV2 - DISALLOW_WHITESPACES string true instead of boolean","API_Regression_Suite","2026-03-25","skipped","2026-03-25","autochek_api_negative.UserService.UserServiceV2Negative","Autochek_API_Automation","autochek_api_negative.UserService.UserServiceV2Negative","PatchSystemConfigV2"
"","447","UpdateFranchise - account_bvn object","API_Regression_Suite","2026-03-25","passed","2026-03-25","autochek_api_negative.UserService.UserServiceNegative","Autochek_API_Automation","autochek_api_negative.UserService.UserServiceNegative","UpdateFranchise"
"Create Inspection for the carID generated in Car Creation","0","PostCreateInspection - Too short car_id","API_Regression_Suite","2026-03-25","skipped","2026-03-25","autochek_api_negative.DetachTyresSpecification.DetachTyresSpecificationNegative","Autochek_API_Automation","autochek_api_negative.DetachTyresSpecification.DetachTyresSpecificationNegative","PostCreateInspection"
"","441","UpdateFranchise - city ID is a negative number","API_Regression_Suite","2026-03-25","passed","2026-03-25","autochek_api_negative.UserService.UserServiceNegative","Autochek_API_Automation","autochek_api_negative.UserService.UserServiceNegative","UpdateFranchise"
"Validates GET /v1/inventory/model with dynamic parameters - Negative Test","1","GetModelListNegative - Pass unrelated entity field","API_Regression_Suite","2026-03-25","skipped","2026-03-25","autochek_api_negative.InventoryService.DynamicResponseNegative","Autochek_API_Automation","autochek_api_negative.InventoryService.DynamicResponseNegative","GetModelListNegative"
"Validates GET /v1/inventory/make with dynamic fields filtering - Positive Test","0","GetMake - Verify response returns only name, imageUrl fields (exclude id)","API_Regression_Suite","2026-03-25","skipped","2026-03-25","autochek_api_positive.InventoryService.DynamicResponsePositive","Autochek_API_Automation","autochek_api_positive.InventoryService.DynamicResponsePositive","GetMake"
"","455","UpdateFranchise - display_address whitespace only","API_Regression_Suite","2026-03-25","passed","2026-03-25","autochek_api_negative.UserService.UserServiceNegative","Autochek_API_Automation","autochek_api_negative.UserService.UserServiceNegative","UpdateFranchise"
"","439","UpdateFranchise - onboarding_source is object","API_Regression_Suite","2026-03-25","passed","2026-03-25","autochek_api_negative.UserService.UserServiceNegative","Autochek_API_Automation","autochek_api_negative.UserService.UserServiceNegative","UpdateFranchise"
"Update System Config dynamically for PASSWORD_POLICY or USER_SESSION","0","PatchSystemConfigV2 - REQUIRE_UPPERCASE empty value","API_Regression_Suite","2026-03-25","skipped","2026-03-25","autochek_api_negative.UserService.UserServiceV2Negative","Autochek_API_Automation","autochek_api_negative.UserService.UserServiceV2Negative","PatchSystemConfigV2"
"Validates GET /v1/inventory/body_type with dynamic parameters - Negative Test","0","GetBodyTypeNegative - Pass boolean instead of string","API_Regression_Suite","2026-03-25","skipped","2026-03-25","autochek_api_negative.InventoryService.DynamicResponseNegative","Autochek_API_Automation","autochek_api_negative.InventoryService.DynamicResponseNegative","GetBodyTypeNegative"
"","414","CreateFranchise - name is empty string","API_Regression_Suite","2026-03-25","passed","2026-03-25","autochek_api_negative.UserService.UserServiceNegative","Autochek_API_Automation","autochek_api_negative.UserService.UserServiceNegative","CreateFranchise"
"Submit Loan Customer Preferences","400","SubmitLoanPreferencesNegative - includeLicenceRenewalFees boolean false","API_Regression_Suite","2026-03-25","failed","2026-03-25","autochek_api_negative.OfferSimulation.OfferSimulationNegative","Autochek_API_Automation","autochek_api_negative.OfferSimulation.OfferSimulationNegative","SubmitLoanPreferencesNegative"
"","1","PatchUpdatePasswordV2Negative - XSS payload in password","API_Regression_Suite","2026-03-25","skipped","2026-03-25","autochek_api_negative.UserService.UserServiceV2Negative","Autochek_API_Automation","autochek_api_negative.UserService.UserServiceV2Negative","PatchUpdatePasswordV2Negative"
"Submit Loan Customer Preferences","396","SubmitLoanPreferencesNegative - Include Roadworthiness Fees numeric instead of Yes/No","API_Regression_Suite","2026-03-25","failed","2026-03-25","autochek_api_negative.OfferSimulation.OfferSimulationNegative","Autochek_API_Automation","autochek_api_negative.OfferSimulation.OfferSimulationNegative","SubmitLoanPreferencesNegative"
"Validates GET /v2/origination/loans/{loan_id}/accepted-offer - Negative Test","495","GetAcceptedOfferByLoanIdNegative - SQL injection with DROP statement","API_Regression_Suite","2026-03-25","passed","2026-03-25","autochek_api_negative.OriginationService.ResponsePayloadReductionV2APIsNegative","Autochek_API_Automation","autochek_api_negative.OriginationService.ResponsePayloadReductionV2APIsNegative","GetAcceptedOfferByLoanIdNegative"
"","1","GetTyreSpecsAfterUpdateCar","API_Regression_Suite","2026-03-25","skipped","2026-03-25","autochek_api_positive.DetachTyreSpecification.DetachTyreSpecificationPositive","Autochek_API_Automation","autochek_api_positive.DetachTyreSpecification.DetachTyreSpecificationPositive","GetTyreSpecsAfterUpdateCar"
"Submit Loan Customer Preferences","401","SubmitLoanPreferencesNegative - upfrontInsurance XSS attack","API_Regression_Suite","2026-03-25","failed","2026-03-25","autochek_api_negative.OfferSimulation.OfferSimulationNegative","Autochek_API_Automation","autochek_api_negative.OfferSimulation.OfferSimulationNegative","SubmitLoanPreferencesNegative"
"Submit Loan Customer Preferences","400","SubmitLoanPreferencesNegative - includeLicenceRenewalFees boolean true","API_Regression_Suite","2026-03-25","failed","2026-03-25","autochek_api_negative.OfferSimulation.OfferSimulationNegative","Autochek_API_Automation","autochek_api_negative.OfferSimulation.OfferSimulationNegative","SubmitLoanPreferencesNegative"
"Get Offer Details by LoanID","493","GetOffersByLoanIdNegative - Send loan_id as null","API_Regression_Suite","2026-03-25","passed","2026-03-25","autochek_api_negative.OriginationService.ResponsePayloadReductionV2APIsNegative","Autochek_API_Automation","autochek_api_negative.OriginationService.ResponsePayloadReductionV2APIsNegative","GetOffersByLoanIdNegative"
"","941","UpdateFranchise - address too long (256+)","API_Regression_Suite","2026-03-25","passed","2026-03-25","autochek_api_negative.UserService.UserServiceNegative","Autochek_API_Automation","autochek_api_negative.UserService.UserServiceNegative","UpdateFranchise"
"Update Car and Validate Response","1","PutUpdateCar - engine_number as empty","API_Regression_Suite","2026-03-25","skipped","2026-03-25","autochek_api_negative.DetachTyresSpecification.DetachTyresSpecificationNegative","Autochek_API_Automation","autochek_api_negative.DetachTyresSpecification.DetachTyresSpecificationNegative","PutUpdateCar"
"","0","UpdatePasswordShouldLogoutAllSessions","API_Regression_Suite","2026-03-25","skipped","2026-03-25","autochek_api_positive.UserService.UserServiceV2","Autochek_API_Automation","autochek_api_positive.UserService.UserServiceV2","UpdatePasswordShouldLogoutAllSessions"
"Submit Loan Customer Preferences","1404","SubmitLoanPreferencesNegative - Monthly Payment above max allowed","API_Regression_Suite","2026-03-25","passed","2026-03-25","autochek_api_negative.OfferSimulation.OfferSimulationNegative","Autochek_API_Automation","autochek_api_negative.OfferSimulation.OfferSimulationNegative","SubmitLoanPreferencesNegative"
"Update Car and Validate Response","0","InspectionRequest","API_Regression_Suite","2026-03-25","skipped","2026-03-25","autochek_api_negative.DetachTyresSpecification.DetachTyresSpecificationNegative","Autochek_API_Automation","autochek_api_negative.DetachTyresSpecification.DetachTyresSpecificationNegative","InspectionRequest"
"","931","UpdateFranchise - city is numeric","API_Regression_Suite","2026-03-25","passed","2026-03-25","autochek_api_negative.UserService.UserServiceNegative","Autochek_API_Automation","autochek_api_negative.UserService.UserServiceNegative","UpdateFranchise"
"","792","CreateFranchise - house_no has special characters","API_Regression_Suite","2026-03-25","passed","2026-03-25","autochek_api_negative.UserService.UserServiceNegative","Autochek_API_Automation","autochek_api_negative.UserService.UserServiceNegative","CreateFranchise"
"","797","CreateFranchise - longitude is boolean true","API_Regression_Suite","2026-03-25","passed","2026-03-25","autochek_api_negative.UserService.UserServiceNegative","Autochek_API_Automation","autochek_api_negative.UserService.UserServiceNegative","CreateFranchise"
"Update System Config dynamically for PASSWORD_POLICY or USER_SESSION","0","PatchSystemConfigV2 - REQUIRE_UPPERCASE zero value","API_Regression_Suite","2026-03-25","skipped","2026-03-25","autochek_api_negative.UserService.UserServiceV2Negative","Autochek_API_Automation","autochek_api_negative.UserService.UserServiceV2Negative","PatchSystemConfigV2"
"","441","GetFranchiseByID - encoded malicious string","API_Regression_Suite","2026-03-25","passed","2026-03-25","autochek_api_negative.UserService.UserServiceNegative","Autochek_API_Automation","autochek_api_negative.UserService.UserServiceNegative","GetFranchiseByID"
"Fetching loan by ID","515","GetLoanById","API_Regression_Suite","2026-03-25","failed","2026-03-25","autochek_api_positive.OriginationService.ResponsePayloadReductionV2APIs","Autochek_API_Automation","autochek_api_positive.OriginationService.ResponsePayloadReductionV2APIs","GetLoanById"
"","0","PostDisableUserV2Negative - Send XSS payload as token","API_Regression_Suite","2026-03-25","skipped","2026-03-25","autochek_api_negative.UserService.UserServiceV2Negative","Autochek_API_Automation","autochek_api_negative.UserService.UserServiceV2Negative","PostDisableUserV2Negative"
"Validates GET /v1/inventory/car with dynamic parameters - Positive Test","1","GetCarList - Validate both include and exclude in fields for nested model","API_Regression_Suite","2026-03-25","skipped","2026-03-25","autochek_api_positive.InventoryService.DynamicResponsePositive","Autochek_API_Automation","autochek_api_positive.InventoryService.DynamicResponsePositive","GetCarList"
"Validates GET /v2/origination/banks with dynamic parameters - Positive Test","601","GetBanksList - country is UG","API_Regression_Suite","2026-03-25","passed","2026-03-25","autochek_api_positive.OriginationService.ResponsePayloadReductionV2APIs","Autochek_API_Automation","autochek_api_positive.OriginationService.ResponsePayloadReductionV2APIs","GetBanksList"
"Negative test for Create System Config V2","0","PostSystemConfigV2 - DISALLOW_WHITESPACES decimal value","API_Regression_Suite","2026-03-25","skipped","2026-03-25","autochek_api_negative.UserService.UserServiceV2Negative","Autochek_API_Automation","autochek_api_negative.UserService.UserServiceV2Negative","PostSystemConfigV2"
"","445","UpdateFranchise - display_address long string","API_Regression_Suite","2026-03-25","passed","2026-03-25","autochek_api_negative.UserService.UserServiceNegative","Autochek_API_Automation","autochek_api_negative.UserService.UserServiceNegative","UpdateFranchise"
"Submit Loan Customer Preferences","399","SubmitLoanPreferencesNegative - includeLicenceRenewalFees unsupported option y","API_Regression_Suite","2026-03-25","failed","2026-03-25","autochek_api_negative.OfferSimulation.OfferSimulationNegative","Autochek_API_Automation","autochek_api_negative.OfferSimulation.OfferSimulationNegative","SubmitLoanPreferencesNegative"
"Submit Loan Customer Preferences","907","SubmitLoanPreferencesNegative - vehicleDiscount blank","API_Regression_Suite","2026-03-25","passed","2026-03-25","autochek_api_negative.OfferSimulation.OfferSimulationNegative","Autochek_API_Automation","autochek_api_negative.OfferSimulation.OfferSimulationNegative","SubmitLoanPreferencesNegative"
"Submit Loan Customer Preferences","400","SubmitLoanPreferencesNegative - upfrontVehicleTracking string true/false","API_Regression_Suite","2026-03-25","failed","2026-03-25","autochek_api_negative.OfferSimulation.OfferSimulationNegative","Autochek_API_Automation","autochek_api_negative.OfferSimulation.OfferSimulationNegative","SubmitLoanPreferencesNegative"
"","739","CreateFranchise - state with spaces only","API_Regression_Suite","2026-03-25","passed","2026-03-25","autochek_api_negative.UserService.UserServiceNegative","Autochek_API_Automation","autochek_api_negative.UserService.UserServiceNegative","CreateFranchise"
"Submit Loan Customer Preferences","500","SubmitLoanPreferencesNegative - Interest Rate Type empty string","API_Regression_Suite","2026-03-25","passed","2026-03-25","autochek_api_negative.OfferSimulation.OfferSimulationNegative","Autochek_API_Automation","autochek_api_negative.OfferSimulation.OfferSimulationNegative","SubmitLoanPreferencesNegative"
"Submit Loan Customer Preferences","4804","SubmitLoanPreferencesNegative - upfrontTyres string instead of boolean","API_Regression_Suite","2026-03-25","passed","2026-03-25","autochek_api_negative.OfferSimulation.OfferSimulationNegative","Autochek_API_Automation","autochek_api_negative.OfferSimulation.OfferSimulationNegative","SubmitLoanPreferencesNegative"
"","0","PostEnableUserV2Negative - Send no access token in cookie/header","API_Regression_Suite","2026-03-25","skipped","2026-03-25","autochek_api_negative.UserService.UserServiceV2Negative","Autochek_API_Automation","autochek_api_negative.UserService.UserServiceV2Negative","PostEnableUserV2Negative"
"","0","PostLogoutV2Negative - Send expired refreshToken","API_Regression_Suite","2026-03-25","skipped","2026-03-25","autochek_api_negative.UserService.UserServiceV2Negative","Autochek_API_Automation","autochek_api_negative.UserService.UserServiceV2Negative","PostLogoutV2Negative"
"Validates GET /v1/inventory/trims with dynamic parameters - Negative Test","0","GetTrimsNegative - Validate response when passing excessively long string as field","API_Regression_Suite","2026-03-25","skipped","2026-03-25","autochek_api_negative.InventoryService.DynamicResponseNegative","Autochek_API_Automation","autochek_api_negative.InventoryService.DynamicResponseNegative","GetTrimsNegative"
"Validates GET /v1/inspection with dynamic parameters - Negative Test","0","GetInspectionNegative - Pass valid field + excluded valid field together","API_Regression_Suite","2026-03-25","skipped","2026-03-25","autochek_api_negative.InventoryService.DynamicResponseNegative","Autochek_API_Automation","autochek_api_negative.InventoryService.DynamicResponseNegative","GetInspectionNegative"
"Submit Loan Customer Preferences","398","SubmitLoanPreferencesNegative - monthlyPayment zero","API_Regression_Suite","2026-03-25","failed","2026-03-25","autochek_api_negative.OfferSimulation.OfferSimulationNegative","Autochek_API_Automation","autochek_api_negative.OfferSimulation.OfferSimulationNegative","SubmitLoanPreferencesNegative"
"Validates GET /v1/inspection with dynamic parameters - Positive Test","0","GetInspection - Validate only car(model) field is returned","API_Regression_Suite","2026-03-25","skipped","2026-03-25","autochek_api_positive.InventoryService.DynamicResponsePositive","Autochek_API_Automation","autochek_api_positive.InventoryService.DynamicResponsePositive","GetInspection"
"Create Inspection for the carID generated in Car Creation","0","PostCreateInspection - Script injection attempt in value","API_Regression_Suite","2026-03-25","skipped","2026-03-25","autochek_api_negative.DetachTyresSpecification.DetachTyresSpecificationNegative","Autochek_API_Automation","autochek_api_negative.DetachTyresSpecification.DetachTyresSpecificationNegative","PostCreateInspection"
"Delete USER_SESSION and PASSWORD_POLICY using stored IDs","0","deleteSystemConfigs - Delete with invalid ID (non-existing numeric ID)","API_Regression_Suite","2026-03-25","skipped","2026-03-25","autochek_api_negative.UserService.UserServiceV2Negative","Autochek_API_Automation","autochek_api_negative.UserService.UserServiceV2Negative","deleteSystemConfigs"
"Validates GET /v1/inventory/make with dynamic fields filtering","1","GetMakeNegative - Pass completely invalid field","API_Regression_Suite","2026-03-25","skipped","2026-03-25","autochek_api_negative.InventoryService.DynamicResponseNegative","Autochek_API_Automation","autochek_api_negative.InventoryService.DynamicResponseNegative","GetMakeNegative"
"","419","GetFranchiseList - all params as empty string","API_Regression_Suite","2026-03-25","passed","2026-03-25","autochek_api_negative.UserService.UserServiceNegative","Autochek_API_Automation","autochek_api_negative.UserService.UserServiceNegative","GetFranchiseList"
"Update System Config dynamically for PASSWORD_POLICY or USER_SESSION","0","PatchSystemConfigV2 - MIN_LENGTH greater than MAX_LENGTH","API_Regression_Suite","2026-03-25","skipped","2026-03-25","autochek_api_negative.UserService.UserServiceV2Negative","Autochek_API_Automation","autochek_api_negative.UserService.UserServiceV2Negative","PatchSystemConfigV2"
"Validates GET /v2/origination/banks with dynamic parameters - Positive Test","513","GetBanksList - country is KE","API_Regression_Suite","2026-03-25","passed","2026-03-25","autochek_api_positive.OriginationService.ResponsePayloadReductionV2APIs","Autochek_API_Automation","autochek_api_positive.OriginationService.ResponsePayloadReductionV2APIs","GetBanksList"
"","713","CreateFranchise - longitude is string","API_Regression_Suite","2026-03-25","passed","2026-03-25","autochek_api_negative.UserService.UserServiceNegative","Autochek_API_Automation","autochek_api_negative.UserService.UserServiceNegative","CreateFranchise"
"Update Car and Validate Response","0","PutUpdateCar - is_upgraded as SQL injection attempt","API_Regression_Suite","2026-03-25","skipped","2026-03-25","autochek_api_negative.DetachTyresSpecification.DetachTyresSpecificationNegative","Autochek_API_Automation","autochek_api_negative.DetachTyresSpecification.DetachTyresSpecificationNegative","PutUpdateCar"
"Validates GET /v1/inventory/trims with dynamic parameters - Negative Test","0","GetTrimsNegative - Validate response when passing SQL keyword as field","API_Regression_Suite","2026-03-25","skipped","2026-03-25","autochek_api_negative.InventoryService.DynamicResponseNegative","Autochek_API_Automation","autochek_api_negative.InventoryService.DynamicResponseNegative","GetTrimsNegative"
"Update Car and Validate Response","0","PutUpdateCar - state with special characters","API_Regression_Suite","2026-03-25","skipped","2026-03-25","autochek_api_negative.DetachTyresSpecification.DetachTyresSpecificationNegative","Autochek_API_Automation","autochek_api_negative.DetachTyresSpecification.DetachTyresSpecificationNegative","PutUpdateCar"
"","444","UpdateFranchise - phone in international format with +","API_Regression_Suite","2026-03-25","passed","2026-03-25","autochek_api_negative.UserService.UserServiceNegative","Autochek_API_Automation","autochek_api_negative.UserService.UserServiceNegative","UpdateFranchise"
"Validates GET /v1/inventory/car with dynamic parameters - Negative Test","1","GetCarListNegative - Pass non-existing relation","API_Regression_Suite","2026-03-25","skipped","2026-03-25","autochek_api_negative.InventoryService.DynamicResponseNegative","Autochek_API_Automation","autochek_api_negative.InventoryService.DynamicResponseNegative","GetCarListNegative"
"Submit Loan Customer Preferences","403","SubmitLoanPreferencesNegative - upfrontCreditLifeInsurance wrong string false","API_Regression_Suite","2026-03-25","failed","2026-03-25","autochek_api_negative.OfferSimulation.OfferSimulationNegative","Autochek_API_Automation","autochek_api_negative.OfferSimulation.OfferSimulationNegative","SubmitLoanPreferencesNegative"
"","0","PostEnableUserV2Negative - Omit userId field entirely","API_Regression_Suite","2026-03-25","skipped","2026-03-25","autochek_api_negative.UserService.UserServiceV2Negative","Autochek_API_Automation","autochek_api_negative.UserService.UserServiceV2Negative","PostEnableUserV2Negative"
"","0","PostUserSignUpV2Negative - Country is null","API_Regression_Suite","2026-03-25","skipped","2026-03-25","autochek_api_negative.UserService.UserServiceV2Negative","Autochek_API_Automation","autochek_api_negative.UserService.UserServiceV2Negative","PostUserSignUpV2Negative"
"Validates GET /v1/inventory/model with dynamic parameters - Negative Test","0","GetModelListNegative - Pass invalid relation name","API_Regression_Suite","2026-03-25","skipped","2026-03-25","autochek_api_negative.InventoryService.DynamicResponseNegative","Autochek_API_Automation","autochek_api_negative.InventoryService.DynamicResponseNegative","GetModelListNegative"
"Create Inspection for the carID generated in Car Creation","1","PostCreateInspection - Null location value","API_Regression_Suite","2026-03-25","skipped","2026-03-25","autochek_api_negative.DetachTyresSpecification.DetachTyresSpecificationNegative","Autochek_API_Automation","autochek_api_negative.DetachTyresSpecification.DetachTyresSpecificationNegative","PostCreateInspection"
"Submit Loan Customer Preferences","401","SubmitLoanPreferencesNegative - monthlyPayment spaces only","API_Regression_Suite","2026-03-25","failed","2026-03-25","autochek_api_negative.OfferSimulation.OfferSimulationNegative","Autochek_API_Automation","autochek_api_negative.OfferSimulation.OfferSimulationNegative","SubmitLoanPreferencesNegative"
"","761","CreateFranchise - street_name is special characters","API_Regression_Suite","2026-03-25","passed","2026-03-25","autochek_api_negative.UserService.UserServiceNegative","Autochek_API_Automation","autochek_api_negative.UserService.UserServiceNegative","CreateFranchise"
"Fetching loan by ID","472","GetLoanByIdNegative - Send loan_id as random alphanumeric invalid format","API_Regression_Suite","2026-03-25","passed","2026-03-25","autochek_api_negative.OriginationService.ResponsePayloadReductionV2APIsNegative","Autochek_API_Automation","autochek_api_negative.OriginationService.ResponsePayloadReductionV2APIsNegative","GetLoanByIdNegative"
"","427","UpdateFranchise - onboarding_source is array","API_Regression_Suite","2026-03-25","passed","2026-03-25","autochek_api_negative.UserService.UserServiceNegative","Autochek_API_Automation","autochek_api_negative.UserService.UserServiceNegative","UpdateFranchise"
"","1","PostDisableUserV2Negative - Send empty userId value","API_Regression_Suite","2026-03-25","skipped","2026-03-25","autochek_api_negative.UserService.UserServiceV2Negative","Autochek_API_Automation","autochek_api_negative.UserService.UserServiceV2Negative","PostDisableUserV2Negative"
"Validates GET /v1/inventory/model with dynamic parameters - Negative Test","1","GetModelListNegative - Pass numeric as field","API_Regression_Suite","2026-03-25","skipped","2026-03-25","autochek_api_negative.InventoryService.DynamicResponseNegative","Autochek_API_Automation","autochek_api_negative.InventoryService.DynamicResponseNegative","GetModelListNegative"
"","914","CreateFranchise - account_bvn float","API_Regression_Suite","2026-03-25","passed","2026-03-25","autochek_api_negative.UserService.UserServiceNegative","Autochek_API_Automation","autochek_api_negative.UserService.UserServiceNegative","CreateFranchise"
"Create Inspection for the carID generated in Car Creation","1","PostCreateInspection - Null inspection_type value","API_Regression_Suite","2026-03-25","skipped","2026-03-25","autochek_api_negative.DetachTyresSpecification.DetachTyresSpecificationNegative","Autochek_API_Automation","autochek_api_negative.DetachTyresSpecification.DetachTyresSpecificationNegative","PostCreateInspection"
"","0","PostDisableUserV2Negative - Send userId containing special characters","API_Regression_Suite","2026-03-25","skipped","2026-03-25","autochek_api_negative.UserService.UserServiceV2Negative","Autochek_API_Automation","autochek_api_negative.UserService.UserServiceV2Negative","PostDisableUserV2Negative"
"Submit Loan Customer Preferences","401","SubmitLoanPreferencesNegative - upfrontVehicleTracking long random string","API_Regression_Suite","2026-03-25","failed","2026-03-25","autochek_api_negative.OfferSimulation.OfferSimulationNegative","Autochek_API_Automation","autochek_api_negative.OfferSimulation.OfferSimulationNegative","SubmitLoanPreferencesNegative"
"","0","PostEnableUserV2Negative - Send SQL injection string as token","API_Regression_Suite","2026-03-25","skipped","2026-03-25","autochek_api_negative.UserService.UserServiceV2Negative","Autochek_API_Automation","autochek_api_negative.UserService.UserServiceV2Negative","PostEnableUserV2Negative"
"","939","UpdateFranchise - account_bvn boolean","API_Regression_Suite","2026-03-25","passed","2026-03-25","autochek_api_negative.UserService.UserServiceNegative","Autochek_API_Automation","autochek_api_negative.UserService.UserServiceNegative","UpdateFranchise"
"Update System Config dynamically for PASSWORD_POLICY or USER_SESSION","0","PatchSystemConfigV2 - DISALLOW_WHITESPACES array structure passed","API_Regression_Suite","2026-03-25","skipped","2026-03-25","autochek_api_negative.UserService.UserServiceV2Negative","Autochek_API_Automation","autochek_api_negative.UserService.UserServiceV2Negative","PatchSystemConfigV2"
"Update Car and Validate Response","0","PutUpdateCar - owner_type numeric value","API_Regression_Suite","2026-03-25","skipped","2026-03-25","autochek_api_negative.DetachTyresSpecification.DetachTyresSpecificationNegative","Autochek_API_Automation","autochek_api_negative.DetachTyresSpecification.DetachTyresSpecificationNegative","PutUpdateCar"
"Validates GET /v1/inventory/model with dynamic parameters - Negative Test","0","GetModelListNegative - Pass array instead of CSV","API_Regression_Suite","2026-03-25","skipped","2026-03-25","autochek_api_negative.InventoryService.DynamicResponseNegative","Autochek_API_Automation","autochek_api_negative.InventoryService.DynamicResponseNegative","GetModelListNegative"
"Submit Loan Customer Preferences","4196","SubmitLoanPreferencesNegative - upfrontWarranty unsupported plan name","API_Regression_Suite","2026-03-25","passed","2026-03-25","autochek_api_negative.OfferSimulation.OfferSimulationNegative","Autochek_API_Automation","autochek_api_negative.OfferSimulation.OfferSimulationNegative","SubmitLoanPreferencesNegative"
"Validates GET /v1/inventory/car with dynamic parameters - Negative Test","0","GetCarListNegative - Validate API fails when using special characters in fields","API_Regression_Suite","2026-03-25","skipped","2026-03-25","autochek_api_negative.InventoryService.DynamicResponseNegative","Autochek_API_Automation","autochek_api_negative.InventoryService.DynamicResponseNegative","GetCarListNegative"
"","442","UpdateFranchise - longitude is null","API_Regression_Suite","2026-03-25","passed","2026-03-25","autochek_api_negative.UserService.UserServiceNegative","Autochek_API_Automation","autochek_api_negative.UserService.UserServiceNegative","UpdateFranchise"
"Validates GET /v1/franchise with dynamic parameters - Positive Test","1528","GetFranchiseList - valid request where page_size is at a boundary value (10)","API_Regression_Suite","2026-03-25","passed","2026-03-25","autochek_api_positive.UserService.UserService","Autochek_API_Automation","autochek_api_positive.UserService.UserService","GetFranchiseList"
"Validates GET /v2/origination/sources with dynamic parameters - Negative Test","506","GetSourcesListNegative - country is longer than 2 chars","API_Regression_Suite","2026-03-25","passed","2026-03-25","autochek_api_negative.OriginationService.ResponsePayloadReductionV2APIsNegative","Autochek_API_Automation","autochek_api_negative.OriginationService.ResponsePayloadReductionV2APIsNegative","GetSourcesListNegative"
"","425","UpdateFranchise - account_name special chars","API_Regression_Suite","2026-03-25","passed","2026-03-25","autochek_api_negative.UserService.UserServiceNegative","Autochek_API_Automation","autochek_api_negative.UserService.UserServiceNegative","UpdateFranchise"
"","405","GetFranchiseList - status is null","API_Regression_Suite","2026-03-25","passed","2026-03-25","autochek_api_negative.UserService.UserServiceNegative","Autochek_API_Automation","autochek_api_negative.UserService.UserServiceNegative","GetFranchiseList"
"","440","UpdateFranchise - account_name is null","API_Regression_Suite","2026-03-25","passed","2026-03-25","autochek_api_negative.UserService.UserServiceNegative","Autochek_API_Automation","autochek_api_negative.UserService.UserServiceNegative","UpdateFranchise"
"","431","CreateFranchise - owner with new line characters","API_Regression_Suite","2026-03-25","passed","2026-03-25","autochek_api_negative.UserService.UserServiceNegative","Autochek_API_Automation","autochek_api_negative.UserService.UserServiceNegative","CreateFranchise"
"","0","PostLogoutAllAdminNegative - userId as boolean true","API_Regression_Suite","2026-03-25","skipped","2026-03-25","autochek_api_negative.UserService.UserServiceV2Negative","Autochek_API_Automation","autochek_api_negative.UserService.UserServiceV2Negative","PostLogoutAllAdminNegative"
"","454","UpdateFranchise - account_bvn special characters","API_Regression_Suite","2026-03-25","passed","2026-03-25","autochek_api_negative.UserService.UserServiceNegative","Autochek_API_Automation","autochek_api_negative.UserService.UserServiceNegative","UpdateFranchise"
"Create Inspection for the carID generated in Car Creation","0","PostCreateInspection - Decimal number for id","API_Regression_Suite","2026-03-25","skipped","2026-03-25","autochek_api_negative.DetachTyresSpecification.DetachTyresSpecificationNegative","Autochek_API_Automation","autochek_api_negative.DetachTyresSpecification.DetachTyresSpecificationNegative","PostCreateInspection"
"","434","UpdateFranchise - onboarding_source is boolean true","API_Regression_Suite","2026-03-25","passed","2026-03-25","autochek_api_negative.UserService.UserServiceNegative","Autochek_API_Automation","autochek_api_negative.UserService.UserServiceNegative","UpdateFranchise"
"","448","UpdateFranchise - owner with tab character","API_Regression_Suite","2026-03-25","passed","2026-03-25","autochek_api_negative.UserService.UserServiceNegative","Autochek_API_Automation","autochek_api_negative.UserService.UserServiceNegative","UpdateFranchise"
"Submit Loan Customer Preferences","404","SubmitLoanPreferencesNegative - includeLicenceRenewalFees spaces only","API_Regression_Suite","2026-03-25","failed","2026-03-25","autochek_api_negative.OfferSimulation.OfferSimulationNegative","Autochek_API_Automation","autochek_api_negative.OfferSimulation.OfferSimulationNegative","SubmitLoanPreferencesNegative"
"","452","UpdateFranchise - account_bvn empty string","API_Regression_Suite","2026-03-25","passed","2026-03-25","autochek_api_negative.UserService.UserServiceNegative","Autochek_API_Automation","autochek_api_negative.UserService.UserServiceNegative","UpdateFranchise"
"","710","CreateFranchise - is_anchor = []","API_Regression_Suite","2026-03-25","passed","2026-03-25","autochek_api_negative.UserService.UserServiceNegative","Autochek_API_Automation","autochek_api_negative.UserService.UserServiceNegative","CreateFranchise"
"Update Car and Validate Response","0","PutUpdateCar - created_by as null","API_Regression_Suite","2026-03-25","skipped","2026-03-25","autochek_api_negative.DetachTyresSpecification.DetachTyresSpecificationNegative","Autochek_API_Automation","autochek_api_negative.DetachTyresSpecification.DetachTyresSpecificationNegative","PutUpdateCar"
"Fetching loan by ID","527","GetLoanByIdNegative - Send loan_id as empty string","API_Regression_Suite","2026-03-25","passed","2026-03-25","autochek_api_negative.OriginationService.ResponsePayloadReductionV2APIsNegative","Autochek_API_Automation","autochek_api_negative.OriginationService.ResponsePayloadReductionV2APIsNegative","GetLoanByIdNegative"
"","501","UpdateFranchise - owner has leading/trailing whitespaces","API_Regression_Suite","2026-03-25","passed","2026-03-25","autochek_api_negative.UserService.UserServiceNegative","Autochek_API_Automation","autochek_api_negative.UserService.UserServiceNegative","UpdateFranchise"
"Update System Config dynamically for PASSWORD_POLICY or USER_SESSION","0","PatchSystemConfigV2 - MIN_LENGTH null","API_Regression_Suite","2026-03-25","skipped","2026-03-25","autochek_api_negative.UserService.UserServiceV2Negative","Autochek_API_Automation","autochek_api_negative.UserService.UserServiceV2Negative","PatchSystemConfigV2"
"Submit Loan Customer Preferences","64762","SubmitLoanPreferencesNegative - upfrontWarranty null","API_Regression_Suite","2026-03-25","passed","2026-03-25","autochek_api_negative.OfferSimulation.OfferSimulationNegative","Autochek_API_Automation","autochek_api_negative.OfferSimulation.OfferSimulationNegative","SubmitLoanPreferencesNegative"
"","1509","CreateFranchise - latitude = whitespace","API_Regression_Suite","2026-03-25","passed","2026-03-25","autochek_api_negative.UserService.UserServiceNegative","Autochek_API_Automation","autochek_api_negative.UserService.UserServiceNegative","CreateFranchise"
"","0","PostUserSignUpV2Negative - Invalid email format","API_Regression_Suite","2026-03-25","skipped","2026-03-25","autochek_api_negative.UserService.UserServiceV2Negative","Autochek_API_Automation","autochek_api_negative.UserService.UserServiceV2Negative","PostUserSignUpV2Negative"
"Submit Loan Customer Preferences","396","SubmitLoanPreferencesNegative - Include Licence Renewal Fees invalid value","API_Regression_Suite","2026-03-25","failed","2026-03-25","autochek_api_negative.OfferSimulation.OfferSimulationNegative","Autochek_API_Automation","autochek_api_negative.OfferSimulation.OfferSimulationNegative","SubmitLoanPreferencesNegative"
"Validates GET /v1/inventory/obds with dynamic parameters - Negative Test","0","GetObdsNegative - SQL comment injection","API_Regression_Suite","2026-03-25","skipped","2026-03-25","autochek_api_negative.InventoryService.DynamicResponseNegative","Autochek_API_Automation","autochek_api_negative.InventoryService.DynamicResponseNegative","GetObdsNegative"
"Validates GET /v2/origination/sources with dynamic parameters - Negative Test","499","GetBanksListNegative - country is array","API_Regression_Suite","2026-03-25","passed","2026-03-25","autochek_api_negative.OriginationService.ResponsePayloadReductionV2APIsNegative","Autochek_API_Automation","autochek_api_negative.OriginationService.ResponsePayloadReductionV2APIsNegative","GetBanksListNegative"
"","0","PostLogoutAllAdminNegative - userId as random alphanumeric","API_Regression_Suite","2026-03-25","skipped","2026-03-25","autochek_api_negative.UserService.UserServiceV2Negative","Autochek_API_Automation","autochek_api_negative.UserService.UserServiceV2Negative","PostLogoutAllAdminNegative"
"Update System Config dynamically for PASSWORD_POLICY or USER_SESSION","0","PatchSystemConfigV2 - REQUIRE_SPECIAL_CHAR decimal value","API_Regression_Suite","2026-03-25","skipped","2026-03-25","autochek_api_negative.UserService.UserServiceV2Negative","Autochek_API_Automation","autochek_api_negative.UserService.UserServiceV2Negative","PatchSystemConfigV2"
"Validates GET /v2/origination/loans/{loan_id}/logbook/car-details - Negative Test","499","GetLogbookCarDetailsByLoanIdNegative - Send loan_id as null","API_Regression_Suite","2026-03-25","passed","2026-03-25","autochek_api_negative.OriginationService.ResponsePayloadReductionV2APIsNegative","Autochek_API_Automation","autochek_api_negative.OriginationService.ResponsePayloadReductionV2APIsNegative","GetLogbookCarDetailsByLoanIdNegative"
"","0","PostUserSignUpV2Negative - UserType field is omitted from the request body","API_Regression_Suite","2026-03-25","skipped","2026-03-25","autochek_api_negative.UserService.UserServiceV2Negative","Autochek_API_Automation","autochek_api_negative.UserService.UserServiceV2Negative","PostUserSignUpV2Negative"
"Update System Config dynamically for PASSWORD_POLICY or USER_SESSION","0","PatchSystemConfigV2 - MAX_LENGTH non-numeric","API_Regression_Suite","2026-03-25","skipped","2026-03-25","autochek_api_negative.UserService.UserServiceV2Negative","Autochek_API_Automation","autochek_api_negative.UserService.UserServiceV2Negative","PatchSystemConfigV2"
"Validates GET /v2/origination/partners with dynamic parameters - Positive Test","9674","GetPartnersListNegative - country is null","API_Regression_Suite","2026-03-25","passed","2026-03-25","autochek_api_negative.OriginationService.ResponsePayloadReductionV2APIsNegative","Autochek_API_Automation","autochek_api_negative.OriginationService.ResponsePayloadReductionV2APIsNegative","GetPartnersListNegative"
"Validates GET /v1/inventory/obds with dynamic parameters - Negative Test","0","GetObdsNegative - Pass special characters","API_Regression_Suite","2026-03-25","skipped","2026-03-25","autochek_api_negative.InventoryService.DynamicResponseNegative","Autochek_API_Automation","autochek_api_negative.InventoryService.DynamicResponseNegative","GetObdsNegative"
"Validates GET /v1/inventory/car with dynamic parameters - Positive Test","0","GetCarList - Validate exclusion of model.name field","API_Regression_Suite","2026-03-25","skipped","2026-03-25","autochek_api_positive.InventoryService.DynamicResponsePositive","Autochek_API_Automation","autochek_api_positive.InventoryService.DynamicResponsePositive","GetCarList"
"Update System Config dynamically for PASSWORD_POLICY or USER_SESSION","0","PatchSystemConfigV2 - REQUIRE_SPECIAL_CHAR null value","API_Regression_Suite","2026-03-25","skipped","2026-03-25","autochek_api_negative.UserService.UserServiceV2Negative","Autochek_API_Automation","autochek_api_negative.UserService.UserServiceV2Negative","PatchSystemConfigV2"
"Get Offer Details by OfferID","523","GetOffersByIdNegative - Send offer_id as random alphanumeric invalid format","API_Regression_Suite","2026-03-25","passed","2026-03-25","autochek_api_negative.OriginationService.ResponsePayloadReductionV2APIsNegative","Autochek_API_Automation","autochek_api_negative.OriginationService.ResponsePayloadReductionV2APIsNegative","GetOffersByIdNegative"
"Update System Config dynamically for PASSWORD_POLICY or USER_SESSION","0","PatchSystemConfigV2 - DISALLOW_WHITESPACES empty value","API_Regression_Suite","2026-03-25","skipped","2026-03-25","autochek_api_negative.UserService.UserServiceV2Negative","Autochek_API_Automation","autochek_api_negative.UserService.UserServiceV2Negative","PatchSystemConfigV2"
"","1","PostEnableUserV2 - Send valid existing and disabled userId","API_Regression_Suite","2026-03-25","skipped","2026-03-25","autochek_api_positive.UserService.UserServiceV2","Autochek_API_Automation","autochek_api_positive.UserService.UserServiceV2","PostEnableUserV2"
"Submit Loan Customer Preferences","16299","SubmitLoanPreferencesNegative - requestedWarrantyPlan SQL injection","API_Regression_Suite","2026-03-25","passed","2026-03-25","autochek_api_negative.OfferSimulation.OfferSimulationNegative","Autochek_API_Automation","autochek_api_negative.OfferSimulation.OfferSimulationNegative","SubmitLoanPreferencesNegative"
"","718","CreateFranchise - account_bvn too long","API_Regression_Suite","2026-03-25","passed","2026-03-25","autochek_api_negative.UserService.UserServiceNegative","Autochek_API_Automation","autochek_api_negative.UserService.UserServiceNegative","CreateFranchise"
"","2123","CreateFranchise - city is numeric","API_Regression_Suite","2026-03-25","passed","2026-03-25","autochek_api_negative.UserService.UserServiceNegative","Autochek_API_Automation","autochek_api_negative.UserService.UserServiceNegative","CreateFranchise"
"Negative test for Create System Config V2","0","PostSystemConfigV2 - MAX_LENGTH negative","API_Regression_Suite","2026-03-25","skipped","2026-03-25","autochek_api_negative.UserService.UserServiceV2Negative","Autochek_API_Automation","autochek_api_negative.UserService.UserServiceV2Negative","PostSystemConfigV2"
"","430","UpdateFranchise - address is empty","API_Regression_Suite","2026-03-25","passed","2026-03-25","autochek_api_negative.UserService.UserServiceNegative","Autochek_API_Automation","autochek_api_negative.UserService.UserServiceNegative","UpdateFranchise"
"","0","PostRefreshV2Negative - Send empty refresh token cookie","API_Regression_Suite","2026-03-25","skipped","2026-03-25","autochek_api_negative.UserService.UserServiceV2Negative","Autochek_API_Automation","autochek_api_negative.UserService.UserServiceV2Negative","PostRefreshV2Negative"
"Negative test for Create System Config V2","0","PostSystemConfigV2 - MIN_LENGTH non-numeric","API_Regression_Suite","2026-03-25","skipped","2026-03-25","autochek_api_negative.UserService.UserServiceV2Negative","Autochek_API_Automation","autochek_api_negative.UserService.UserServiceV2Negative","PostSystemConfigV2"
"Submit Loan Customer Preferences","689","SubmitLoanPreferencesNegative - Desired Loan Currency unsupported","API_Regression_Suite","2026-03-25","passed","2026-03-25","autochek_api_negative.OfferSimulation.OfferSimulationNegative","Autochek_API_Automation","autochek_api_negative.OfferSimulation.OfferSimulationNegative","SubmitLoanPreferencesNegative"
"Update System Config dynamically for PASSWORD_POLICY or USER_SESSION","0","PatchSystemConfigV2 - REQUIRE_SPECIAL_CHAR object structure passed","API_Regression_Suite","2026-03-25","skipped","2026-03-25","autochek_api_negative.UserService.UserServiceV2Negative","Autochek_API_Automation","autochek_api_negative.UserService.UserServiceV2Negative","PatchSystemConfigV2"
"","1","PostLogoutV2Negative - Send random alphanumeric string as refreshToken","API_Regression_Suite","2026-03-25","skipped","2026-03-25","autochek_api_negative.UserService.UserServiceV2Negative","Autochek_API_Automation","autochek_api_negative.UserService.UserServiceV2Negative","PostLogoutV2Negative"
"Validates GET /v1/inspection with dynamic parameters - Negative Test","0","GetInspectionNegative - Pass nested relation not supported","API_Regression_Suite","2026-03-25","skipped","2026-03-25","autochek_api_negative.InventoryService.DynamicResponseNegative","Autochek_API_Automation","autochek_api_negative.InventoryService.DynamicResponseNegative","GetInspectionNegative"
"Update System Config dynamically for PASSWORD_POLICY or USER_SESSION","1","PatchSystemConfigV2 - MIN_LENGTH zero","API_Regression_Suite","2026-03-25","skipped","2026-03-25","autochek_api_negative.UserService.UserServiceV2Negative","Autochek_API_Automation","autochek_api_negative.UserService.UserServiceV2Negative","PatchSystemConfigV2"
"","443","UpdateFranchise - account_number too short","API_Regression_Suite","2026-03-25","passed","2026-03-25","autochek_api_negative.UserService.UserServiceNegative","Autochek_API_Automation","autochek_api_negative.UserService.UserServiceNegative","UpdateFranchise"
"Create Inspection for the carID generated in Car Creation","0","PostCreateInspection - Only longitude without latitude","API_Regression_Suite","2026-03-25","skipped","2026-03-25","autochek_api_negative.DetachTyresSpecification.DetachTyresSpecificationNegative","Autochek_API_Automation","autochek_api_negative.DetachTyresSpecification.DetachTyresSpecificationNegative","PostCreateInspection"
"","0","PostLoginV2 - Verify user can successfully login with valid username and password","API_Regression_Suite","2026-03-25","skipped","2026-03-25","autochek_api_positive.UserService.UserServiceV2","Autochek_API_Automation","autochek_api_positive.UserService.UserServiceV2","PostLoginV2"
"Submit Loan Customer Preferences","4289","SubmitLoanPreferencesNegative - upfrontWarranty boolean instead of string","API_Regression_Suite","2026-03-25","passed","2026-03-25","autochek_api_negative.OfferSimulation.OfferSimulationNegative","Autochek_API_Automation","autochek_api_negative.OfferSimulation.OfferSimulationNegative","SubmitLoanPreferencesNegative"
"Validates GET /v1/inventory/obds with dynamic parameters - Negative Test","1","GetObdsNegative - Pass numeric value instead of string","API_Regression_Suite","2026-03-25","skipped","2026-03-25","autochek_api_negative.InventoryService.DynamicResponseNegative","Autochek_API_Automation","autochek_api_negative.InventoryService.DynamicResponseNegative","GetObdsNegative"
"Update Car and Validate Response","0","PutUpdateCar - created_by SQL injection attempt","API_Regression_Suite","2026-03-25","skipped","2026-03-25","autochek_api_negative.DetachTyresSpecification.DetachTyresSpecificationNegative","Autochek_API_Automation","autochek_api_negative.DetachTyresSpecification.DetachTyresSpecificationNegative","PutUpdateCar"
"Validates GET /v1/inventory/model with dynamic parameters - Positive Test","1","GetModelList - Validate only id field is returned","API_Regression_Suite","2026-03-25","skipped","2026-03-25","autochek_api_positive.InventoryService.DynamicResponsePositive","Autochek_API_Automation","autochek_api_positive.InventoryService.DynamicResponsePositive","GetModelList"
"Delete USER_SESSION and PASSWORD_POLICY using stored IDs","0","deleteSystemConfigs","API_Regression_Suite","2026-03-25","skipped","2026-03-25","autochek_api_negative.UserService.UserServiceV2Negative","Autochek_API_Automation","autochek_api_negative.UserService.UserServiceV2Negative","deleteSystemConfigs"
"","1","PostLogoutV2Negative - Send expired refresh token in cookie","API_Regression_Suite","2026-03-25","skipped","2026-03-25","autochek_api_negative.UserService.UserServiceV2Negative","Autochek_API_Automation","autochek_api_negative.UserService.UserServiceV2Negative","PostLogoutV2Negative"
"","1","PostLogoutV2Negative - Send no value in refreshToken feild","API_Regression_Suite","2026-03-25","skipped","2026-03-25","autochek_api_negative.UserService.UserServiceV2Negative","Autochek_API_Automation","autochek_api_negative.UserService.UserServiceV2Negative","PostLogoutV2Negative"
"","1","PostLogoutV2Negative - Missing refresh token incookie","API_Regression_Suite","2026-03-25","skipped","2026-03-25","autochek_api_negative.UserService.UserServiceV2Negative","Autochek_API_Automation","autochek_api_negative.UserService.UserServiceV2Negative","PostLogoutV2Negative"
"Update Car and Validate Response","0","PutUpdateCar - license_plate as null","API_Regression_Suite","2026-03-25","skipped","2026-03-25","autochek_api_negative.DetachTyresSpecification.DetachTyresSpecificationNegative","Autochek_API_Automation","autochek_api_negative.DetachTyresSpecification.DetachTyresSpecificationNegative","PutUpdateCar"
"","0","PostLogoutAllAdminNegative - Send no access token in cookie/header","API_Regression_Suite","2026-03-25","skipped","2026-03-25","autochek_api_negative.UserService.UserServiceV2Negative","Autochek_API_Automation","autochek_api_negative.UserService.UserServiceV2Negative","PostLogoutAllAdminNegative"
"Create Car and Validate Response","0","CreateCar - Verify car creation with cc_measurement = 1.6","API_Regression_Suite","2026-03-25","skipped","2026-03-25","autochek_api_positive.DetachTyreSpecification.DetachTyreSpecificationPositive","Autochek_API_Automation","autochek_api_positive.DetachTyreSpecification.DetachTyreSpecificationPositive","CreateCar"
"Create Inspection for the carID generated in Car Creation","0","PostCreateInspection - Leading/trailing spaces","API_Regression_Suite","2026-03-25","skipped","2026-03-25","autochek_api_negative.DetachTyresSpecification.DetachTyresSpecificationNegative","Autochek_API_Automation","autochek_api_negative.DetachTyresSpecification.DetachTyresSpecificationNegative","PostCreateInspection"
"Validates GET /v1/inventory/car with dynamic parameters - Negative Test","0","GetCarListNegative - Pass numeric value in fields","API_Regression_Suite","2026-03-25","skipped","2026-03-25","autochek_api_negative.InventoryService.DynamicResponseNegative","Autochek_API_Automation","autochek_api_negative.InventoryService.DynamicResponseNegative","GetCarListNegative"
"","0","PostLookUpV2Negative - Identifier is null","API_Regression_Suite","2026-03-25","skipped","2026-03-25","autochek_api_negative.UserService.UserServiceV2Negative","Autochek_API_Automation","autochek_api_negative.UserService.UserServiceV2Negative","PostLookUpV2Negative"
"","2016","CreateFranchise - latitude = false","API_Regression_Suite","2026-03-25","passed","2026-03-25","autochek_api_negative.UserService.UserServiceNegative","Autochek_API_Automation","autochek_api_negative.UserService.UserServiceNegative","CreateFranchise"
"Delete USER_SESSION and PASSWORD_POLICY using stored IDs","0","deleteSystemConfigs - Delete with special characters as ID","API_Regression_Suite","2026-03-25","skipped","2026-03-25","autochek_api_negative.UserService.UserServiceV2Negative","Autochek_API_Automation","autochek_api_negative.UserService.UserServiceV2Negative","deleteSystemConfigs"
"Validates GET /v2/origination/banks with dynamic parameters - Positive Test","590","GetBanksList - country is GH","API_Regression_Suite","2026-03-25","passed","2026-03-25","autochek_api_positive.OriginationService.ResponsePayloadReductionV2APIs","Autochek_API_Automation","autochek_api_positive.OriginationService.ResponsePayloadReductionV2APIs","GetBanksList"
"","730","CreateFranchise - phone in international format with +","API_Regression_Suite","2026-03-25","passed","2026-03-25","autochek_api_negative.UserService.UserServiceNegative","Autochek_API_Automation","autochek_api_negative.UserService.UserServiceNegative","CreateFranchise"
"Accept Simulation Offer","430","AcceptOfferNegative - Send loan_id as empty string","API_Regression_Suite","2026-03-25","passed","2026-03-25","autochek_api_negative.OfferSimulation.OfferSimulationNegative","Autochek_API_Automation","autochek_api_negative.OfferSimulation.OfferSimulationNegative","AcceptOfferNegative"
"","588","UpdateFranchise - name is null","API_Regression_Suite","2026-03-25","passed","2026-03-25","autochek_api_negative.UserService.UserServiceNegative","Autochek_API_Automation","autochek_api_negative.UserService.UserServiceNegative","UpdateFranchise"
"Submit Loan Customer Preferences","454","SubmitLoanPreferencesNegative - feePaymentMethod boolean false","API_Regression_Suite","2026-03-25","failed","2026-03-25","autochek_api_negative.OfferSimulation.OfferSimulationNegative","Autochek_API_Automation","autochek_api_negative.OfferSimulation.OfferSimulationNegative","SubmitLoanPreferencesNegative"
"Negative test for Create System Config V2","0","PostSystemConfigV2 - MAX_CONCURRENT_SESSIONS SQL injection attempt","API_Regression_Suite","2026-03-25","skipped","2026-03-25","autochek_api_negative.UserService.UserServiceV2Negative","Autochek_API_Automation","autochek_api_negative.UserService.UserServiceV2Negative","PostSystemConfigV2"
"","0","PostUserSignUpV2Negative - LastName is an empty string","API_Regression_Suite","2026-03-25","skipped","2026-03-25","autochek_api_negative.UserService.UserServiceV2Negative","Autochek_API_Automation","autochek_api_negative.UserService.UserServiceV2Negative","PostUserSignUpV2Negative"
"Validates GET /v2/origination/sources with dynamic parameters - Negative Test","499","GetBanksListNegative - country is lowercase","API_Regression_Suite","2026-03-25","passed","2026-03-25","autochek_api_negative.OriginationService.ResponsePayloadReductionV2APIsNegative","Autochek_API_Automation","autochek_api_negative.OriginationService.ResponsePayloadReductionV2APIsNegative","GetBanksListNegative"
"","0","PostUserSignUpV2Negative - FirstName is an empty string","API_Regression_Suite","2026-03-25","skipped","2026-03-25","autochek_api_negative.UserService.UserServiceV2Negative","Autochek_API_Automation","autochek_api_negative.UserService.UserServiceV2Negative","PostUserSignUpV2Negative"
"","447","UpdateFranchise - zip_code is null","API_Regression_Suite","2026-03-25","passed","2026-03-25","autochek_api_negative.UserService.UserServiceNegative","Autochek_API_Automation","autochek_api_negative.UserService.UserServiceNegative","UpdateFranchise"
"Submit Loan Customer Preferences","1801","SubmitLoanPreferencesNegative - Desired Loan Currency invalid number","API_Regression_Suite","2026-03-25","passed","2026-03-25","autochek_api_negative.OfferSimulation.OfferSimulationNegative","Autochek_API_Automation","autochek_api_negative.OfferSimulation.OfferSimulationNegative","SubmitLoanPreferencesNegative"
"Update System Config dynamically for PASSWORD_POLICY or USER_SESSION","0","PatchSystemConfigV2 - MAX_LENGTH SQL injection","API_Regression_Suite","2026-03-25","skipped","2026-03-25","autochek_api_negative.UserService.UserServiceV2Negative","Autochek_API_Automation","autochek_api_negative.UserService.UserServiceV2Negative","PatchSystemConfigV2"
"","441","GetFranchiseByID - null id value","API_Regression_Suite","2026-03-25","passed","2026-03-25","autochek_api_negative.UserService.UserServiceNegative","Autochek_API_Automation","autochek_api_negative.UserService.UserServiceNegative","GetFranchiseByID"
"Validates GET /v2/origination/sources with dynamic parameters - Negative Test","498","GetBanksListNegative - country is longer than 2 chars","API_Regression_Suite","2026-03-25","passed","2026-03-25","autochek_api_negative.OriginationService.ResponsePayloadReductionV2APIsNegative","Autochek_API_Automation","autochek_api_negative.OriginationService.ResponsePayloadReductionV2APIsNegative","GetBanksListNegative"
"Validates GET /v2/origination/partners with dynamic parameters - Positive Test","476","GetPartnersListNegative - country is numeric string","API_Regression_Suite","2026-03-25","passed","2026-03-25","autochek_api_negative.OriginationService.ResponsePayloadReductionV2APIsNegative","Autochek_API_Automation","autochek_api_negative.OriginationService.ResponsePayloadReductionV2APIsNegative","GetPartnersListNegative"
"","2144","CreateFranchise - longitude is boolean false","API_Regression_Suite","2026-03-25","passed","2026-03-25","autochek_api_negative.UserService.UserServiceNegative","Autochek_API_Automation","autochek_api_negative.UserService.UserServiceNegative","CreateFranchise"
"","0","PostUserSignUpV2Negative - UserType is an empty string","API_Regression_Suite","2026-03-25","skipped","2026-03-25","autochek_api_negative.UserService.UserServiceV2Negative","Autochek_API_Automation","autochek_api_negative.UserService.UserServiceV2Negative","PostUserSignUpV2Negative"
"","3029","submitLoanPreference - Omit interestRateType","API_Regression_Suite","2026-03-25","passed","2026-03-25","autochek_api_positive.OfferSimulation.OfferSimulationPositive","Autochek_API_Automation","autochek_api_positive.OfferSimulation.OfferSimulationPositive","submitLoanPreference"
"Create Inspection for the carID generated in Car Creation","0","PostCreateInspection - Boolean instead of number","API_Regression_Suite","2026-03-25","skipped","2026-03-25","autochek_api_negative.DetachTyresSpecification.DetachTyresSpecificationNegative","Autochek_API_Automation","autochek_api_negative.DetachTyresSpecification.DetachTyresSpecificationNegative","PostCreateInspection"
"","0","PostUserSignUpV2Negative - Email field is omitted from the request body","API_Regression_Suite","2026-03-25","skipped","2026-03-25","autochek_api_negative.UserService.UserServiceV2Negative","Autochek_API_Automation","autochek_api_negative.UserService.UserServiceV2Negative","PostUserSignUpV2Negative"
"Validates GET /v1/inspection with dynamic parameters - Negative Test","1","GetInspectionNegative - Pass whitespace in fields","API_Regression_Suite","2026-03-25","skipped","2026-03-25","autochek_api_negative.InventoryService.DynamicResponseNegative","Autochek_API_Automation","autochek_api_negative.InventoryService.DynamicResponseNegative","GetInspectionNegative"
"","1217","CreateFranchise - address with special chars","API_Regression_Suite","2026-03-25","passed","2026-03-25","autochek_api_negative.UserService.UserServiceNegative","Autochek_API_Automation","autochek_api_negative.UserService.UserServiceNegative","CreateFranchise"
"Create Inspection for the carID generated in Car Creation","0","PostCreateInspection - Very large numeric value","API_Regression_Suite","2026-03-25","skipped","2026-03-25","autochek_api_negative.DetachTyresSpecification.DetachTyresSpecificationNegative","Autochek_API_Automation","autochek_api_negative.DetachTyresSpecification.DetachTyresSpecificationNegative","PostCreateInspection"
"Negative test for Create System Config V2","1","PostSystemConfigV2 - MAX_CONCURRENT_SESSIONS negative number","API_Regression_Suite","2026-03-25","skipped","2026-03-25","autochek_api_negative.UserService.UserServiceV2Negative","Autochek_API_Automation","autochek_api_negative.UserService.UserServiceV2Negative","PostSystemConfigV2"
"Validates GET /v1/inventory/model with dynamic parameters - Negative Test","0","GetModelListNegative - Use extremely long random string","API_Regression_Suite","2026-03-25","skipped","2026-03-25","autochek_api_negative.InventoryService.DynamicResponseNegative","Autochek_API_Automation","autochek_api_negative.InventoryService.DynamicResponseNegative","GetModelListNegative"
"Update Car and Validate Response","0","PutUpdateCar - engine_number with script injection","API_Regression_Suite","2026-03-25","skipped","2026-03-25","autochek_api_negative.DetachTyresSpecification.DetachTyresSpecificationNegative","Autochek_API_Automation","autochek_api_negative.DetachTyresSpecification.DetachTyresSpecificationNegative","PutUpdateCar"
"Update System Config dynamically for PASSWORD_POLICY or USER_SESSION","1","PatchSystemConfigV2 - REQUIRE_SPECIAL_CHAR numeric instead of boolean","API_Regression_Suite","2026-03-25","skipped","2026-03-25","autochek_api_negative.UserService.UserServiceV2Negative","Autochek_API_Automation","autochek_api_negative.UserService.UserServiceV2Negative","PatchSystemConfigV2"
"Submit Loan Customer Preferences","7706","SubmitLoanPreferencesNegative - requestedWarrantyPlan blank","API_Regression_Suite","2026-03-25","passed","2026-03-25","autochek_api_negative.OfferSimulation.OfferSimulationNegative","Autochek_API_Automation","autochek_api_negative.OfferSimulation.OfferSimulationNegative","SubmitLoanPreferencesNegative"
"Create Inspection for the carID generated in Car Creation","0","PostCreateInspection - Script injection attempt","API_Regression_Suite","2026-03-25","skipped","2026-03-25","autochek_api_negative.DetachTyresSpecification.DetachTyresSpecificationNegative","Autochek_API_Automation","autochek_api_negative.DetachTyresSpecification.DetachTyresSpecificationNegative","PostCreateInspection"
"Update System Config dynamically for PASSWORD_POLICY or USER_SESSION","1","PatchSystemConfigV2 - REQUIRE_LOWERCASE empty value","API_Regression_Suite","2026-03-25","skipped","2026-03-25","autochek_api_negative.UserService.UserServiceV2Negative","Autochek_API_Automation","autochek_api_negative.UserService.UserServiceV2Negative","PatchSystemConfigV2"
"Update Car and Validate Response","0","PutUpdateCar - city with special chars","API_Regression_Suite","2026-03-25","skipped","2026-03-25","autochek_api_negative.DetachTyresSpecification.DetachTyresSpecificationNegative","Autochek_API_Automation","autochek_api_negative.DetachTyresSpecification.DetachTyresSpecificationNegative","PutUpdateCar"
"","441","submitLoanPreference - Valid desiredLoanCurrency USD","API_Regression_Suite","2026-03-25","passed","2026-03-25","autochek_api_positive.OfferSimulation.OfferSimulationPositive","Autochek_API_Automation","autochek_api_positive.OfferSimulation.OfferSimulationPositive","submitLoanPreference"
"Update Car and Validate Response","0","PutUpdateCar - engine_number as null","API_Regression_Suite","2026-03-25","skipped","2026-03-25","autochek_api_negative.DetachTyresSpecification.DetachTyresSpecificationNegative","Autochek_API_Automation","autochek_api_negative.DetachTyresSpecification.DetachTyresSpecificationNegative","PutUpdateCar"
"Submit Loan Customer Preferences","645","SubmitLoanPreferencesNegative - Requested Warranty Plan invalid value","API_Regression_Suite","2026-03-25","failed","2026-03-25","autochek_api_negative.OfferSimulation.OfferSimulationNegative","Autochek_API_Automation","autochek_api_negative.OfferSimulation.OfferSimulationNegative","SubmitLoanPreferencesNegative"
"","0","PostLoginV2Negative - Valid Password but non existng username","API_Regression_Suite","2026-03-25","skipped","2026-03-25","autochek_api_negative.UserService.UserServiceV2Negative","Autochek_API_Automation","autochek_api_negative.UserService.UserServiceV2Negative","PostLoginV2Negative"
"","428","GetFranchiseByID - special characters only","API_Regression_Suite","2026-03-25","passed","2026-03-25","autochek_api_negative.UserService.UserServiceNegative","Autochek_API_Automation","autochek_api_negative.UserService.UserServiceNegative","GetFranchiseByID"
"Update Car and Validate Response","0","PutUpdateCar - created_by numeric only","API_Regression_Suite","2026-03-25","skipped","2026-03-25","autochek_api_negative.DetachTyresSpecification.DetachTyresSpecificationNegative","Autochek_API_Automation","autochek_api_negative.DetachTyresSpecification.DetachTyresSpecificationNegative","PutUpdateCar"
"","930","UpdateFranchise - account_name with newline","API_Regression_Suite","2026-03-25","passed","2026-03-25","autochek_api_negative.UserService.UserServiceNegative","Autochek_API_Automation","autochek_api_negative.UserService.UserServiceNegative","UpdateFranchise"
"Negative test for Create System Config V2","1","PostSystemConfigV2 - REQUIRE_SPECIAL_CHAR array structure passed","API_Regression_Suite","2026-03-25","skipped","2026-03-25","autochek_api_negative.UserService.UserServiceV2Negative","Autochek_API_Automation","autochek_api_negative.UserService.UserServiceV2Negative","PostSystemConfigV2"
"","412","submitLoanPreference - Upfront Maintenance Plan TRUE","API_Regression_Suite","2026-03-25","passed","2026-03-25","autochek_api_positive.OfferSimulation.OfferSimulationPositive","Autochek_API_Automation","autochek_api_positive.OfferSimulation.OfferSimulationPositive","submitLoanPreference"
"","699","UpdateFranchise - is_anchor = 1","API_Regression_Suite","2026-03-25","passed","2026-03-25","autochek_api_negative.UserService.UserServiceNegative","Autochek_API_Automation","autochek_api_negative.UserService.UserServiceNegative","UpdateFranchise"
"Validates GET /v1/inventory/car with dynamic parameters - Positive Test","0","GetCarList - Validate deep nested fields id,model(make(id,name)) are returned","API_Regression_Suite","2026-03-25","skipped","2026-03-25","autochek_api_positive.InventoryService.DynamicResponsePositive","Autochek_API_Automation","autochek_api_positive.InventoryService.DynamicResponsePositive","GetCarList"
"","717","CreateFranchise - address too long (256+)","API_Regression_Suite","2026-03-25","passed","2026-03-25","autochek_api_negative.UserService.UserServiceNegative","Autochek_API_Automation","autochek_api_negative.UserService.UserServiceNegative","CreateFranchise"
"Create Inspection for the carID generated in Car Creation","0","PostCreateInspection - Special characters","API_Regression_Suite","2026-03-25","skipped","2026-03-25","autochek_api_negative.DetachTyresSpecification.DetachTyresSpecificationNegative","Autochek_API_Automation","autochek_api_negative.DetachTyresSpecification.DetachTyresSpecificationNegative","PostCreateInspection"
"","722","CreateFranchise - is_anchor = 0","API_Regression_Suite","2026-03-25","passed","2026-03-25","autochek_api_negative.UserService.UserServiceNegative","Autochek_API_Automation","autochek_api_negative.UserService.UserServiceNegative","CreateFranchise"
"Submit Loan Customer Preferences","407","SubmitLoanPreferencesNegative - monthlyPayment null","API_Regression_Suite","2026-03-25","failed","2026-03-25","autochek_api_negative.OfferSimulation.OfferSimulationNegative","Autochek_API_Automation","autochek_api_negative.OfferSimulation.OfferSimulationNegative","SubmitLoanPreferencesNegative"
"Submit Loan Customer Preferences","600","SubmitLoanPreferencesNegative - term unsupported unit weeks","API_Regression_Suite","2026-03-25","passed","2026-03-25","autochek_api_negative.OfferSimulation.OfferSimulationNegative","Autochek_API_Automation","autochek_api_negative.OfferSimulation.OfferSimulationNegative","SubmitLoanPreferencesNegative"
"","727","CreateFranchise - account_name with html tag (xss)","API_Regression_Suite","2026-03-25","passed","2026-03-25","autochek_api_negative.UserService.UserServiceNegative","Autochek_API_Automation","autochek_api_negative.UserService.UserServiceNegative","CreateFranchise"
"","653","CreateFranchise - onboarding_source is object","API_Regression_Suite","2026-03-25","passed","2026-03-25","autochek_api_negative.UserService.UserServiceNegative","Autochek_API_Automation","autochek_api_negative.UserService.UserServiceNegative","CreateFranchise"
"Delete USER_SESSION and PASSWORD_POLICY using stored IDs","1","deleteSystemConfigs - Delete with empty ID","API_Regression_Suite","2026-03-25","skipped","2026-03-25","autochek_api_negative.UserService.UserServiceV2Negative","Autochek_API_Automation","autochek_api_negative.UserService.UserServiceV2Negative","deleteSystemConfigs"
"Validates GET /v1/inventory/model with dynamic parameters - Negative Test","0","GetModelListNegative - Pass nested field incorrectly format","API_Regression_Suite","2026-03-25","skipped","2026-03-25","autochek_api_negative.InventoryService.DynamicResponseNegative","Autochek_API_Automation","autochek_api_negative.InventoryService.DynamicResponseNegative","GetModelListNegative"
"Validates GET /v2/origination/loans/{loan_id}/accepted-offer with dynamic parameters - Positive Test","1964","GetAcceptedOfferByLoanId","API_Regression_Suite","2026-03-25","passed","2026-03-25","autochek_api_positive.OriginationService.ResponsePayloadReductionV2APIs","Autochek_API_Automation","autochek_api_positive.OriginationService.ResponsePayloadReductionV2APIs","GetAcceptedOfferByLoanId"
"Validates GET /v2/origination/sources with dynamic parameters - Negative Test","565","GetSourcesListNegative - page_size is float","API_Regression_Suite","2026-03-25","passed","2026-03-25","autochek_api_negative.OriginationService.ResponsePayloadReductionV2APIsNegative","Autochek_API_Automation","autochek_api_negative.OriginationService.ResponsePayloadReductionV2APIsNegative","GetSourcesListNegative"
"Validates GET /v2/origination/offers with dynamic parameters - Positive Test","456","GetOffersListNegative - page_size is object","API_Regression_Suite","2026-03-25","passed","2026-03-25","autochek_api_negative.OriginationService.ResponsePayloadReductionV2APIsNegative","Autochek_API_Automation","autochek_api_negative.OriginationService.ResponsePayloadReductionV2APIsNegative","GetOffersListNegative"
"Negative test for Create System Config V2","0","PostSystemConfigV2 - MAX_CONCURRENT_SESSIONS extremely large number","API_Regression_Suite","2026-03-25","skipped","2026-03-25","autochek_api_negative.UserService.UserServiceV2Negative","Autochek_API_Automation","autochek_api_negative.UserService.UserServiceV2Negative","PostSystemConfigV2"
"Create Inspection for the carID generated in Car Creation","0","PostCreateInspection - Unsupported inspection type","API_Regression_Suite","2026-03-25","skipped","2026-03-25","autochek_api_negative.DetachTyresSpecification.DetachTyresSpecificationNegative","Autochek_API_Automation","autochek_api_negative.DetachTyresSpecification.DetachTyresSpecificationNegative","PostCreateInspection"
"Validates GET /v1/origination/offers/{offer_Id}/loan-document with dynamic parameters - Negative Test","530","GetLoanDocumentsByOfferIdNegative - offer_id with Unicode characters","API_Regression_Suite","2026-03-25","passed","2026-03-25","autochek_api_negative.OriginationService.ResponsePayloadReductionV2APIsNegative","Autochek_API_Automation","autochek_api_negative.OriginationService.ResponsePayloadReductionV2APIsNegative","GetLoanDocumentsByOfferIdNegative"
"Submit Loan Customer Preferences","398","SubmitLoanPreferencesNegative - upfrontVehicleTracking XSS injection","API_Regression_Suite","2026-03-25","failed","2026-03-25","autochek_api_negative.OfferSimulation.OfferSimulationNegative","Autochek_API_Automation","autochek_api_negative.OfferSimulation.OfferSimulationNegative","SubmitLoanPreferencesNegative"
"","1","PatchUpdatePasswordV2Negative - Password length less than minimum required","API_Regression_Suite","2026-03-25","skipped","2026-03-25","autochek_api_negative.UserService.UserServiceV2Negative","Autochek_API_Automation","autochek_api_negative.UserService.UserServiceV2Negative","PatchUpdatePasswordV2Negative"
"Get TyreSpecs Details by Car ID","1","GetTyreSpecs - car_id with script injection","API_Regression_Suite","2026-03-25","skipped","2026-03-25","autochek_api_negative.DetachTyresSpecification.DetachTyresSpecificationNegative","Autochek_API_Automation","autochek_api_negative.DetachTyresSpecification.DetachTyresSpecificationNegative","GetTyreSpecs"
"Validates GET /v2/origination/sources with dynamic parameters - Positive Test","498","GetSourcesList - country is KE","API_Regression_Suite","2026-03-25","passed","2026-03-25","autochek_api_positive.OriginationService.ResponsePayloadReductionV2APIs","Autochek_API_Automation","autochek_api_positive.OriginationService.ResponsePayloadReductionV2APIs","GetSourcesList"
"","0","LogoutAndTestOtherSessionsRemainLoggedIn - {""all"": false}","API_Regression_Suite","2026-03-25","skipped","2026-03-25","autochek_api_positive.UserService.UserServiceV2","Autochek_API_Automation","autochek_api_positive.UserService.UserServiceV2","LogoutAndTestOtherSessionsRemainLoggedIn"
"","562","submitLoanPreference - Omit upfrontTyres","API_Regression_Suite","2026-03-25","passed","2026-03-25","autochek_api_positive.OfferSimulation.OfferSimulationPositive","Autochek_API_Automation","autochek_api_positive.OfferSimulation.OfferSimulationPositive","submitLoanPreference"
"Validates GET /v1/origination/offers/{offer_Id}/loan-document with dynamic parameters - Negative Test","600","GetLoanDocumentsByOfferIdNegative - offer_id with only special characters","API_Regression_Suite","2026-03-25","passed","2026-03-25","autochek_api_negative.OriginationService.ResponsePayloadReductionV2APIsNegative","Autochek_API_Automation","autochek_api_negative.OriginationService.ResponsePayloadReductionV2APIsNegative","GetLoanDocumentsByOfferIdNegative"
"Create Inspection for the carID generated in Car Creation","0","PostCreateInspection - SQL injection attempt","API_Regression_Suite","2026-03-25","skipped","2026-03-25","autochek_api_negative.DetachTyresSpecification.DetachTyresSpecificationNegative","Autochek_API_Automation","autochek_api_negative.DetachTyresSpecification.DetachTyresSpecificationNegative","PostCreateInspection"
"","445","UpdateFranchise - address as number","API_Regression_Suite","2026-03-25","passed","2026-03-25","autochek_api_negative.UserService.UserServiceNegative","Autochek_API_Automation","autochek_api_negative.UserService.UserServiceNegative","UpdateFranchise"
"Validates GET /v1/inventory/car with dynamic parameters - Positive Test","0","GetCarList - Validate nested field model is returned","API_Regression_Suite","2026-03-25","skipped","2026-03-25","autochek_api_positive.InventoryService.DynamicResponsePositive","Autochek_API_Automation","autochek_api_positive.InventoryService.DynamicResponsePositive","GetCarList"
"Validates GET /v2/origination/sources with dynamic parameters - Negative Test","426","GetBanksListNegative - page_size is negative","API_Regression_Suite","2026-03-25","passed","2026-03-25","autochek_api_negative.OriginationService.ResponsePayloadReductionV2APIsNegative","Autochek_API_Automation","autochek_api_negative.OriginationService.ResponsePayloadReductionV2APIsNegative","GetBanksListNegative"
"Negative test for Create System Config V2","1","PostSystemConfigV2 - REQUIRE_LOWERCASE zero value","API_Regression_Suite","2026-03-25","skipped","2026-03-25","autochek_api_negative.UserService.UserServiceV2Negative","Autochek_API_Automation","autochek_api_negative.UserService.UserServiceV2Negative","PostSystemConfigV2"
"","1441","CreateFranchise - longitude is empty","API_Regression_Suite","2026-03-25","passed","2026-03-25","autochek_api_negative.UserService.UserServiceNegative","Autochek_API_Automation","autochek_api_negative.UserService.UserServiceNegative","CreateFranchise"
"Create Inspection for the carID generated in Car Creation","1","PostCreateInspection - SQL injection attempt in wheel_type","API_Regression_Suite","2026-03-25","skipped","2026-03-25","autochek_api_negative.DetachTyresSpecification.DetachTyresSpecificationNegative","Autochek_API_Automation","autochek_api_negative.DetachTyresSpecification.DetachTyresSpecificationNegative","PostCreateInspection"
"Update Car and Validate Response","0","PutUpdateCar - owner_type as null","API_Regression_Suite","2026-03-25","skipped","2026-03-25","autochek_api_negative.DetachTyresSpecification.DetachTyresSpecificationNegative","Autochek_API_Automation","autochek_api_negative.DetachTyresSpecification.DetachTyresSpecificationNegative","PutUpdateCar"
"","1217","CreateFranchise - email is empty string","API_Regression_Suite","2026-03-25","passed","2026-03-25","autochek_api_negative.UserService.UserServiceNegative","Autochek_API_Automation","autochek_api_negative.UserService.UserServiceNegative","CreateFranchise"
"Validates GET /v1/franchise with dynamic parameters - Positive Test","2524","GetFranchiseList - maximum page_size","API_Regression_Suite","2026-03-25","passed","2026-03-25","autochek_api_positive.UserService.UserService","Autochek_API_Automation","autochek_api_positive.UserService.UserService","GetFranchiseList"
"","712","CreateFranchise - longitude as array","API_Regression_Suite","2026-03-25","passed","2026-03-25","autochek_api_negative.UserService.UserServiceNegative","Autochek_API_Automation","autochek_api_negative.UserService.UserServiceNegative","CreateFranchise"
"Submit Loan Customer Preferences","16334","SubmitLoanPreferencesNegative - tyreQuantity zero","API_Regression_Suite","2026-03-25","passed","2026-03-25","autochek_api_negative.OfferSimulation.OfferSimulationNegative","Autochek_API_Automation","autochek_api_negative.OfferSimulation.OfferSimulationNegative","SubmitLoanPreferencesNegative"
"Validates GET /v2/origination/sources with dynamic parameters - Positive Test","504","GetSourcesList - country is GH","API_Regression_Suite","2026-03-25","passed","2026-03-25","autochek_api_positive.OriginationService.ResponsePayloadReductionV2APIs","Autochek_API_Automation","autochek_api_positive.OriginationService.ResponsePayloadReductionV2APIs","GetSourcesList"
"Update System Config dynamically for PASSWORD_POLICY or USER_SESSION","0","PatchSystemConfigV2 - MAX_CONCURRENT_SESSIONS null value","API_Regression_Suite","2026-03-25","skipped","2026-03-25","autochek_api_negative.UserService.UserServiceV2Negative","Autochek_API_Automation","autochek_api_negative.UserService.UserServiceV2Negative","PatchSystemConfigV2"
"","707","CreateFranchise - account_bvn object","API_Regression_Suite","2026-03-25","passed","2026-03-25","autochek_api_negative.UserService.UserServiceNegative","Autochek_API_Automation","autochek_api_negative.UserService.UserServiceNegative","CreateFranchise"
"Update System Config dynamically for PASSWORD_POLICY or USER_SESSION","0","PatchSystemConfigV2 - REQUIRE_NUMBER decimal value","API_Regression_Suite","2026-03-25","skipped","2026-03-25","autochek_api_negative.UserService.UserServiceV2Negative","Autochek_API_Automation","autochek_api_negative.UserService.UserServiceV2Negative","PatchSystemConfigV2"
"","751","CreateFranchise - country is empty","API_Regression_Suite","2026-03-25","passed","2026-03-25","autochek_api_negative.UserService.UserServiceNegative","Autochek_API_Automation","autochek_api_negative.UserService.UserServiceNegative","CreateFranchise"
"Accept Simulation Offer","598","AcceptOfferNegative - loan_id with very short string","API_Regression_Suite","2026-03-25","passed","2026-03-25","autochek_api_negative.OfferSimulation.OfferSimulationNegative","Autochek_API_Automation","autochek_api_negative.OfferSimulation.OfferSimulationNegative","AcceptOfferNegative"
"Get Offer Details by OfferID","626","GetOffersByIdNegative - HTML tag injection","API_Regression_Suite","2026-03-25","passed","2026-03-25","autochek_api_negative.OriginationService.ResponsePayloadReductionV2APIsNegative","Autochek_API_Automation","autochek_api_negative.OriginationService.ResponsePayloadReductionV2APIsNegative","GetOffersByIdNegative"
"Get the list of Tyre brands","393","GetTyreBrandsNegative - Send empty string","API_Regression_Suite","2026-03-25","passed","2026-03-25","autochek_api_negative.OfferSimulation.OfferSimulationNegative","Autochek_API_Automation","autochek_api_negative.OfferSimulation.OfferSimulationNegative","GetTyreBrandsNegative"
"Validates GET /v1/inventory/inspection_request with dynamic parameters - Negative Test","0","GetInspectionRequestNegative - Pass special characters as fields","API_Regression_Suite","2026-03-25","skipped","2026-03-25","autochek_api_negative.InventoryService.DynamicResponseNegative","Autochek_API_Automation","autochek_api_negative.InventoryService.DynamicResponseNegative","GetInspectionRequestNegative"
"Negative test for Create System Config V2","0","PostSystemConfigV2 - REQUIRE_SPECIAL_CHAR decimal value","API_Regression_Suite","2026-03-25","skipped","2026-03-25","autochek_api_negative.UserService.UserServiceV2Negative","Autochek_API_Automation","autochek_api_negative.UserService.UserServiceV2Negative","PostSystemConfigV2"
"Create Inspection for the carID generated in Car Creation","0","PostCreateInspection - Array instead of string","API_Regression_Suite","2026-03-25","skipped","2026-03-25","autochek_api_negative.DetachTyresSpecification.DetachTyresSpecificationNegative","Autochek_API_Automation","autochek_api_negative.DetachTyresSpecification.DetachTyresSpecificationNegative","PostCreateInspection"
"","428","UpdateFranchise - owner has script tag (xss)","API_Regression_Suite","2026-03-25","passed","2026-03-25","autochek_api_negative.UserService.UserServiceNegative","Autochek_API_Automation","autochek_api_negative.UserService.UserServiceNegative","UpdateFranchise"
"Get the list of Tyre brands","418","GetTyreBrandsNegative - Pass unsupported special characters","API_Regression_Suite","2026-03-25","passed","2026-03-25","autochek_api_negative.OfferSimulation.OfferSimulationNegative","Autochek_API_Automation","autochek_api_negative.OfferSimulation.OfferSimulationNegative","GetTyreBrandsNegative"
"Validates GET /v2/origination/loans with dynamic parameters - Negative Test","485","GetLoansListNegative - country is lowercase","API_Regression_Suite","2026-03-25","passed","2026-03-25","autochek_api_negative.OriginationService.ResponsePayloadReductionV2APIsNegative","Autochek_API_Automation","autochek_api_negative.OriginationService.ResponsePayloadReductionV2APIsNegative","GetLoansListNegative"
"Validates GET /v1/inventory/make with dynamic fields filtering","0","GetMakeNegative - Pass object instead of string","API_Regression_Suite","2026-03-25","skipped","2026-03-25","autochek_api_negative.InventoryService.DynamicResponseNegative","Autochek_API_Automation","autochek_api_negative.InventoryService.DynamicResponseNegative","GetMakeNegative"
"Update System Config dynamically for PASSWORD_POLICY or USER_SESSION","0","PatchSystemConfigV2 - MAX_CONCURRENT_SESSIONS positive value","API_Regression_Suite","2026-03-25","skipped","2026-03-25","autochek_api_negative.UserService.UserServiceV2Negative","Autochek_API_Automation","autochek_api_negative.UserService.UserServiceV2Negative","PatchSystemConfigV2"
"","753","CreateFranchise - account_number all letters","API_Regression_Suite","2026-03-25","passed","2026-03-25","autochek_api_negative.UserService.UserServiceNegative","Autochek_API_Automation","autochek_api_negative.UserService.UserServiceNegative","CreateFranchise"
"","449","UpdateFranchise - account_bvn array","API_Regression_Suite","2026-03-25","passed","2026-03-25","autochek_api_negative.UserService.UserServiceNegative","Autochek_API_Automation","autochek_api_negative.UserService.UserServiceNegative","UpdateFranchise"
"Negative test for Create System Config V2","0","PostSystemConfigV2 - MAX_CONCURRENT_SESSIONS zero value","API_Regression_Suite","2026-03-25","skipped","2026-03-25","autochek_api_negative.UserService.UserServiceV2Negative","Autochek_API_Automation","autochek_api_negative.UserService.UserServiceV2Negative","PostSystemConfigV2"
"Negative test for Create System Config V2","1","PostSystemConfigV2 - MAX_LENGTH zero","API_Regression_Suite","2026-03-25","skipped","2026-03-25","autochek_api_negative.UserService.UserServiceV2Negative","Autochek_API_Automation","autochek_api_negative.UserService.UserServiceV2Negative","PostSystemConfigV2"
"","0","PostLoginV2Negative - Username field is omitted","API_Regression_Suite","2026-03-25","skipped","2026-03-25","autochek_api_negative.UserService.UserServiceV2Negative","Autochek_API_Automation","autochek_api_negative.UserService.UserServiceV2Negative","PostLoginV2Negative"
"Create Inspection for the carID generated in Car Creation","1","PostCreateInspection - Empty inspection_request_id","API_Regression_Suite","2026-03-25","skipped","2026-03-25","autochek_api_negative.DetachTyresSpecification.DetachTyresSpecificationNegative","Autochek_API_Automation","autochek_api_negative.DetachTyresSpecification.DetachTyresSpecificationNegative","PostCreateInspection"
"Negative test for Create System Config V2","0","PostSystemConfigV2 - REQUIRE_LOWERCASE object structure passed","API_Regression_Suite","2026-03-25","skipped","2026-03-25","autochek_api_negative.UserService.UserServiceV2Negative","Autochek_API_Automation","autochek_api_negative.UserService.UserServiceV2Negative","PostSystemConfigV2"
"Get TyreSpecs Details by Car ID","1","GetTyreSpecs - car_id too long (100+ chars)","API_Regression_Suite","2026-03-25","skipped","2026-03-25","autochek_api_negative.DetachTyresSpecification.DetachTyresSpecificationNegative","Autochek_API_Automation","autochek_api_negative.DetachTyresSpecification.DetachTyresSpecificationNegative","GetTyreSpecs"
"Submit Loan Customer Preferences","563","SubmitLoanPreferencesNegative - upfrontCreditLifeInsurance very long string","API_Regression_Suite","2026-03-25","failed","2026-03-25","autochek_api_negative.OfferSimulation.OfferSimulationNegative","Autochek_API_Automation","autochek_api_negative.OfferSimulation.OfferSimulationNegative","SubmitLoanPreferencesNegative"
"","1","PostUserSignUpV2 - Verify signup with userType = co-location","API_Regression_Suite","2026-03-25","skipped","2026-03-25","autochek_api_positive.UserService.UserServiceV2","Autochek_API_Automation","autochek_api_positive.UserService.UserServiceV2","PostUserSignUpV2"
"Submit Loan Customer Preferences","451","SubmitLoanPreferencesNegative - vehicleDiscount float","API_Regression_Suite","2026-03-25","passed","2026-03-25","autochek_api_negative.OfferSimulation.OfferSimulationNegative","Autochek_API_Automation","autochek_api_negative.OfferSimulation.OfferSimulationNegative","SubmitLoanPreferencesNegative"
"Validates GET /v2/origination/partners with dynamic parameters - Positive Test","1520","GetPartnersListNegative - country is lowercase","API_Regression_Suite","2026-03-25","passed","2026-03-25","autochek_api_negative.OriginationService.ResponsePayloadReductionV2APIsNegative","Autochek_API_Automation","autochek_api_negative.OriginationService.ResponsePayloadReductionV2APIsNegative","GetPartnersListNegative"
"Validates GET /v1/inventory/inspection_request with dynamic parameters - Negative Test","0","GetInspectionRequestNegative - Pass duplicate field names","API_Regression_Suite","2026-03-25","skipped","2026-03-25","autochek_api_negative.InventoryService.DynamicResponseNegative","Autochek_API_Automation","autochek_api_negative.InventoryService.DynamicResponseNegative","GetInspectionRequestNegative"
"","446","UpdateFranchise - state too long","API_Regression_Suite","2026-03-25","passed","2026-03-25","autochek_api_negative.UserService.UserServiceNegative","Autochek_API_Automation","autochek_api_negative.UserService.UserServiceNegative","UpdateFranchise"
"","0","setUp","API_Regression_Suite","2026-03-25","broken","2026-03-25","autochek_api_positive.InventoryService.DynamicResponsePositive","Autochek_API_Automation","autochek_api_positive.InventoryService.DynamicResponsePositive","setUp"
"Create Inspection for the carID generated in Car Creation","1","PostCreateInspection - Leading spaces in form_id","API_Regression_Suite","2026-03-25","skipped","2026-03-25","autochek_api_negative.DetachTyresSpecification.DetachTyresSpecificationNegative","Autochek_API_Automation","autochek_api_negative.DetachTyresSpecification.DetachTyresSpecificationNegative","PostCreateInspection"
"","1","PostLoginV2Negative - Username invalid email format (missing @)","API_Regression_Suite","2026-03-25","skipped","2026-03-25","autochek_api_negative.UserService.UserServiceV2Negative","Autochek_API_Automation","autochek_api_negative.UserService.UserServiceV2Negative","PostLoginV2Negative"
"Negative test for Create System Config V2","0","PostSystemConfigV2 - REQUIRE_UPPERCASE numeric instead of boolean","API_Regression_Suite","2026-03-25","skipped","2026-03-25","autochek_api_negative.UserService.UserServiceV2Negative","Autochek_API_Automation","autochek_api_negative.UserService.UserServiceV2Negative","PostSystemConfigV2"
"","710","UpdateFranchise - latitude = ""6.5244"" (string)","API_Regression_Suite","2026-03-25","passed","2026-03-25","autochek_api_negative.UserService.UserServiceNegative","Autochek_API_Automation","autochek_api_negative.UserService.UserServiceNegative","UpdateFranchise"
"Update System Config dynamically for PASSWORD_POLICY or USER_SESSION","0","PatchSystemConfigV2 - REQUIRE_LOWERCASE zero value","API_Regression_Suite","2026-03-25","skipped","2026-03-25","autochek_api_negative.UserService.UserServiceV2Negative","Autochek_API_Automation","autochek_api_negative.UserService.UserServiceV2Negative","PatchSystemConfigV2"
"","449","UpdateFranchise - bank_name as array","API_Regression_Suite","2026-03-25","passed","2026-03-25","autochek_api_negative.UserService.UserServiceNegative","Autochek_API_Automation","autochek_api_negative.UserService.UserServiceNegative","UpdateFranchise"
"Validates GET /v2/origination/offers with dynamic parameters - Positive Test","502","GetOffersListNegative - country is lowercase","API_Regression_Suite","2026-03-25","passed","2026-03-25","autochek_api_negative.OriginationService.ResponsePayloadReductionV2APIsNegative","Autochek_API_Automation","autochek_api_negative.OriginationService.ResponsePayloadReductionV2APIsNegative","GetOffersListNegative"
"","823","CreateFranchise - zip_code is null","API_Regression_Suite","2026-03-25","passed","2026-03-25","autochek_api_negative.UserService.UserServiceNegative","Autochek_API_Automation","autochek_api_negative.UserService.UserServiceNegative","CreateFranchise"
"Get the list of Tyre brands","395","GetTyreBrandsNegative - Send an overly long string to test input length limit","API_Regression_Suite","2026-03-25","passed","2026-03-25","autochek_api_negative.OfferSimulation.OfferSimulationNegative","Autochek_API_Automation","autochek_api_negative.OfferSimulation.OfferSimulationNegative","GetTyreBrandsNegative"
"Submit Loan Customer Preferences","493","SubmitLoanPreferencesNegative - term invalid format no unit","API_Regression_Suite","2026-03-25","passed","2026-03-25","autochek_api_negative.OfferSimulation.OfferSimulationNegative","Autochek_API_Automation","autochek_api_negative.OfferSimulation.OfferSimulationNegative","SubmitLoanPreferencesNegative"
"Get TyreSpecs Details by Car ID","0","GetTyreSpecs - car_id special characters only","API_Regression_Suite","2026-03-25","skipped","2026-03-25","autochek_api_negative.DetachTyresSpecification.DetachTyresSpecificationNegative","Autochek_API_Automation","autochek_api_negative.DetachTyresSpecification.DetachTyresSpecificationNegative","GetTyreSpecs"
"Update Car and Validate Response","0","PutUpdateCar - state as script injection","API_Regression_Suite","2026-03-25","skipped","2026-03-25","autochek_api_negative.DetachTyresSpecification.DetachTyresSpecificationNegative","Autochek_API_Automation","autochek_api_negative.DetachTyresSpecification.DetachTyresSpecificationNegative","PutUpdateCar"
"Validates GET /v1/inspection with dynamic parameters - Negative Test","0","GetInspectionNegative - Pass special characters in relations","API_Regression_Suite","2026-03-25","skipped","2026-03-25","autochek_api_negative.InventoryService.DynamicResponseNegative","Autochek_API_Automation","autochek_api_negative.InventoryService.DynamicResponseNegative","GetInspectionNegative"
"Submit Loan Customer Preferences","3431","SubmitLoanPreferencesNegative - upfrontTyres null","API_Regression_Suite","2026-03-25","passed","2026-03-25","autochek_api_negative.OfferSimulation.OfferSimulationNegative","Autochek_API_Automation","autochek_api_negative.OfferSimulation.OfferSimulationNegative","SubmitLoanPreferencesNegative"
"Submit Loan Customer Preferences","432","SubmitLoanPreferencesNegative - dealDiscount blank","API_Regression_Suite","2026-03-25","passed","2026-03-25","autochek_api_negative.OfferSimulation.OfferSimulationNegative","Autochek_API_Automation","autochek_api_negative.OfferSimulation.OfferSimulationNegative","SubmitLoanPreferencesNegative"
"Validates GET /v1/inventory/car with dynamic parameters - Negative Test","0","GetCarListNegative - Pass duplicate fields","API_Regression_Suite","2026-03-25","skipped","2026-03-25","autochek_api_negative.InventoryService.DynamicResponseNegative","Autochek_API_Automation","autochek_api_negative.InventoryService.DynamicResponseNegative","GetCarListNegative"
"Validates GET /v1/inventory/inspection_request with dynamic parameters - Positive Test","0","GetInspectionRequest - Validate only carTitle field is returned","API_Regression_Suite","2026-03-25","skipped","2026-03-25","autochek_api_positive.InventoryService.DynamicResponsePositive","Autochek_API_Automation","autochek_api_positive.InventoryService.DynamicResponsePositive","GetInspectionRequest"
"","728","CreateFranchise - email with html tag","API_Regression_Suite","2026-03-25","passed","2026-03-25","autochek_api_negative.UserService.UserServiceNegative","Autochek_API_Automation","autochek_api_negative.UserService.UserServiceNegative","CreateFranchise"
"Update Car and Validate Response","0","PutUpdateCar - state too long (150 chars)","API_Regression_Suite","2026-03-25","skipped","2026-03-25","autochek_api_negative.DetachTyresSpecification.DetachTyresSpecificationNegative","Autochek_API_Automation","autochek_api_negative.DetachTyresSpecification.DetachTyresSpecificationNegative","PutUpdateCar"
"Create Inspection for the carID generated in Car Creation","0","PostCreateInspection - Array instead of boolean","API_Regression_Suite","2026-03-25","skipped","2026-03-25","autochek_api_negative.DetachTyresSpecification.DetachTyresSpecificationNegative","Autochek_API_Automation","autochek_api_negative.DetachTyresSpecification.DetachTyresSpecificationNegative","PostCreateInspection"
"Create Inspection for the carID generated in Car Creation","0","PostCreateInspection - SQL injection attempt in country","API_Regression_Suite","2026-03-25","skipped","2026-03-25","autochek_api_negative.DetachTyresSpecification.DetachTyresSpecificationNegative","Autochek_API_Automation","autochek_api_negative.DetachTyresSpecification.DetachTyresSpecificationNegative","PostCreateInspection"
"","915","CreateFranchise - display_address long string","API_Regression_Suite","2026-03-25","passed","2026-03-25","autochek_api_negative.UserService.UserServiceNegative","Autochek_API_Automation","autochek_api_negative.UserService.UserServiceNegative","CreateFranchise"
"Update Car and Validate Response","0","PutUpdateCar - city as SQL injection","API_Regression_Suite","2026-03-25","skipped","2026-03-25","autochek_api_negative.DetachTyresSpecification.DetachTyresSpecificationNegative","Autochek_API_Automation","autochek_api_negative.DetachTyresSpecification.DetachTyresSpecificationNegative","PutUpdateCar"
"Update System Config dynamically for PASSWORD_POLICY or USER_SESSION","0","PatchSystemConfigV2 - REQUIRE_NUMBER empty value","API_Regression_Suite","2026-03-25","skipped","2026-03-25","autochek_api_negative.UserService.UserServiceV2Negative","Autochek_API_Automation","autochek_api_negative.UserService.UserServiceV2Negative","PatchSystemConfigV2"
"Submit Loan Customer Preferences","407","SubmitLoanPreferencesNegative - upfrontMaintenancePlan wrong string false","API_Regression_Suite","2026-03-25","failed","2026-03-25","autochek_api_negative.OfferSimulation.OfferSimulationNegative","Autochek_API_Automation","autochek_api_negative.OfferSimulation.OfferSimulationNegative","SubmitLoanPreferencesNegative"
"Validates GET /v1/inventory/trims with dynamic parameters - Positive Test","1","GetTrims - Validate only id and trim fields are returned","API_Regression_Suite","2026-03-25","skipped","2026-03-25","autochek_api_positive.InventoryService.DynamicResponsePositive","Autochek_API_Automation","autochek_api_positive.InventoryService.DynamicResponsePositive","GetTrims"
"Update System Config dynamically for PASSWORD_POLICY or USER_SESSION","0","PatchSystemConfigV2 - REQUIRE_LOWERCASE object structure passed","API_Regression_Suite","2026-03-25","skipped","2026-03-25","autochek_api_negative.UserService.UserServiceV2Negative","Autochek_API_Automation","autochek_api_negative.UserService.UserServiceV2Negative","PatchSystemConfigV2"
"","448","UpdateFranchise - account_name as boolean string","API_Regression_Suite","2026-03-25","passed","2026-03-25","autochek_api_negative.UserService.UserServiceNegative","Autochek_API_Automation","autochek_api_negative.UserService.UserServiceNegative","UpdateFranchise"
"Submit Loan Customer Preferences","1488","SubmitLoanPreferencesNegative - Vehicle Discount above allowed range","API_Regression_Suite","2026-03-25","passed","2026-03-25","autochek_api_negative.OfferSimulation.OfferSimulationNegative","Autochek_API_Automation","autochek_api_negative.OfferSimulation.OfferSimulationNegative","SubmitLoanPreferencesNegative"
"Validates GET /v2/origination/loans with dynamic parameters - Negative Test","497","GetLoansListNegative - country is numeric string","API_Regression_Suite","2026-03-25","passed","2026-03-25","autochek_api_negative.OriginationService.ResponsePayloadReductionV2APIsNegative","Autochek_API_Automation","autochek_api_negative.OriginationService.ResponsePayloadReductionV2APIsNegative","GetLoansListNegative"
"","441","UpdateFranchise - bank_name as number","API_Regression_Suite","2026-03-25","passed","2026-03-25","autochek_api_negative.UserService.UserServiceNegative","Autochek_API_Automation","autochek_api_negative.UserService.UserServiceNegative","UpdateFranchise"
"","1686","UpdateFranchise - owner with unicode characters","API_Regression_Suite","2026-03-25","passed","2026-03-25","autochek_api_negative.UserService.UserServiceNegative","Autochek_API_Automation","autochek_api_negative.UserService.UserServiceNegative","UpdateFranchise"
"","1","PostLoginV2Negative - Username email with spaces","API_Regression_Suite","2026-03-25","skipped","2026-03-25","autochek_api_negative.UserService.UserServiceV2Negative","Autochek_API_Automation","autochek_api_negative.UserService.UserServiceV2Negative","PostLoginV2Negative"
"Submit Loan Customer Preferences","400","SubmitLoanPreferencesNegative - interestRateType spaces only","API_Regression_Suite","2026-03-25","failed","2026-03-25","autochek_api_negative.OfferSimulation.OfferSimulationNegative","Autochek_API_Automation","autochek_api_negative.OfferSimulation.OfferSimulationNegative","SubmitLoanPreferencesNegative"
"Negative test for Create System Config V2","0","PostSystemConfigV2 - REQUIRE_NUMBER SQL injection attempt","API_Regression_Suite","2026-03-25","skipped","2026-03-25","autochek_api_negative.UserService.UserServiceV2Negative","Autochek_API_Automation","autochek_api_negative.UserService.UserServiceV2Negative","PostSystemConfigV2"
"","0","PostUserSignUpV2Negative - Password is an empty string","API_Regression_Suite","2026-03-25","skipped","2026-03-25","autochek_api_negative.UserService.UserServiceV2Negative","Autochek_API_Automation","autochek_api_negative.UserService.UserServiceV2Negative","PostUserSignUpV2Negative"
"Get Offer Details by OfferID","737","GetOffersByIdNegative - Script injection (XSS attempt)","API_Regression_Suite","2026-03-25","passed","2026-03-25","autochek_api_negative.OriginationService.ResponsePayloadReductionV2APIsNegative","Autochek_API_Automation","autochek_api_negative.OriginationService.ResponsePayloadReductionV2APIsNegative","GetOffersByIdNegative"
"Submit Loan Customer Preferences","499","SubmitLoanPreferencesNegative - Monthly Payment invalid string","API_Regression_Suite","2026-03-25","passed","2026-03-25","autochek_api_negative.OfferSimulation.OfferSimulationNegative","Autochek_API_Automation","autochek_api_negative.OfferSimulation.OfferSimulationNegative","SubmitLoanPreferencesNegative"
"Validates GET /v2/origination/sources with dynamic parameters - Negative Test","499","GetSourcesListNegative - country is one character","API_Regression_Suite","2026-03-25","passed","2026-03-25","autochek_api_negative.OriginationService.ResponsePayloadReductionV2APIsNegative","Autochek_API_Automation","autochek_api_negative.OriginationService.ResponsePayloadReductionV2APIsNegative","GetSourcesListNegative"
"","461","UpdateFranchise - map_address is boolean","API_Regression_Suite","2026-03-25","passed","2026-03-25","autochek_api_negative.UserService.UserServiceNegative","Autochek_API_Automation","autochek_api_negative.UserService.UserServiceNegative","UpdateFranchise"
"Validates GET /v2/origination/sources with dynamic parameters - Positive Test","517","GetSourcesList - valid request where page_size is at a boundary value (10)","API_Regression_Suite","2026-03-25","passed","2026-03-25","autochek_api_positive.OriginationService.ResponsePayloadReductionV2APIs","Autochek_API_Automation","autochek_api_positive.OriginationService.ResponsePayloadReductionV2APIs","GetSourcesList"
"Update Car and Validate Response","0","PutUpdateCar - address with special characters only","API_Regression_Suite","2026-03-25","skipped","2026-03-25","autochek_api_negative.DetachTyresSpecification.DetachTyresSpecificationNegative","Autochek_API_Automation","autochek_api_negative.DetachTyresSpecification.DetachTyresSpecificationNegative","PutUpdateCar"
"Submit Loan Customer Preferences","399","SubmitLoanPreferencesNegative - upfrontMaintenancePlan SQL injection attempt","API_Regression_Suite","2026-03-25","failed","2026-03-25","autochek_api_negative.OfferSimulation.OfferSimulationNegative","Autochek_API_Automation","autochek_api_negative.OfferSimulation.OfferSimulationNegative","SubmitLoanPreferencesNegative"
"Validates GET /v2/origination/partners with dynamic parameters - Positive Test","505","GetPartnersList - country is UG","API_Regression_Suite","2026-03-25","passed","2026-03-25","autochek_api_positive.OriginationService.ResponsePayloadReductionV2APIs","Autochek_API_Automation","autochek_api_positive.OriginationService.ResponsePayloadReductionV2APIs","GetPartnersList"
"Create Inspection for the carID generated in Car Creation","0","PostCreateInspection - Invalid longitude format","API_Regression_Suite","2026-03-25","skipped","2026-03-25","autochek_api_negative.DetachTyresSpecification.DetachTyresSpecificationNegative","Autochek_API_Automation","autochek_api_negative.DetachTyresSpecification.DetachTyresSpecificationNegative","PostCreateInspection"
"Submit Loan Customer Preferences","9121","SubmitLoanPreferencesNegative - requestedWarrantyPlan boolean","API_Regression_Suite","2026-03-25","passed","2026-03-25","autochek_api_negative.OfferSimulation.OfferSimulationNegative","Autochek_API_Automation","autochek_api_negative.OfferSimulation.OfferSimulationNegative","SubmitLoanPreferencesNegative"
"Validates GET /v2/origination/loans with dynamic parameters - Negative Test","484","GetLoansListNegative - page_size is object","API_Regression_Suite","2026-03-25","passed","2026-03-25","autochek_api_negative.OriginationService.ResponsePayloadReductionV2APIsNegative","Autochek_API_Automation","autochek_api_negative.OriginationService.ResponsePayloadReductionV2APIsNegative","GetLoansListNegative"
"","714","CreateFranchise - city with special characters","API_Regression_Suite","2026-03-25","passed","2026-03-25","autochek_api_negative.UserService.UserServiceNegative","Autochek_API_Automation","autochek_api_negative.UserService.UserServiceNegative","CreateFranchise"
"Submit Loan Customer Preferences","460","SubmitLoanPreferencesNegative - upfrontVehicleTracking wrong keyword yes","API_Regression_Suite","2026-03-25","failed","2026-03-25","autochek_api_negative.OfferSimulation.OfferSimulationNegative","Autochek_API_Automation","autochek_api_negative.OfferSimulation.OfferSimulationNegative","SubmitLoanPreferencesNegative"
"Create Inspection for the carID generated in Car Creation","1","PostCreateInspection - Special characters in id","API_Regression_Suite","2026-03-25","skipped","2026-03-25","autochek_api_negative.DetachTyresSpecification.DetachTyresSpecificationNegative","Autochek_API_Automation","autochek_api_negative.DetachTyresSpecification.DetachTyresSpecificationNegative","PostCreateInspection"
"","1456","GetFranchiseList - country is SQL injection","API_Regression_Suite","2026-03-25","passed","2026-03-25","autochek_api_negative.UserService.UserServiceNegative","Autochek_API_Automation","autochek_api_negative.UserService.UserServiceNegative","GetFranchiseList"
"Submit Loan Customer Preferences","395","SubmitLoanPreferencesNegative - desiredLoanCurrency null","API_Regression_Suite","2026-03-25","failed","2026-03-25","autochek_api_negative.OfferSimulation.OfferSimulationNegative","Autochek_API_Automation","autochek_api_negative.OfferSimulation.OfferSimulationNegative","SubmitLoanPreferencesNegative"
"Submit Loan Customer Preferences","398","SubmitLoanPreferencesNegative - upfrontCreditLifeInsurance wrong string true","API_Regression_Suite","2026-03-25","failed","2026-03-25","autochek_api_negative.OfferSimulation.OfferSimulationNegative","Autochek_API_Automation","autochek_api_negative.OfferSimulation.OfferSimulationNegative","SubmitLoanPreferencesNegative"
"Validates GET /v2/origination/partners with dynamic parameters - Positive Test","492","GetPartnersList - country is KE","API_Regression_Suite","2026-03-25","passed","2026-03-25","autochek_api_positive.OriginationService.ResponsePayloadReductionV2APIs","Autochek_API_Automation","autochek_api_positive.OriginationService.ResponsePayloadReductionV2APIs","GetPartnersList"
"Submit Loan Customer Preferences","2304","SubmitLoanPreferencesNegative - tyreQuantity XSS injection","API_Regression_Suite","2026-03-25","passed","2026-03-25","autochek_api_negative.OfferSimulation.OfferSimulationNegative","Autochek_API_Automation","autochek_api_negative.OfferSimulation.OfferSimulationNegative","SubmitLoanPreferencesNegative"
"","894","submitLoanPreference - Omit interestRate","API_Regression_Suite","2026-03-25","passed","2026-03-25","autochek_api_positive.OfferSimulation.OfferSimulationPositive","Autochek_API_Automation","autochek_api_positive.OfferSimulation.OfferSimulationPositive","submitLoanPreference"
"","1","PostLookUpV2Negative - Identifier is too long to be valid phone number","API_Regression_Suite","2026-03-25","skipped","2026-03-25","autochek_api_negative.UserService.UserServiceV2Negative","Autochek_API_Automation","autochek_api_negative.UserService.UserServiceV2Negative","PostLookUpV2Negative"
"Validates GET /v1/inventory/car with dynamic parameters - Negative Test","1","GetCarListNegative - Validate API fails when passing multiple unrelated top-level relations","API_Regression_Suite","2026-03-25","skipped","2026-03-25","autochek_api_negative.InventoryService.DynamicResponseNegative","Autochek_API_Automation","autochek_api_negative.InventoryService.DynamicResponseNegative","GetCarListNegative"
"Validates GET /v1/inventory/make with dynamic fields filtering","0","GetMakeNegative - Pass numeric value as field","API_Regression_Suite","2026-03-25","skipped","2026-03-25","autochek_api_negative.InventoryService.DynamicResponseNegative","Autochek_API_Automation","autochek_api_negative.InventoryService.DynamicResponseNegative","GetMakeNegative"
"Update System Config dynamically for PASSWORD_POLICY or USER_SESSION","0","PatchSystemConfigV2 - MIN_LENGTH negative","API_Regression_Suite","2026-03-25","skipped","2026-03-25","autochek_api_negative.UserService.UserServiceV2Negative","Autochek_API_Automation","autochek_api_negative.UserService.UserServiceV2Negative","PatchSystemConfigV2"
"Negative test for Create System Config V2","0","PostSystemConfigV2 - MIN_LENGTH empty","API_Regression_Suite","2026-03-25","skipped","2026-03-25","autochek_api_negative.UserService.UserServiceV2Negative","Autochek_API_Automation","autochek_api_negative.UserService.UserServiceV2Negative","PostSystemConfigV2"
"","420","GetFranchiseList - status is number","API_Regression_Suite","2026-03-25","passed","2026-03-25","autochek_api_negative.UserService.UserServiceNegative","Autochek_API_Automation","autochek_api_negative.UserService.UserServiceNegative","GetFranchiseList"
"","1","UploadImage","API_Regression_Suite","2026-03-25","skipped","2026-03-25","autochek_api_negative.DetachTyresSpecification.DetachTyresSpecificationNegative","Autochek_API_Automation","autochek_api_negative.DetachTyresSpecification.DetachTyresSpecificationNegative","UploadImage"
"","430","CreateFranchise - owner with tab character","API_Regression_Suite","2026-03-25","passed","2026-03-25","autochek_api_negative.UserService.UserServiceNegative","Autochek_API_Automation","autochek_api_negative.UserService.UserServiceNegative","CreateFranchise"
"Validates GET /v2/origination/loans/{loan_id}/logbook/booking-info - Negative Test","496","GetBookingInfoForLogbookLoanNegative - Script injection (XSS attempt)","API_Regression_Suite","2026-03-25","passed","2026-03-25","autochek_api_negative.OriginationService.ResponsePayloadReductionV2APIsNegative","Autochek_API_Automation","autochek_api_negative.OriginationService.ResponsePayloadReductionV2APIsNegative","GetBookingInfoForLogbookLoanNegative"
"Create Inspection for the carID generated in Car Creation","1","PostCreateInspection - inspection_request_id invalid format + tyreCode too short","API_Regression_Suite","2026-03-25","skipped","2026-03-25","autochek_api_negative.DetachTyresSpecification.DetachTyresSpecificationNegative","Autochek_API_Automation","autochek_api_negative.DetachTyresSpecification.DetachTyresSpecificationNegative","PostCreateInspection"
"Validates GET /v1/inventory/body_type with dynamic parameters - Positive Test","0","GetBodyType - Validate only name field is returned","API_Regression_Suite","2026-03-25","skipped","2026-03-25","autochek_api_positive.InventoryService.DynamicResponsePositive","Autochek_API_Automation","autochek_api_positive.InventoryService.DynamicResponsePositive","GetBodyType"
"","447","GetFranchiseByID - array instead of string","API_Regression_Suite","2026-03-25","passed","2026-03-25","autochek_api_negative.UserService.UserServiceNegative","Autochek_API_Automation","autochek_api_negative.UserService.UserServiceNegative","GetFranchiseByID"
"","0","PostLoginV2Negative - Password too short (less than policy minimum)","API_Regression_Suite","2026-03-25","skipped","2026-03-25","autochek_api_negative.UserService.UserServiceV2Negative","Autochek_API_Automation","autochek_api_negative.UserService.UserServiceV2Negative","PostLoginV2Negative"
"","597","UpdateFranchise - longitude with special chars","API_Regression_Suite","2026-03-25","passed","2026-03-25","autochek_api_negative.UserService.UserServiceNegative","Autochek_API_Automation","autochek_api_negative.UserService.UserServiceNegative","UpdateFranchise"
"","653","CreateFranchise - onboarding_source is null","API_Regression_Suite","2026-03-25","passed","2026-03-25","autochek_api_negative.UserService.UserServiceNegative","Autochek_API_Automation","autochek_api_negative.UserService.UserServiceNegative","CreateFranchise"
"","1714","CreateFranchise - longitude as object","API_Regression_Suite","2026-03-25","passed","2026-03-25","autochek_api_negative.UserService.UserServiceNegative","Autochek_API_Automation","autochek_api_negative.UserService.UserServiceNegative","CreateFranchise"
"Update Car and Validate Response","1","PutUpdateCar - city with whitespace only","API_Regression_Suite","2026-03-25","skipped","2026-03-25","autochek_api_negative.DetachTyresSpecification.DetachTyresSpecificationNegative","Autochek_API_Automation","autochek_api_negative.DetachTyresSpecification.DetachTyresSpecificationNegative","PutUpdateCar"
"Submit Loan Customer Preferences","395","SubmitLoanPreferencesNegative - term blank","API_Regression_Suite","2026-03-25","failed","2026-03-25","autochek_api_negative.OfferSimulation.OfferSimulationNegative","Autochek_API_Automation","autochek_api_negative.OfferSimulation.OfferSimulationNegative","SubmitLoanPreferencesNegative"
"Submit Loan Customer Preferences","1203","SubmitLoanPreferencesNegative - upfrontWarranty very long string","API_Regression_Suite","2026-03-25","passed","2026-03-25","autochek_api_negative.OfferSimulation.OfferSimulationNegative","Autochek_API_Automation","autochek_api_negative.OfferSimulation.OfferSimulationNegative","SubmitLoanPreferencesNegative"
"Validates GET /v2/origination/sources with dynamic parameters - Negative Test","702","GetSourcesListNegative - country is boolean","API_Regression_Suite","2026-03-25","passed","2026-03-25","autochek_api_negative.OriginationService.ResponsePayloadReductionV2APIsNegative","Autochek_API_Automation","autochek_api_negative.OriginationService.ResponsePayloadReductionV2APIsNegative","GetSourcesListNegative"
"","0","PostLogoutV2Negative - Send refresh token containing SQL injection string in cookie","API_Regression_Suite","2026-03-25","skipped","2026-03-25","autochek_api_negative.UserService.UserServiceV2Negative","Autochek_API_Automation","autochek_api_negative.UserService.UserServiceV2Negative","PostLogoutV2Negative"
"","1","LogoutAndTestOtherSessionsRemainLoggedIn - {}","API_Regression_Suite","2026-03-25","skipped","2026-03-25","autochek_api_positive.UserService.UserServiceV2","Autochek_API_Automation","autochek_api_positive.UserService.UserServiceV2","LogoutAndTestOtherSessionsRemainLoggedIn"
"Update System Config dynamically for PASSWORD_POLICY or USER_SESSION","1","PatchSystemConfigV2 - MAX_CONCURRENT_SESSIONS boolean value","API_Regression_Suite","2026-03-25","skipped","2026-03-25","autochek_api_negative.UserService.UserServiceV2Negative","Autochek_API_Automation","autochek_api_negative.UserService.UserServiceV2Negative","PatchSystemConfigV2"
"","864","CreateFranchise - account_name is null","API_Regression_Suite","2026-03-25","passed","2026-03-25","autochek_api_negative.UserService.UserServiceNegative","Autochek_API_Automation","autochek_api_negative.UserService.UserServiceNegative","CreateFranchise"
"","1","PostUserSignUpV2Negative - UserType has an invalid value (not an allowed role)","API_Regression_Suite","2026-03-25","skipped","2026-03-25","autochek_api_negative.UserService.UserServiceV2Negative","Autochek_API_Automation","autochek_api_negative.UserService.UserServiceV2Negative","PostUserSignUpV2Negative"
"Update Car and Validate Response","0","PutUpdateCar - city too short (1 char)","API_Regression_Suite","2026-03-25","skipped","2026-03-25","autochek_api_negative.DetachTyresSpecification.DetachTyresSpecificationNegative","Autochek_API_Automation","autochek_api_negative.DetachTyresSpecification.DetachTyresSpecificationNegative","PutUpdateCar"
"Validates GET /v2/origination/offers with dynamic parameters - Positive Test","411","GetOffersListNegative - country is numeric string","API_Regression_Suite","2026-03-25","passed","2026-03-25","autochek_api_negative.OriginationService.ResponsePayloadReductionV2APIsNegative","Autochek_API_Automation","autochek_api_negative.OriginationService.ResponsePayloadReductionV2APIsNegative","GetOffersListNegative"
"Submit Loan Customer Preferences","3789","SubmitLoanPreferencesNegative - tyreBrand null","API_Regression_Suite","2026-03-25","passed","2026-03-25","autochek_api_negative.OfferSimulation.OfferSimulationNegative","Autochek_API_Automation","autochek_api_negative.OfferSimulation.OfferSimulationNegative","SubmitLoanPreferencesNegative"
"Validates GET /v1/inventory/inspection_request with dynamic parameters - Negative Test","0","GetInspectionRequestNegative - Pass comma without field names","API_Regression_Suite","2026-03-25","skipped","2026-03-25","autochek_api_negative.InventoryService.DynamicResponseNegative","Autochek_API_Automation","autochek_api_negative.InventoryService.DynamicResponseNegative","GetInspectionRequestNegative"
"Validates GET /v1/inspection with dynamic parameters - Negative Test","0","GetInspectionNegative - Pass numeric value in fields","API_Regression_Suite","2026-03-25","skipped","2026-03-25","autochek_api_negative.InventoryService.DynamicResponseNegative","Autochek_API_Automation","autochek_api_negative.InventoryService.DynamicResponseNegative","GetInspectionNegative"
"Validates GET /v2/origination/loans with dynamic parameters - Negative Test","451","GetLoansListNegative - page_size is special characters","API_Regression_Suite","2026-03-25","passed","2026-03-25","autochek_api_negative.OriginationService.ResponsePayloadReductionV2APIsNegative","Autochek_API_Automation","autochek_api_negative.OriginationService.ResponsePayloadReductionV2APIsNegative","GetLoansListNegative"
"","431","UpdateFranchise - street_name is null","API_Regression_Suite","2026-03-25","passed","2026-03-25","autochek_api_negative.UserService.UserServiceNegative","Autochek_API_Automation","autochek_api_negative.UserService.UserServiceNegative","UpdateFranchise"
"","711","CreateFranchise - display_address as number","API_Regression_Suite","2026-03-25","passed","2026-03-25","autochek_api_negative.UserService.UserServiceNegative","Autochek_API_Automation","autochek_api_negative.UserService.UserServiceNegative","CreateFranchise"
"Validates GET /v2/origination/loans/{loan_id}/logbook/car-details - Negative Test","504","GetLogbookCarDetailsByLoanIdNegative - Send loan_id as random alphanumeric invalid format","API_Regression_Suite","2026-03-25","passed","2026-03-25","autochek_api_negative.OriginationService.ResponsePayloadReductionV2APIsNegative","Autochek_API_Automation","autochek_api_negative.OriginationService.ResponsePayloadReductionV2APIsNegative","GetLogbookCarDetailsByLoanIdNegative"
"Submit Loan Customer Preferences","396","SubmitLoanPreferencesNegative - Include Licence Renewal Fees empty string","API_Regression_Suite","2026-03-25","failed","2026-03-25","autochek_api_negative.OfferSimulation.OfferSimulationNegative","Autochek_API_Automation","autochek_api_negative.OfferSimulation.OfferSimulationNegative","SubmitLoanPreferencesNegative"
"Validates GET /v1/inventory/body_type with dynamic parameters - Negative Test","0","GetBodyTypeNegative - Exclude a valid field with other valid field together","API_Regression_Suite","2026-03-25","skipped","2026-03-25","autochek_api_negative.InventoryService.DynamicResponseNegative","Autochek_API_Automation","autochek_api_negative.InventoryService.DynamicResponseNegative","GetBodyTypeNegative"
"Validates GET /v2/origination/sources with dynamic parameters - Negative Test","493","GetSourcesListNegative - country is special characters","API_Regression_Suite","2026-03-25","passed","2026-03-25","autochek_api_negative.OriginationService.ResponsePayloadReductionV2APIsNegative","Autochek_API_Automation","autochek_api_negative.OriginationService.ResponsePayloadReductionV2APIsNegative","GetSourcesListNegative"
"Update System Config dynamically for PASSWORD_POLICY or USER_SESSION","0","PatchSystemConfigV2 - REQUIRE_UPPERCASE decimal value","API_Regression_Suite","2026-03-25","skipped","2026-03-25","autochek_api_negative.UserService.UserServiceV2Negative","Autochek_API_Automation","autochek_api_negative.UserService.UserServiceV2Negative","PatchSystemConfigV2"
"","864","CreateFranchise - bank_name is null","API_Regression_Suite","2026-03-25","passed","2026-03-25","autochek_api_negative.UserService.UserServiceNegative","Autochek_API_Automation","autochek_api_negative.UserService.UserServiceNegative","CreateFranchise"
"Get Offer Details by LoanID","500","GetOffersByLoanIdNegative - SQL injection with DROP statement","API_Regression_Suite","2026-03-25","passed","2026-03-25","autochek_api_negative.OriginationService.ResponsePayloadReductionV2APIsNegative","Autochek_API_Automation","autochek_api_negative.OriginationService.ResponsePayloadReductionV2APIsNegative","GetOffersByLoanIdNegative"
"Update System Config dynamically for PASSWORD_POLICY or USER_SESSION","1","PatchSystemConfigV2 - REQUIRE_LOWERCASE string true instead of boolean","API_Regression_Suite","2026-03-25","skipped","2026-03-25","autochek_api_negative.UserService.UserServiceV2Negative","Autochek_API_Automation","autochek_api_negative.UserService.UserServiceV2Negative","PatchSystemConfigV2"
"Get Offer Details by OfferID","499","GetOffersByIdNegative - offer_id with very short string","API_Regression_Suite","2026-03-25","passed","2026-03-25","autochek_api_negative.OriginationService.ResponsePayloadReductionV2APIsNegative","Autochek_API_Automation","autochek_api_negative.OriginationService.ResponsePayloadReductionV2APIsNegative","GetOffersByIdNegative"
"","720","CreateFranchise - country special characters","API_Regression_Suite","2026-03-25","passed","2026-03-25","autochek_api_negative.UserService.UserServiceNegative","Autochek_API_Automation","autochek_api_negative.UserService.UserServiceNegative","CreateFranchise"
"Submit Loan Customer Preferences","2032","SubmitLoanPreferencesNegative - tyreBrand very long string","API_Regression_Suite","2026-03-25","passed","2026-03-25","autochek_api_negative.OfferSimulation.OfferSimulationNegative","Autochek_API_Automation","autochek_api_negative.OfferSimulation.OfferSimulationNegative","SubmitLoanPreferencesNegative"
"","1","PostUserSignUpV2Negative - LastName field is omitted from the request body","API_Regression_Suite","2026-03-25","skipped","2026-03-25","autochek_api_negative.UserService.UserServiceV2Negative","Autochek_API_Automation","autochek_api_negative.UserService.UserServiceV2Negative","PostUserSignUpV2Negative"
"Create Inspection for the carID generated in Car Creation","0","PostCreateInspection - Numeric value instead of string","API_Regression_Suite","2026-03-25","skipped","2026-03-25","autochek_api_negative.DetachTyresSpecification.DetachTyresSpecificationNegative","Autochek_API_Automation","autochek_api_negative.DetachTyresSpecification.DetachTyresSpecificationNegative","PostCreateInspection"
"Submit Loan Customer Preferences","519","SubmitLoanPreferencesNegative - upfrontVehicleRegistration null","API_Regression_Suite","2026-03-25","failed","2026-03-25","autochek_api_negative.OfferSimulation.OfferSimulationNegative","Autochek_API_Automation","autochek_api_negative.OfferSimulation.OfferSimulationNegative","SubmitLoanPreferencesNegative"
"Update Car and Validate Response","0","PutUpdateCar - owner_type invalid value not in list","API_Regression_Suite","2026-03-25","skipped","2026-03-25","autochek_api_negative.DetachTyresSpecification.DetachTyresSpecificationNegative","Autochek_API_Automation","autochek_api_negative.DetachTyresSpecification.DetachTyresSpecificationNegative","PutUpdateCar"
"","0","PatchUpdatePasswordV2Negative - SQL injection attempt","API_Regression_Suite","2026-03-25","skipped","2026-03-25","autochek_api_negative.UserService.UserServiceV2Negative","Autochek_API_Automation","autochek_api_negative.UserService.UserServiceV2Negative","PatchUpdatePasswordV2Negative"
"","0","PatchUpdatePasswordV2Negative - Password length of very large length","API_Regression_Suite","2026-03-25","skipped","2026-03-25","autochek_api_negative.UserService.UserServiceV2Negative","Autochek_API_Automation","autochek_api_negative.UserService.UserServiceV2Negative","PatchUpdatePasswordV2Negative"
"Validates GET /v2/origination/loans with dynamic parameters - Negative Test","439","GetLoansListNegative - country is null","API_Regression_Suite","2026-03-25","passed","2026-03-25","autochek_api_negative.OriginationService.ResponsePayloadReductionV2APIsNegative","Autochek_API_Automation","autochek_api_negative.OriginationService.ResponsePayloadReductionV2APIsNegative","GetLoansListNegative"
"Submit Loan Customer Preferences","504","SubmitLoanPreferencesNegative - term special characters","API_Regression_Suite","2026-03-25","passed","2026-03-25","autochek_api_negative.OfferSimulation.OfferSimulationNegative","Autochek_API_Automation","autochek_api_negative.OfferSimulation.OfferSimulationNegative","SubmitLoanPreferencesNegative"
"","0","PostLoginV2Negative - Existing username but wrong password","API_Regression_Suite","2026-03-25","skipped","2026-03-25","autochek_api_negative.UserService.UserServiceV2Negative","Autochek_API_Automation","autochek_api_negative.UserService.UserServiceV2Negative","PostLoginV2Negative"
"Update Car and Validate Response","0","PutUpdateCar - state with whitespace only","API_Regression_Suite","2026-03-25","skipped","2026-03-25","autochek_api_negative.DetachTyresSpecification.DetachTyresSpecificationNegative","Autochek_API_Automation","autochek_api_negative.DetachTyresSpecification.DetachTyresSpecificationNegative","PutUpdateCar"
"","0","PostLogoutV2Negative - Send invalid (tampered) access token","API_Regression_Suite","2026-03-25","skipped","2026-03-25","autochek_api_negative.UserService.UserServiceV2Negative","Autochek_API_Automation","autochek_api_negative.UserService.UserServiceV2Negative","PostLogoutV2Negative"
"Update Car and Validate Response","0","PutUpdateCar - state as null","API_Regression_Suite","2026-03-25","skipped","2026-03-25","autochek_api_negative.DetachTyresSpecification.DetachTyresSpecificationNegative","Autochek_API_Automation","autochek_api_negative.DetachTyresSpecification.DetachTyresSpecificationNegative","PutUpdateCar"
"","422","UpdateFranchise - nearest_landmark has numbers","API_Regression_Suite","2026-03-25","passed","2026-03-25","autochek_api_negative.UserService.UserServiceNegative","Autochek_API_Automation","autochek_api_negative.UserService.UserServiceNegative","UpdateFranchise"
"Validates GET /v1/inspection with dynamic parameters - Negative Test","0","GetInspectionNegative - Validate API fails when passing blank fields value","API_Regression_Suite","2026-03-25","skipped","2026-03-25","autochek_api_negative.InventoryService.DynamicResponseNegative","Autochek_API_Automation","autochek_api_negative.InventoryService.DynamicResponseNegative","GetInspectionNegative"
"Validates GET /v1/inventory/make with dynamic fields filtering","0","GetMakeNegative - Mix case sensitivity (upper vs lower)","API_Regression_Suite","2026-03-25","skipped","2026-03-25","autochek_api_negative.InventoryService.DynamicResponseNegative","Autochek_API_Automation","autochek_api_negative.InventoryService.DynamicResponseNegative","GetMakeNegative"
"","0","PostRefreshV2 - Send valid refresh token in Authorization header","API_Regression_Suite","2026-03-25","skipped","2026-03-25","autochek_api_positive.UserService.UserServiceV2","Autochek_API_Automation","autochek_api_positive.UserService.UserServiceV2","PostRefreshV2"
"Submit Loan Customer Preferences","426","SubmitLoanPreferencesNegative - upfrontCreditLifeInsurance SQL injection attempt","API_Regression_Suite","2026-03-25","failed","2026-03-25","autochek_api_negative.OfferSimulation.OfferSimulationNegative","Autochek_API_Automation","autochek_api_negative.OfferSimulation.OfferSimulationNegative","SubmitLoanPreferencesNegative"
"","0","PostLoginV2Negative - Username has only domain without name","API_Regression_Suite","2026-03-25","skipped","2026-03-25","autochek_api_negative.UserService.UserServiceV2Negative","Autochek_API_Automation","autochek_api_negative.UserService.UserServiceV2Negative","PostLoginV2Negative"
"Validates GET /v2/origination/offers with dynamic parameters - Positive Test","422","GetOffersListNegative - country is special characters","API_Regression_Suite","2026-03-25","passed","2026-03-25","autochek_api_negative.OriginationService.ResponsePayloadReductionV2APIsNegative","Autochek_API_Automation","autochek_api_negative.OriginationService.ResponsePayloadReductionV2APIsNegative","GetOffersListNegative"
"Validates GET /v1/origination/offers/{offer_Id}/loan-document with dynamic parameters - Negative Test","496","GetLoanDocumentsByOfferIdNegative - offer_id with very short string","API_Regression_Suite","2026-03-25","passed","2026-03-25","autochek_api_negative.OriginationService.ResponsePayloadReductionV2APIsNegative","Autochek_API_Automation","autochek_api_negative.OriginationService.ResponsePayloadReductionV2APIsNegative","GetLoanDocumentsByOfferIdNegative"
"","403","submitLoanPreference - Term 6 months","API_Regression_Suite","2026-03-25","passed","2026-03-25","autochek_api_positive.OfferSimulation.OfferSimulationPositive","Autochek_API_Automation","autochek_api_positive.OfferSimulation.OfferSimulationPositive","submitLoanPreference"
"Submit Loan Customer Preferences","406","SubmitLoanPreferencesNegative - Fee Payment Method unsupported value","API_Regression_Suite","2026-03-25","failed","2026-03-25","autochek_api_negative.OfferSimulation.OfferSimulationNegative","Autochek_API_Automation","autochek_api_negative.OfferSimulation.OfferSimulationNegative","SubmitLoanPreferencesNegative"
"Validates GET /v2/origination/loans/{loan_id}/logbook/booking-info - Negative Test","499","GetBookingInfoForLogbookLoanNegative - Send loan_id as numeric only","API_Regression_Suite","2026-03-25","passed","2026-03-25","autochek_api_negative.OriginationService.ResponsePayloadReductionV2APIsNegative","Autochek_API_Automation","autochek_api_negative.OriginationService.ResponsePayloadReductionV2APIsNegative","GetBookingInfoForLogbookLoanNegative"
"","1502","UpdateFranchise - email with spaces","API_Regression_Suite","2026-03-25","passed","2026-03-25","autochek_api_negative.UserService.UserServiceNegative","Autochek_API_Automation","autochek_api_negative.UserService.UserServiceNegative","UpdateFranchise"
"Validates GET /v2/origination/loans/{loan_id}/logbook/booking-info - Negative Test","493","GetBookingInfoForLogbookLoanNegative - loan_id with only special characters","API_Regression_Suite","2026-03-25","passed","2026-03-25","autochek_api_negative.OriginationService.ResponsePayloadReductionV2APIsNegative","Autochek_API_Automation","autochek_api_negative.OriginationService.ResponsePayloadReductionV2APIsNegative","GetBookingInfoForLogbookLoanNegative"
"","441","UpdateFranchise - city too long","API_Regression_Suite","2026-03-25","passed","2026-03-25","autochek_api_negative.UserService.UserServiceNegative","Autochek_API_Automation","autochek_api_negative.UserService.UserServiceNegative","UpdateFranchise"
"","0","PostEnableUserV2Negative - Send expired or invalid access token","API_Regression_Suite","2026-03-25","skipped","2026-03-25","autochek_api_negative.UserService.UserServiceV2Negative","Autochek_API_Automation","autochek_api_negative.UserService.UserServiceV2Negative","PostEnableUserV2Negative"
"Validates GET /v2/origination/loans/{loan_id}/logbook/car-details with dynamic parameters - Positive Test","1622","GetLogbookCarDetailsByLoanId","API_Regression_Suite","2026-03-25","passed","2026-03-25","autochek_api_positive.OriginationService.ResponsePayloadReductionV2APIs","Autochek_API_Automation","autochek_api_positive.OriginationService.ResponsePayloadReductionV2APIs","GetLogbookCarDetailsByLoanId"
"Create Inspection for the carID generated in Car Creation","0","PostCreateInspection - Too short inspection_request_summary_id","API_Regression_Suite","2026-03-25","skipped","2026-03-25","autochek_api_negative.DetachTyresSpecification.DetachTyresSpecificationNegative","Autochek_API_Automation","autochek_api_negative.DetachTyresSpecification.DetachTyresSpecificationNegative","PostCreateInspection"
"","1","PostLogoutAllAdminNegative - userId as numeric short value","API_Regression_Suite","2026-03-25","skipped","2026-03-25","autochek_api_negative.UserService.UserServiceV2Negative","Autochek_API_Automation","autochek_api_negative.UserService.UserServiceV2Negative","PostLogoutAllAdminNegative"
"Get the list of Tyre brands","414","GetTyreBrandsNegative - Pass HTML tags to test input validation","API_Regression_Suite","2026-03-25","passed","2026-03-25","autochek_api_negative.OfferSimulation.OfferSimulationNegative","Autochek_API_Automation","autochek_api_negative.OfferSimulation.OfferSimulationNegative","GetTyreBrandsNegative"
"Update System Config dynamically for PASSWORD_POLICY or USER_SESSION","0","PatchSystemConfigV2 - REQUIRE_NUMBER object structure passed","API_Regression_Suite","2026-03-25","skipped","2026-03-25","autochek_api_negative.UserService.UserServiceV2Negative","Autochek_API_Automation","autochek_api_negative.UserService.UserServiceV2Negative","PatchSystemConfigV2"
"Fetching loan by ID","504","GetLoanByIdNegative - loan_id with only special characters","API_Regression_Suite","2026-03-25","passed","2026-03-25","autochek_api_negative.OriginationService.ResponsePayloadReductionV2APIsNegative","Autochek_API_Automation","autochek_api_negative.OriginationService.ResponsePayloadReductionV2APIsNegative","GetLoanByIdNegative"
"","427","UpdateFranchise - address as html","API_Regression_Suite","2026-03-25","passed","2026-03-25","autochek_api_negative.UserService.UserServiceNegative","Autochek_API_Automation","autochek_api_negative.UserService.UserServiceNegative","UpdateFranchise"
"Validates GET /v1/inventory/car with dynamic parameters - Negative Test","0","GetCarListNegative - Pass excluded field with special char","API_Regression_Suite","2026-03-25","skipped","2026-03-25","autochek_api_negative.InventoryService.DynamicResponseNegative","Autochek_API_Automation","autochek_api_negative.InventoryService.DynamicResponseNegative","GetCarListNegative"
"","441","UpdateFranchise - nearest_landmark is null","API_Regression_Suite","2026-03-25","passed","2026-03-25","autochek_api_negative.UserService.UserServiceNegative","Autochek_API_Automation","autochek_api_negative.UserService.UserServiceNegative","UpdateFranchise"
"Create Inspection for the carID generated in Car Creation","0","PostCreateInspection - Null inspection_request_id","API_Regression_Suite","2026-03-25","skipped","2026-03-25","autochek_api_negative.DetachTyresSpecification.DetachTyresSpecificationNegative","Autochek_API_Automation","autochek_api_negative.DetachTyresSpecification.DetachTyresSpecificationNegative","PostCreateInspection"
"","451","UpdateFranchise - account_name is only whitespace","API_Regression_Suite","2026-03-25","passed","2026-03-25","autochek_api_negative.UserService.UserServiceNegative","Autochek_API_Automation","autochek_api_negative.UserService.UserServiceNegative","UpdateFranchise"
"","441","UpdateFranchise - nearest_landmark is empty","API_Regression_Suite","2026-03-25","passed","2026-03-25","autochek_api_negative.UserService.UserServiceNegative","Autochek_API_Automation","autochek_api_negative.UserService.UserServiceNegative","UpdateFranchise"
"Validates GET /v1/inventory/car with dynamic parameters - Negative Test","0","GetCarListNegative - Validate API fails when passing special characters as relation value","API_Regression_Suite","2026-03-25","skipped","2026-03-25","autochek_api_negative.InventoryService.DynamicResponseNegative","Autochek_API_Automation","autochek_api_negative.InventoryService.DynamicResponseNegative","GetCarListNegative"
"Validates GET /v2/origination/loans with dynamic parameters - Negative Test","798","GetLoansListNegative - country is longer than 2 chars","API_Regression_Suite","2026-03-25","passed","2026-03-25","autochek_api_negative.OriginationService.ResponsePayloadReductionV2APIsNegative","Autochek_API_Automation","autochek_api_negative.OriginationService.ResponsePayloadReductionV2APIsNegative","GetLoansListNegative"
"Update Car and Validate Response","0","PutUpdateCar - owner_type special characters","API_Regression_Suite","2026-03-25","skipped","2026-03-25","autochek_api_negative.DetachTyresSpecification.DetachTyresSpecificationNegative","Autochek_API_Automation","autochek_api_negative.DetachTyresSpecification.DetachTyresSpecificationNegative","PutUpdateCar"
"Validates GET /v1/inventory/make with dynamic fields filtering","0","GetMakeNegative - Pass field value from unrelated entity","API_Regression_Suite","2026-03-25","skipped","2026-03-25","autochek_api_negative.InventoryService.DynamicResponseNegative","Autochek_API_Automation","autochek_api_negative.InventoryService.DynamicResponseNegative","GetMakeNegative"
"","708","CreateFranchise - house_no is boolean true","API_Regression_Suite","2026-03-25","passed","2026-03-25","autochek_api_negative.UserService.UserServiceNegative","Autochek_API_Automation","autochek_api_negative.UserService.UserServiceNegative","CreateFranchise"
"Update Car and Validate Response","0","PutUpdateCar - owner_type script injection","API_Regression_Suite","2026-03-25","skipped","2026-03-25","autochek_api_negative.DetachTyresSpecification.DetachTyresSpecificationNegative","Autochek_API_Automation","autochek_api_negative.DetachTyresSpecification.DetachTyresSpecificationNegative","PutUpdateCar"
"","425","submitLoanPreference - Upfront Insurance TRUE","API_Regression_Suite","2026-03-25","passed","2026-03-25","autochek_api_positive.OfferSimulation.OfferSimulationPositive","Autochek_API_Automation","autochek_api_positive.OfferSimulation.OfferSimulationPositive","submitLoanPreference"
"","920","UpdateFranchise - is_anchor = []","API_Regression_Suite","2026-03-25","passed","2026-03-25","autochek_api_negative.UserService.UserServiceNegative","Autochek_API_Automation","autochek_api_negative.UserService.UserServiceNegative","UpdateFranchise"
"","0","PostEnableUserV2Negative - Send XSS payload as token","API_Regression_Suite","2026-03-25","skipped","2026-03-25","autochek_api_negative.UserService.UserServiceV2Negative","Autochek_API_Automation","autochek_api_negative.UserService.UserServiceV2Negative","PostEnableUserV2Negative"
"","445","UpdateFranchise - latitude = whitespace","API_Regression_Suite","2026-03-25","passed","2026-03-25","autochek_api_negative.UserService.UserServiceNegative","Autochek_API_Automation","autochek_api_negative.UserService.UserServiceNegative","UpdateFranchise"
"","755","CreateFranchise - nearest_landmark has numbers","API_Regression_Suite","2026-03-25","passed","2026-03-25","autochek_api_negative.UserService.UserServiceNegative","Autochek_API_Automation","autochek_api_negative.UserService.UserServiceNegative","CreateFranchise"
"","711","submitLoanPreference - Omit residualPercentage","API_Regression_Suite","2026-03-25","passed","2026-03-25","autochek_api_positive.OfferSimulation.OfferSimulationPositive","Autochek_API_Automation","autochek_api_positive.OfferSimulation.OfferSimulationPositive","submitLoanPreference"
"","981","UpdateFranchise - onboarding_source is null","API_Regression_Suite","2026-03-25","passed","2026-03-25","autochek_api_negative.UserService.UserServiceNegative","Autochek_API_Automation","autochek_api_negative.UserService.UserServiceNegative","UpdateFranchise"
"Update Car and Validate Response","1","PutUpdateCar - license_plate with whitespace only","API_Regression_Suite","2026-03-25","skipped","2026-03-25","autochek_api_negative.DetachTyresSpecification.DetachTyresSpecificationNegative","Autochek_API_Automation","autochek_api_negative.DetachTyresSpecification.DetachTyresSpecificationNegative","PutUpdateCar"
"","454","submitLoanPreference - Omit upfrontWarranty","API_Regression_Suite","2026-03-25","passed","2026-03-25","autochek_api_positive.OfferSimulation.OfferSimulationPositive","Autochek_API_Automation","autochek_api_positive.OfferSimulation.OfferSimulationPositive","submitLoanPreference"
"Delete USER_SESSION and PASSWORD_POLICY using stored IDs","0","deleteSystemConfigs - Delete with double slash in endpoint","API_Regression_Suite","2026-03-25","skipped","2026-03-25","autochek_api_negative.UserService.UserServiceV2Negative","Autochek_API_Automation","autochek_api_negative.UserService.UserServiceV2Negative","deleteSystemConfigs"
"","701","CreateFranchise - account_number too short","API_Regression_Suite","2026-03-25","passed","2026-03-25","autochek_api_negative.UserService.UserServiceNegative","Autochek_API_Automation","autochek_api_negative.UserService.UserServiceNegative","CreateFranchise"
"Validates GET /v2/origination/sources with dynamic parameters - Negative Test","495","GetBanksListNegative - country is boolean","API_Regression_Suite","2026-03-25","passed","2026-03-25","autochek_api_negative.OriginationService.ResponsePayloadReductionV2APIsNegative","Autochek_API_Automation","autochek_api_negative.OriginationService.ResponsePayloadReductionV2APIsNegative","GetBanksListNegative"
"","548","UpdateFranchise - email with invalid characters","API_Regression_Suite","2026-03-25","passed","2026-03-25","autochek_api_negative.UserService.UserServiceNegative","Autochek_API_Automation","autochek_api_negative.UserService.UserServiceNegative","UpdateFranchise"
"Negative test for Create System Config V2","0","PostSystemConfigV2 - MAX_LENGTH non-numeric","API_Regression_Suite","2026-03-25","skipped","2026-03-25","autochek_api_negative.UserService.UserServiceV2Negative","Autochek_API_Automation","autochek_api_negative.UserService.UserServiceV2Negative","PostSystemConfigV2"
"","516","submitLoanPreference - Upfront Tyres TRUE","API_Regression_Suite","2026-03-25","passed","2026-03-25","autochek_api_positive.OfferSimulation.OfferSimulationPositive","Autochek_API_Automation","autochek_api_positive.OfferSimulation.OfferSimulationPositive","submitLoanPreference"
"","749","CreateFranchise - longitude with alphanumeric","API_Regression_Suite","2026-03-25","passed","2026-03-25","autochek_api_negative.UserService.UserServiceNegative","Autochek_API_Automation","autochek_api_negative.UserService.UserServiceNegative","CreateFranchise"
"Submit Loan Customer Preferences","418","SubmitLoanPreferencesNegative - interestRateType blank","API_Regression_Suite","2026-03-25","failed","2026-03-25","autochek_api_negative.OfferSimulation.OfferSimulationNegative","Autochek_API_Automation","autochek_api_negative.OfferSimulation.OfferSimulationNegative","SubmitLoanPreferencesNegative"
"","2542","submitLoanPreference - Omit term","API_Regression_Suite","2026-03-25","passed","2026-03-25","autochek_api_positive.OfferSimulation.OfferSimulationPositive","Autochek_API_Automation","autochek_api_positive.OfferSimulation.OfferSimulationPositive","submitLoanPreference"
"Submit Loan Customer Preferences","403","SubmitLoanPreferencesNegative - upfrontInsurance long random text","API_Regression_Suite","2026-03-25","failed","2026-03-25","autochek_api_negative.OfferSimulation.OfferSimulationNegative","Autochek_API_Automation","autochek_api_negative.OfferSimulation.OfferSimulationNegative","SubmitLoanPreferencesNegative"
"Validates GET /v2/origination/loans with dynamic parameters - Positive Test","732","GetLoansList - valid request where page_size is at a boundary value (10)","API_Regression_Suite","2026-03-25","passed","2026-03-25","autochek_api_positive.OriginationService.ResponsePayloadReductionV2APIs","Autochek_API_Automation","autochek_api_positive.OriginationService.ResponsePayloadReductionV2APIs","GetLoansList"
"Negative test for Create System Config V2","0","PostSystemConfigV2 - REQUIRE_NUMBER zero value","API_Regression_Suite","2026-03-25","skipped","2026-03-25","autochek_api_negative.UserService.UserServiceV2Negative","Autochek_API_Automation","autochek_api_negative.UserService.UserServiceV2Negative","PostSystemConfigV2"
"Validates GET /v1/inventory/obds with dynamic parameters - Positive Test","0","GetObds - Validate code and description fields are returned","API_Regression_Suite","2026-03-25","skipped","2026-03-25","autochek_api_positive.InventoryService.DynamicResponsePositive","Autochek_API_Automation","autochek_api_positive.InventoryService.DynamicResponsePositive","GetObds"
"Validates GET /v2/origination/loans with dynamic parameters - Negative Test","487","GetLoansListNegative - page_size is negative","API_Regression_Suite","2026-03-25","passed","2026-03-25","autochek_api_negative.OriginationService.ResponsePayloadReductionV2APIsNegative","Autochek_API_Automation","autochek_api_negative.OriginationService.ResponsePayloadReductionV2APIsNegative","GetLoansListNegative"
"","755","CreateFranchise - onboarding_source is empty string","API_Regression_Suite","2026-03-25","passed","2026-03-25","autochek_api_negative.UserService.UserServiceNegative","Autochek_API_Automation","autochek_api_negative.UserService.UserServiceNegative","CreateFranchise"
"","731","CreateFranchise - account_name only spaces","API_Regression_Suite","2026-03-25","passed","2026-03-25","autochek_api_negative.UserService.UserServiceNegative","Autochek_API_Automation","autochek_api_negative.UserService.UserServiceNegative","CreateFranchise"
"Validates GET /v1/inventory/car with dynamic parameters - Negative Test","0","GetCarListNegative - Validate API fails when requesting invalid relation path","API_Regression_Suite","2026-03-25","skipped","2026-03-25","autochek_api_negative.InventoryService.DynamicResponseNegative","Autochek_API_Automation","autochek_api_negative.InventoryService.DynamicResponseNegative","GetCarListNegative"
"Delete USER_SESSION and PASSWORD_POLICY using stored IDs","0","deleteSystemConfigs - Delete using URL encoded characters","API_Regression_Suite","2026-03-25","skipped","2026-03-25","autochek_api_negative.UserService.UserServiceV2Negative","Autochek_API_Automation","autochek_api_negative.UserService.UserServiceV2Negative","deleteSystemConfigs"
"Submit Loan Customer Preferences","16107","SubmitLoanPreferencesNegative - requestedWarrantyPlan XSS injection","API_Regression_Suite","2026-03-25","passed","2026-03-25","autochek_api_negative.OfferSimulation.OfferSimulationNegative","Autochek_API_Automation","autochek_api_negative.OfferSimulation.OfferSimulationNegative","SubmitLoanPreferencesNegative"
"Validates GET /v1/origination/offers/{offer_Id}/loan-document with dynamic parameters - Negative Test","500","GetLoanDocumentsByOfferIdNegative - offer_id with very long string (300 chars)","API_Regression_Suite","2026-03-25","passed","2026-03-25","autochek_api_negative.OriginationService.ResponsePayloadReductionV2APIsNegative","Autochek_API_Automation","autochek_api_negative.OriginationService.ResponsePayloadReductionV2APIsNegative","GetLoanDocumentsByOfferIdNegative"
"Submit Loan Customer Preferences","414","SubmitLoanPreferencesNegative - feePaymentMethod SQL injection attempt","API_Regression_Suite","2026-03-25","failed","2026-03-25","autochek_api_negative.OfferSimulation.OfferSimulationNegative","Autochek_API_Automation","autochek_api_negative.OfferSimulation.OfferSimulationNegative","SubmitLoanPreferencesNegative"
"Negative test for Create System Config V2","0","PostSystemConfigV2 - MAX_CONCURRENT_SESSIONS boolean value","API_Regression_Suite","2026-03-25","skipped","2026-03-25","autochek_api_negative.UserService.UserServiceV2Negative","Autochek_API_Automation","autochek_api_negative.UserService.UserServiceV2Negative","PostSystemConfigV2"
"Validates GET /v2/origination/offers with dynamic parameters - Positive Test","489","GetOffersListNegative - country is longer than 2 chars","API_Regression_Suite","2026-03-25","passed","2026-03-25","autochek_api_negative.OriginationService.ResponsePayloadReductionV2APIsNegative","Autochek_API_Automation","autochek_api_negative.OriginationService.ResponsePayloadReductionV2APIsNegative","GetOffersListNegative"
"Validates GET /v1/inventory/body_type with dynamic parameters - Negative Test","1","GetBodyTypeNegative - Pass duplicate field values","API_Regression_Suite","2026-03-25","skipped","2026-03-25","autochek_api_negative.InventoryService.DynamicResponseNegative","Autochek_API_Automation","autochek_api_negative.InventoryService.DynamicResponseNegative","GetBodyTypeNegative"
"Create Car and Validate Response","0","CreateCar - Verify car creation with is_draft = true","API_Regression_Suite","2026-03-25","skipped","2026-03-25","autochek_api_positive.DetachTyreSpecification.DetachTyreSpecificationPositive","Autochek_API_Automation","autochek_api_positive.DetachTyreSpecification.DetachTyreSpecificationPositive","CreateCar"
"","447","UpdateFranchise - account_number too long","API_Regression_Suite","2026-03-25","passed","2026-03-25","autochek_api_negative.UserService.UserServiceNegative","Autochek_API_Automation","autochek_api_negative.UserService.UserServiceNegative","UpdateFranchise"
"Validates GET /v2/origination/loans/{loan_id}/accepted-offer - Negative Test","498","GetAcceptedOfferByLoanIdNegative - offer_id with very long string (300 chars)","API_Regression_Suite","2026-03-25","passed","2026-03-25","autochek_api_negative.OriginationService.ResponsePayloadReductionV2APIsNegative","Autochek_API_Automation","autochek_api_negative.OriginationService.ResponsePayloadReductionV2APIsNegative","GetAcceptedOfferByLoanIdNegative"
"Create Inspection for the carID generated in Car Creation","1","PostCreateInspection - SQL injection attempt in completed","API_Regression_Suite","2026-03-25","skipped","2026-03-25","autochek_api_negative.DetachTyresSpecification.DetachTyresSpecificationNegative","Autochek_API_Automation","autochek_api_negative.DetachTyresSpecification.DetachTyresSpecificationNegative","PostCreateInspection"
"Submit Loan Customer Preferences","407","SubmitLoanPreferencesNegative - upfrontCreditLifeInsurance null","API_Regression_Suite","2026-03-25","failed","2026-03-25","autochek_api_negative.OfferSimulation.OfferSimulationNegative","Autochek_API_Automation","autochek_api_negative.OfferSimulation.OfferSimulationNegative","SubmitLoanPreferencesNegative"
"","919","CreateFranchise - name is null","API_Regression_Suite","2026-03-25","passed","2026-03-25","autochek_api_negative.UserService.UserServiceNegative","Autochek_API_Automation","autochek_api_negative.UserService.UserServiceNegative","CreateFranchise"
"Submit Loan Customer Preferences","6396","SubmitLoanPreferencesNegative - tyreBrand array instead of string","API_Regression_Suite","2026-03-25","passed","2026-03-25","autochek_api_negative.OfferSimulation.OfferSimulationNegative","Autochek_API_Automation","autochek_api_negative.OfferSimulation.OfferSimulationNegative","SubmitLoanPreferencesNegative"
"Validates GET /v2/origination/partners with dynamic parameters - Positive Test","412","GetPartnersListNegative - page_size is special characters","API_Regression_Suite","2026-03-25","passed","2026-03-25","autochek_api_negative.OriginationService.ResponsePayloadReductionV2APIsNegative","Autochek_API_Automation","autochek_api_negative.OriginationService.ResponsePayloadReductionV2APIsNegative","GetPartnersListNegative"
"Validates GET /v2/origination/sources with dynamic parameters - Negative Test","414","GetBanksListNegative - page_size is array","API_Regression_Suite","2026-03-25","passed","2026-03-25","autochek_api_negative.OriginationService.ResponsePayloadReductionV2APIsNegative","Autochek_API_Automation","autochek_api_negative.OriginationService.ResponsePayloadReductionV2APIsNegative","GetBanksListNegative"
"Get Car Details to fetch Car ID","1358","GetCarDetails","API_Regression_Suite","2026-03-25","passed","2026-03-25","autochek_api_positive.OfferSimulation.OfferSimulationPositive","Autochek_API_Automation","autochek_api_positive.OfferSimulation.OfferSimulationPositive","GetCarDetails"
"Negative test for Create System Config V2","0","PostSystemConfigV2 - REQUIRE_LOWERCASE array structure passed","API_Regression_Suite","2026-03-25","skipped","2026-03-25","autochek_api_negative.UserService.UserServiceV2Negative","Autochek_API_Automation","autochek_api_negative.UserService.UserServiceV2Negative","PostSystemConfigV2"
"","428","UpdateFranchise - account_name has special characters","API_Regression_Suite","2026-03-25","passed","2026-03-25","autochek_api_negative.UserService.UserServiceNegative","Autochek_API_Automation","autochek_api_negative.UserService.UserServiceNegative","UpdateFranchise"
"Validates GET /v2/origination/sources with dynamic parameters - Negative Test","786","GetBanksListNegative - page_size is float","API_Regression_Suite","2026-03-25","passed","2026-03-25","autochek_api_negative.OriginationService.ResponsePayloadReductionV2APIsNegative","Autochek_API_Automation","autochek_api_negative.OriginationService.ResponsePayloadReductionV2APIsNegative","GetBanksListNegative"
"Negative test for Create System Config V2","1","PostSystemConfigV2 - MAX_CONCURRENT_SESSIONS special characters","API_Regression_Suite","2026-03-25","skipped","2026-03-25","autochek_api_negative.UserService.UserServiceV2Negative","Autochek_API_Automation","autochek_api_negative.UserService.UserServiceV2Negative","PostSystemConfigV2"
"","708","CreateFranchise - account_number too long","API_Regression_Suite","2026-03-25","passed","2026-03-25","autochek_api_negative.UserService.UserServiceNegative","Autochek_API_Automation","autochek_api_negative.UserService.UserServiceNegative","CreateFranchise"
"Submit Loan Customer Preferences","431","SubmitLoanPreferencesNegative - equityContribution null","API_Regression_Suite","2026-03-25","failed","2026-03-25","autochek_api_negative.OfferSimulation.OfferSimulationNegative","Autochek_API_Automation","autochek_api_negative.OfferSimulation.OfferSimulationNegative","SubmitLoanPreferencesNegative"
"","410","submitLoanPreference - Upfront vehicle registration TRUE","API_Regression_Suite","2026-03-25","passed","2026-03-25","autochek_api_positive.OfferSimulation.OfferSimulationPositive","Autochek_API_Automation","autochek_api_positive.OfferSimulation.OfferSimulationPositive","submitLoanPreference"
"","780","CreateFranchise - email with invalid domain extension","API_Regression_Suite","2026-03-25","passed","2026-03-25","autochek_api_negative.UserService.UserServiceNegative","Autochek_API_Automation","autochek_api_negative.UserService.UserServiceNegative","CreateFranchise"
"","724","CreateFranchise - account_name as boolean","API_Regression_Suite","2026-03-25","passed","2026-03-25","autochek_api_negative.UserService.UserServiceNegative","Autochek_API_Automation","autochek_api_negative.UserService.UserServiceNegative","CreateFranchise"
"Create Car and Validate Response","1","CreateCar - Verify car creation with engine type 4-cylinder(I4)","API_Regression_Suite","2026-03-25","skipped","2026-03-25","autochek_api_positive.DetachTyreSpecification.DetachTyreSpecificationPositive","Autochek_API_Automation","autochek_api_positive.DetachTyreSpecification.DetachTyreSpecificationPositive","CreateCar"
"","710","CreateFranchise - is_anchor = whitespace","API_Regression_Suite","2026-03-25","passed","2026-03-25","autochek_api_negative.UserService.UserServiceNegative","Autochek_API_Automation","autochek_api_negative.UserService.UserServiceNegative","CreateFranchise"
"Submit Loan Customer Preferences","474","SubmitLoanPreferencesNegative - interestRate blank","API_Regression_Suite","2026-03-25","failed","2026-03-25","autochek_api_negative.OfferSimulation.OfferSimulationNegative","Autochek_API_Automation","autochek_api_negative.OfferSimulation.OfferSimulationNegative","SubmitLoanPreferencesNegative"
"","440","UpdateFranchise - account_name as number","API_Regression_Suite","2026-03-25","passed","2026-03-25","autochek_api_negative.UserService.UserServiceNegative","Autochek_API_Automation","autochek_api_negative.UserService.UserServiceNegative","UpdateFranchise"
"","449","UpdateFranchise - phone with newline/tab characters","API_Regression_Suite","2026-03-25","passed","2026-03-25","autochek_api_negative.UserService.UserServiceNegative","Autochek_API_Automation","autochek_api_negative.UserService.UserServiceNegative","UpdateFranchise"
"Update System Config dynamically for PASSWORD_POLICY or USER_SESSION","0","PatchSystemConfigV2 - DISALLOW_WHITESPACES numeric instead of boolean","API_Regression_Suite","2026-03-25","skipped","2026-03-25","autochek_api_negative.UserService.UserServiceV2Negative","Autochek_API_Automation","autochek_api_negative.UserService.UserServiceV2Negative","PatchSystemConfigV2"
"","523","CreateFranchise - owner is empty string","API_Regression_Suite","2026-03-25","passed","2026-03-25","autochek_api_negative.UserService.UserServiceNegative","Autochek_API_Automation","autochek_api_negative.UserService.UserServiceNegative","CreateFranchise"
"Validates GET /v2/origination/sources with dynamic parameters - Negative Test","472","GetSourcesListNegative - page_size is special characters","API_Regression_Suite","2026-03-25","passed","2026-03-25","autochek_api_negative.OriginationService.ResponsePayloadReductionV2APIsNegative","Autochek_API_Automation","autochek_api_negative.OriginationService.ResponsePayloadReductionV2APIsNegative","GetSourcesListNegative"
"","447","UpdateFranchise - bank_name is empty","API_Regression_Suite","2026-03-25","passed","2026-03-25","autochek_api_negative.UserService.UserServiceNegative","Autochek_API_Automation","autochek_api_negative.UserService.UserServiceNegative","UpdateFranchise"
"Submit Loan Customer Preferences","4102","SubmitLoanPreferencesNegative - tyreQuantity special characters","API_Regression_Suite","2026-03-25","passed","2026-03-25","autochek_api_negative.OfferSimulation.OfferSimulationNegative","Autochek_API_Automation","autochek_api_negative.OfferSimulation.OfferSimulationNegative","SubmitLoanPreferencesNegative"
"Update System Config dynamically for PASSWORD_POLICY or USER_SESSION","0","PatchSystemConfigV2 - REQUIRE_LOWERCASE decimal value","API_Regression_Suite","2026-03-25","skipped","2026-03-25","autochek_api_negative.UserService.UserServiceV2Negative","Autochek_API_Automation","autochek_api_negative.UserService.UserServiceV2Negative","PatchSystemConfigV2"
"","0","PostLogoutAllAdminNegative - userId as very long string (300 chars)","API_Regression_Suite","2026-03-25","skipped","2026-03-25","autochek_api_negative.UserService.UserServiceV2Negative","Autochek_API_Automation","autochek_api_negative.UserService.UserServiceV2Negative","PostLogoutAllAdminNegative"
"Validates GET /v1/inventory/make with dynamic fields filtering","1","GetMakeNegative - Pass excluded field with special chars","API_Regression_Suite","2026-03-25","skipped","2026-03-25","autochek_api_negative.InventoryService.DynamicResponseNegative","Autochek_API_Automation","autochek_api_negative.InventoryService.DynamicResponseNegative","GetMakeNegative"
"Validates GET /v2/origination/sources with dynamic parameters - Negative Test","502","GetBanksListNegative - country is number","API_Regression_Suite","2026-03-25","passed","2026-03-25","autochek_api_negative.OriginationService.ResponsePayloadReductionV2APIsNegative","Autochek_API_Automation","autochek_api_negative.OriginationService.ResponsePayloadReductionV2APIsNegative","GetBanksListNegative"
"","458","UpdateFranchise - street_name too long string","API_Regression_Suite","2026-03-25","passed","2026-03-25","autochek_api_negative.UserService.UserServiceNegative","Autochek_API_Automation","autochek_api_negative.UserService.UserServiceNegative","UpdateFranchise"
"","5473","UpdateFranchise - house_no is empty string","API_Regression_Suite","2026-03-25","passed","2026-03-25","autochek_api_negative.UserService.UserServiceNegative","Autochek_API_Automation","autochek_api_negative.UserService.UserServiceNegative","UpdateFranchise"
"Submit Loan Customer Preferences","412","SubmitLoanPreferencesNegative - residualPercentage non-numeric string","API_Regression_Suite","2026-03-25","failed","2026-03-25","autochek_api_negative.OfferSimulation.OfferSimulationNegative","Autochek_API_Automation","autochek_api_negative.OfferSimulation.OfferSimulationNegative","SubmitLoanPreferencesNegative"
"Validates GET /v1/inspection with dynamic parameters - Negative Test","0","GetInspectionNegative - Pass special chars in fields","API_Regression_Suite","2026-03-25","skipped","2026-03-25","autochek_api_negative.InventoryService.DynamicResponseNegative","Autochek_API_Automation","autochek_api_negative.InventoryService.DynamicResponseNegative","GetInspectionNegative"
"Validates GET /v1/inventory/inspection_request with dynamic parameters - Negative Test","0","GetInspectionRequestNegative - Try comment-based SQL injection","API_Regression_Suite","2026-03-25","skipped","2026-03-25","autochek_api_negative.InventoryService.DynamicResponseNegative","Autochek_API_Automation","autochek_api_negative.InventoryService.DynamicResponseNegative","GetInspectionRequestNegative"
"Create Inspection for the carID generated in Car Creation","0","PostCreateInspection - form_id empty + tyreCode invalid","API_Regression_Suite","2026-03-25","skipped","2026-03-25","autochek_api_negative.DetachTyresSpecification.DetachTyresSpecificationNegative","Autochek_API_Automation","autochek_api_negative.DetachTyresSpecification.DetachTyresSpecificationNegative","PostCreateInspection"
"","420","GetFranchiseList - status is SQL injection","API_Regression_Suite","2026-03-25","passed","2026-03-25","autochek_api_negative.UserService.UserServiceNegative","Autochek_API_Automation","autochek_api_negative.UserService.UserServiceNegative","GetFranchiseList"
"Create Inspection for the carID generated in Car Creation","0","PostCreateInspection - Negative number for id","API_Regression_Suite","2026-03-25","skipped","2026-03-25","autochek_api_negative.DetachTyresSpecification.DetachTyresSpecificationNegative","Autochek_API_Automation","autochek_api_negative.DetachTyresSpecification.DetachTyresSpecificationNegative","PostCreateInspection"
"Create Car and Validate Response","0","CreateCar - Verify car creation with mileage 10000 km","API_Regression_Suite","2026-03-25","skipped","2026-03-25","autochek_api_positive.DetachTyreSpecification.DetachTyreSpecificationPositive","Autochek_API_Automation","autochek_api_positive.DetachTyreSpecification.DetachTyreSpecificationPositive","CreateCar"
"Accept Simulation Offer","505","AcceptOfferNegative - loan_id with only special characters","API_Regression_Suite","2026-03-25","passed","2026-03-25","autochek_api_negative.OfferSimulation.OfferSimulationNegative","Autochek_API_Automation","autochek_api_negative.OfferSimulation.OfferSimulationNegative","AcceptOfferNegative"
"","439","UpdateFranchise - map_address is empty string","API_Regression_Suite","2026-03-25","passed","2026-03-25","autochek_api_negative.UserService.UserServiceNegative","Autochek_API_Automation","autochek_api_negative.UserService.UserServiceNegative","UpdateFranchise"
"Validates GET /v1/origination/offers/{offer_Id}/loan-document with dynamic parameters - Negative Test","495","GetLoanDocumentsByOfferIdNegative - Send offer_id as null","API_Regression_Suite","2026-03-25","passed","2026-03-25","autochek_api_negative.OriginationService.ResponsePayloadReductionV2APIsNegative","Autochek_API_Automation","autochek_api_negative.OriginationService.ResponsePayloadReductionV2APIsNegative","GetLoanDocumentsByOfferIdNegative"
"Validates GET /v2/origination/loans/{loan_id}/logbook/booking-info - Negative Test","510","GetBookingInfoForLogbookLoanNegative - HTML tag injection","API_Regression_Suite","2026-03-25","passed","2026-03-25","autochek_api_negative.OriginationService.ResponsePayloadReductionV2APIsNegative","Autochek_API_Automation","autochek_api_negative.OriginationService.ResponsePayloadReductionV2APIsNegative","GetBookingInfoForLogbookLoanNegative"
"","722","CreateFranchise - phone with letters","API_Regression_Suite","2026-03-25","passed","2026-03-25","autochek_api_negative.UserService.UserServiceNegative","Autochek_API_Automation","autochek_api_negative.UserService.UserServiceNegative","CreateFranchise"
"","419","GetFranchiseList - status is empty string","API_Regression_Suite","2026-03-25","passed","2026-03-25","autochek_api_negative.UserService.UserServiceNegative","Autochek_API_Automation","autochek_api_negative.UserService.UserServiceNegative","GetFranchiseList"
"","440","UpdateFranchise - latitude = ""abc""","API_Regression_Suite","2026-03-25","passed","2026-03-25","autochek_api_negative.UserService.UserServiceNegative","Autochek_API_Automation","autochek_api_negative.UserService.UserServiceNegative","UpdateFranchise"
"Validates GET /v2/origination/loans/{loan_id}/accepted-offer - Negative Test","498","GetAcceptedOfferByLoanIdNegative - offer_id with very short string","API_Regression_Suite","2026-03-25","passed","2026-03-25","autochek_api_negative.OriginationService.ResponsePayloadReductionV2APIsNegative","Autochek_API_Automation","autochek_api_negative.OriginationService.ResponsePayloadReductionV2APIsNegative","GetAcceptedOfferByLoanIdNegative"
"","0","PostUserSignUpV2 - Verify signup with userType = internal","API_Regression_Suite","2026-03-25","skipped","2026-03-25","autochek_api_positive.UserService.UserServiceV2","Autochek_API_Automation","autochek_api_positive.UserService.UserServiceV2","PostUserSignUpV2"
"Validates GET /v2/origination/loans/{loan_id}/logbook/booking-info - Negative Test","502","GetBookingInfoForLogbookLoanNegative - loan_id with very long string","API_Regression_Suite","2026-03-25","passed","2026-03-25","autochek_api_negative.OriginationService.ResponsePayloadReductionV2APIsNegative","Autochek_API_Automation","autochek_api_negative.OriginationService.ResponsePayloadReductionV2APIsNegative","GetBookingInfoForLogbookLoanNegative"
"Validates GET /v2/origination/offers with dynamic parameters - Positive Test","454","GetOffersListNegative - country is number","API_Regression_Suite","2026-03-25","passed","2026-03-25","autochek_api_negative.OriginationService.ResponsePayloadReductionV2APIsNegative","Autochek_API_Automation","autochek_api_negative.OriginationService.ResponsePayloadReductionV2APIsNegative","GetOffersListNegative"
"","0","GetMeV2Negative - Empty cookie value for access token","API_Regression_Suite","2026-03-25","skipped","2026-03-25","autochek_api_negative.UserService.UserServiceV2Negative","Autochek_API_Automation","autochek_api_negative.UserService.UserServiceV2Negative","GetMeV2Negative"
"Validates GET /v1/inventory/make with dynamic fields filtering","0","GetMakeNegative - Pass special characters in field","API_Regression_Suite","2026-03-25","skipped","2026-03-25","autochek_api_negative.InventoryService.DynamicResponseNegative","Autochek_API_Automation","autochek_api_negative.InventoryService.DynamicResponseNegative","GetMakeNegative"
"Update Car and Validate Response","0","PutUpdateCar - is_upgraded as string instead of boolean","API_Regression_Suite","2026-03-25","skipped","2026-03-25","autochek_api_negative.DetachTyresSpecification.DetachTyresSpecificationNegative","Autochek_API_Automation","autochek_api_negative.DetachTyresSpecification.DetachTyresSpecificationNegative","PutUpdateCar"
"Submit Loan Customer Preferences","383","SubmitLoanPreferencesNegative - dealDiscount >100%","API_Regression_Suite","2026-03-25","failed","2026-03-25","autochek_api_negative.OfferSimulation.OfferSimulationNegative","Autochek_API_Automation","autochek_api_negative.OfferSimulation.OfferSimulationNegative","SubmitLoanPreferencesNegative"
"Submit Loan Customer Preferences","10521","SubmitLoanPreferencesNegative - tyreQuantity negative","API_Regression_Suite","2026-03-25","passed","2026-03-25","autochek_api_negative.OfferSimulation.OfferSimulationNegative","Autochek_API_Automation","autochek_api_negative.OfferSimulation.OfferSimulationNegative","SubmitLoanPreferencesNegative"
"","1940","submitLoanPreference - Omit requestedWarrantyPlan","API_Regression_Suite","2026-03-25","passed","2026-03-25","autochek_api_positive.OfferSimulation.OfferSimulationPositive","Autochek_API_Automation","autochek_api_positive.OfferSimulation.OfferSimulationPositive","submitLoanPreference"
"","451","GetFranchiseByID - valid id in lowercase (case-sensitive mismatch)","API_Regression_Suite","2026-03-25","passed","2026-03-25","autochek_api_negative.UserService.UserServiceNegative","Autochek_API_Automation","autochek_api_negative.UserService.UserServiceNegative","GetFranchiseByID"
"","3403","submitLoanPreference - Omit upfrontMaintenancePlan","API_Regression_Suite","2026-03-25","passed","2026-03-25","autochek_api_positive.OfferSimulation.OfferSimulationPositive","Autochek_API_Automation","autochek_api_positive.OfferSimulation.OfferSimulationPositive","submitLoanPreference"
"Update Car and Validate Response","1","PutUpdateCar - address as null","API_Regression_Suite","2026-03-25","skipped","2026-03-25","autochek_api_negative.DetachTyresSpecification.DetachTyresSpecificationNegative","Autochek_API_Automation","autochek_api_negative.DetachTyresSpecification.DetachTyresSpecificationNegative","PutUpdateCar"
"","440","UpdateFranchise - state is null","API_Regression_Suite","2026-03-25","passed","2026-03-25","autochek_api_negative.UserService.UserServiceNegative","Autochek_API_Automation","autochek_api_negative.UserService.UserServiceNegative","UpdateFranchise"
"Get Offer Details by LoanID","725","GetOffersByLoanIdNegative - loan_id with only special characters","API_Regression_Suite","2026-03-25","passed","2026-03-25","autochek_api_negative.OriginationService.ResponsePayloadReductionV2APIsNegative","Autochek_API_Automation","autochek_api_negative.OriginationService.ResponsePayloadReductionV2APIsNegative","GetOffersByLoanIdNegative"
"Validates GET /v1/inspection with dynamic parameters - Negative Test","0","GetInspectionNegative - Pass excluded field with special char","API_Regression_Suite","2026-03-25","skipped","2026-03-25","autochek_api_negative.InventoryService.DynamicResponseNegative","Autochek_API_Automation","autochek_api_negative.InventoryService.DynamicResponseNegative","GetInspectionNegative"
"Create Inspection for the carID generated in Car Creation","1","PostCreateInspection - Invalid type string","API_Regression_Suite","2026-03-25","skipped","2026-03-25","autochek_api_negative.DetachTyresSpecification.DetachTyresSpecificationNegative","Autochek_API_Automation","autochek_api_negative.DetachTyresSpecification.DetachTyresSpecificationNegative","PostCreateInspection"
"Create Inspection for the carID generated in Car Creation","0","PostCreateInspection - Non-numeric string","API_Regression_Suite","2026-03-25","skipped","2026-03-25","autochek_api_negative.DetachTyresSpecification.DetachTyresSpecificationNegative","Autochek_API_Automation","autochek_api_negative.DetachTyresSpecification.DetachTyresSpecificationNegative","PostCreateInspection"
"Validates GET /v1/inventory/inspection_request with dynamic parameters - Negative Test","1","GetInspectionRequestNegative - Try SQL UNION based injection","API_Regression_Suite","2026-03-25","skipped","2026-03-25","autochek_api_negative.InventoryService.DynamicResponseNegative","Autochek_API_Automation","autochek_api_negative.InventoryService.DynamicResponseNegative","GetInspectionRequestNegative"
"Create System Config dynamically for PASSWORD_POLICY or USER_SESSION","1","PostSystemConfigV2 - Allow maximum 3 concurrent sessions","API_Regression_Suite","2026-03-25","skipped","2026-03-25","autochek_api_positive.UserService.UserServiceV2","Autochek_API_Automation","autochek_api_positive.UserService.UserServiceV2","PostSystemConfigV2"
"Validates GET /v2/origination/sources with dynamic parameters - Negative Test","450","GetSourcesListNegative - page_size is zero","API_Regression_Suite","2026-03-25","passed","2026-03-25","autochek_api_negative.OriginationService.ResponsePayloadReductionV2APIsNegative","Autochek_API_Automation","autochek_api_negative.OriginationService.ResponsePayloadReductionV2APIsNegative","GetSourcesListNegative"
"","653","CreateFranchise - onboarding_source is boolean true","API_Regression_Suite","2026-03-25","passed","2026-03-25","autochek_api_negative.UserService.UserServiceNegative","Autochek_API_Automation","autochek_api_negative.UserService.UserServiceNegative","CreateFranchise"
"","0","PostLogoutV2 - Logout current session only.Other active sessions remain valid and functional.","API_Regression_Suite","2026-03-25","skipped","2026-03-25","autochek_api_positive.UserService.UserServiceV2","Autochek_API_Automation","autochek_api_positive.UserService.UserServiceV2","PostLogoutV2"
"","444","UpdateFranchise - is_anchor = 0","API_Regression_Suite","2026-03-25","passed","2026-03-25","autochek_api_negative.UserService.UserServiceNegative","Autochek_API_Automation","autochek_api_negative.UserService.UserServiceNegative","UpdateFranchise"
"Submit Loan Customer Preferences","407","SubmitLoanPreferencesNegative - equityContribution alphanumeric","API_Regression_Suite","2026-03-25","failed","2026-03-25","autochek_api_negative.OfferSimulation.OfferSimulationNegative","Autochek_API_Automation","autochek_api_negative.OfferSimulation.OfferSimulationNegative","SubmitLoanPreferencesNegative"
"","698","CreateFranchise - map_address is number","API_Regression_Suite","2026-03-25","passed","2026-03-25","autochek_api_negative.UserService.UserServiceNegative","Autochek_API_Automation","autochek_api_negative.UserService.UserServiceNegative","CreateFranchise"
"Validates GET /v1/inventory/make with dynamic fields filtering - Positive Test","1","GetMake - Verify response returns only name field","API_Regression_Suite","2026-03-25","skipped","2026-03-25","autochek_api_positive.InventoryService.DynamicResponsePositive","Autochek_API_Automation","autochek_api_positive.InventoryService.DynamicResponsePositive","GetMake"
"Validates GET /v1/inventory/body_type with dynamic parameters - Negative Test","1","GetBodyTypeNegative - Pass special characters in field","API_Regression_Suite","2026-03-25","skipped","2026-03-25","autochek_api_negative.InventoryService.DynamicResponseNegative","Autochek_API_Automation","autochek_api_negative.InventoryService.DynamicResponseNegative","GetBodyTypeNegative"
"Submit Loan Customer Preferences","407","SubmitLoanPreferencesNegative - upfrontVehicleTracking SQL injection attempt","API_Regression_Suite","2026-03-25","failed","2026-03-25","autochek_api_negative.OfferSimulation.OfferSimulationNegative","Autochek_API_Automation","autochek_api_negative.OfferSimulation.OfferSimulationNegative","SubmitLoanPreferencesNegative"
"","429","UpdateFranchise - account_name too long","API_Regression_Suite","2026-03-25","passed","2026-03-25","autochek_api_negative.UserService.UserServiceNegative","Autochek_API_Automation","autochek_api_negative.UserService.UserServiceNegative","UpdateFranchise"
"Validates GET /v1/inventory/body_type with dynamic parameters - Negative Test","1","GetBodyTypeNegative - Pass excluded field that doesn’t exist","API_Regression_Suite","2026-03-25","skipped","2026-03-25","autochek_api_negative.InventoryService.DynamicResponseNegative","Autochek_API_Automation","autochek_api_negative.InventoryService.DynamicResponseNegative","GetBodyTypeNegative"
"","714","CreateFranchise - account_name too long","API_Regression_Suite","2026-03-25","passed","2026-03-25","autochek_api_negative.UserService.UserServiceNegative","Autochek_API_Automation","autochek_api_negative.UserService.UserServiceNegative","CreateFranchise"
"Validates GET /v1/inspection with dynamic parameters - Negative Test","0","GetInspectionNegative - Validate API fails when passing completely unknown relation","API_Regression_Suite","2026-03-25","skipped","2026-03-25","autochek_api_negative.InventoryService.DynamicResponseNegative","Autochek_API_Automation","autochek_api_negative.InventoryService.DynamicResponseNegative","GetInspectionNegative"
"Submit Loan Customer Preferences","401","SubmitLoanPreferencesNegative - desiredLoanCurrency space only","API_Regression_Suite","2026-03-25","failed","2026-03-25","autochek_api_negative.OfferSimulation.OfferSimulationNegative","Autochek_API_Automation","autochek_api_negative.OfferSimulation.OfferSimulationNegative","SubmitLoanPreferencesNegative"
"","447","UpdateFranchise - account_number empty string","API_Regression_Suite","2026-03-25","passed","2026-03-25","autochek_api_negative.UserService.UserServiceNegative","Autochek_API_Automation","autochek_api_negative.UserService.UserServiceNegative","UpdateFranchise"
"","507","UpdateFranchise - owner is null","API_Regression_Suite","2026-03-25","passed","2026-03-25","autochek_api_negative.UserService.UserServiceNegative","Autochek_API_Automation","autochek_api_negative.UserService.UserServiceNegative","UpdateFranchise"
"","1","PostLogoutAllAdminNegative - userId with SQL injection attempt","API_Regression_Suite","2026-03-25","skipped","2026-03-25","autochek_api_negative.UserService.UserServiceV2Negative","Autochek_API_Automation","autochek_api_negative.UserService.UserServiceV2Negative","PostLogoutAllAdminNegative"
"Validates GET /v2/origination/offers with dynamic parameters - Positive Test","820","GetOffersList - country is NG","API_Regression_Suite","2026-03-25","passed","2026-03-25","autochek_api_positive.OriginationService.ResponsePayloadReductionV2APIs","Autochek_API_Automation","autochek_api_positive.OriginationService.ResponsePayloadReductionV2APIs","GetOffersList"
"Submit Loan Customer Preferences","400","SubmitLoanPreferencesNegative - upfrontCreditLifeInsurance XSS injection","API_Regression_Suite","2026-03-25","failed","2026-03-25","autochek_api_negative.OfferSimulation.OfferSimulationNegative","Autochek_API_Automation","autochek_api_negative.OfferSimulation.OfferSimulationNegative","SubmitLoanPreferencesNegative"
"Update System Config dynamically for PASSWORD_POLICY or USER_SESSION","0","PatchSystemConfigV2 - REQUIRE_LOWERCASE numeric instead of boolean","API_Regression_Suite","2026-03-25","skipped","2026-03-25","autochek_api_negative.UserService.UserServiceV2Negative","Autochek_API_Automation","autochek_api_negative.UserService.UserServiceV2Negative","PatchSystemConfigV2"
"","0","PostLoginV2Negative - Password field is omitted","API_Regression_Suite","2026-03-25","skipped","2026-03-25","autochek_api_negative.UserService.UserServiceV2Negative","Autochek_API_Automation","autochek_api_negative.UserService.UserServiceV2Negative","PostLoginV2Negative"
"","999","CreateFranchise - house_no too long string","API_Regression_Suite","2026-03-25","passed","2026-03-25","autochek_api_negative.UserService.UserServiceNegative","Autochek_API_Automation","autochek_api_negative.UserService.UserServiceNegative","CreateFranchise"
"","0","PostUserSignUpV2Negative - Country contains numeric value","API_Regression_Suite","2026-03-25","skipped","2026-03-25","autochek_api_negative.UserService.UserServiceV2Negative","Autochek_API_Automation","autochek_api_negative.UserService.UserServiceV2Negative","PostUserSignUpV2Negative"
"Submit Loan Customer Preferences","399","SubmitLoanPreferencesNegative - dealDiscount text","API_Regression_Suite","2026-03-25","failed","2026-03-25","autochek_api_negative.OfferSimulation.OfferSimulationNegative","Autochek_API_Automation","autochek_api_negative.OfferSimulation.OfferSimulationNegative","SubmitLoanPreferencesNegative"
"Negative test for Create System Config V2","0","PostSystemConfigV2 - REQUIRE_UPPERCASE special characters","API_Regression_Suite","2026-03-25","skipped","2026-03-25","autochek_api_negative.UserService.UserServiceV2Negative","Autochek_API_Automation","autochek_api_negative.UserService.UserServiceV2Negative","PostSystemConfigV2"
"","1396","CreateFranchise - latitude = true","API_Regression_Suite","2026-03-25","passed","2026-03-25","autochek_api_negative.UserService.UserServiceNegative","Autochek_API_Automation","autochek_api_negative.UserService.UserServiceNegative","CreateFranchise"
"Negative test for Create System Config V2","0","PostSystemConfigV2 - REQUIRE_SPECIAL_CHAR zero value","API_Regression_Suite","2026-03-25","skipped","2026-03-25","autochek_api_negative.UserService.UserServiceV2Negative","Autochek_API_Automation","autochek_api_negative.UserService.UserServiceV2Negative","PostSystemConfigV2"
"","454","UpdateFranchise - city ID is a very large number","API_Regression_Suite","2026-03-25","passed","2026-03-25","autochek_api_negative.UserService.UserServiceNegative","Autochek_API_Automation","autochek_api_negative.UserService.UserServiceNegative","UpdateFranchise"
"Validates GET /v1/inspection with dynamic parameters - Negative Test","1","GetInspectionNegative - Validate API fails when excluding a non-existent field","API_Regression_Suite","2026-03-25","skipped","2026-03-25","autochek_api_negative.InventoryService.DynamicResponseNegative","Autochek_API_Automation","autochek_api_negative.InventoryService.DynamicResponseNegative","GetInspectionNegative"
"","451","UpdateFranchise - name is empty string","API_Regression_Suite","2026-03-25","passed","2026-03-25","autochek_api_negative.UserService.UserServiceNegative","Autochek_API_Automation","autochek_api_negative.UserService.UserServiceNegative","UpdateFranchise"
"","456","UpdateFranchise - display_address with symbols","API_Regression_Suite","2026-03-25","passed","2026-03-25","autochek_api_negative.UserService.UserServiceNegative","Autochek_API_Automation","autochek_api_negative.UserService.UserServiceNegative","UpdateFranchise"
"Submit Loan Customer Preferences","398","SubmitLoanPreferencesNegative - upfrontMaintenancePlan JSON object instead of boolean","API_Regression_Suite","2026-03-25","failed","2026-03-25","autochek_api_negative.OfferSimulation.OfferSimulationNegative","Autochek_API_Automation","autochek_api_negative.OfferSimulation.OfferSimulationNegative","SubmitLoanPreferencesNegative"
"Update Car and Validate Response","0","PutUpdateCar - city too long (200 chars)","API_Regression_Suite","2026-03-25","skipped","2026-03-25","autochek_api_negative.DetachTyresSpecification.DetachTyresSpecificationNegative","Autochek_API_Automation","autochek_api_negative.DetachTyresSpecification.DetachTyresSpecificationNegative","PutUpdateCar"
"Get Offer Details by OfferID","1605","GetOffersById","API_Regression_Suite","2026-03-25","passed","2026-03-25","autochek_api_positive.OriginationService.ResponsePayloadReductionV2APIs","Autochek_API_Automation","autochek_api_positive.OriginationService.ResponsePayloadReductionV2APIs","GetOffersById"
"","0","PostLookUpV2Negative - Identifier contains letters in phone number","API_Regression_Suite","2026-03-25","skipped","2026-03-25","autochek_api_negative.UserService.UserServiceV2Negative","Autochek_API_Automation","autochek_api_negative.UserService.UserServiceV2Negative","PostLookUpV2Negative"
"","0","PostEnableUserV2Negative - Send userId that doesn’t exist in system","API_Regression_Suite","2026-03-25","skipped","2026-03-25","autochek_api_negative.UserService.UserServiceV2Negative","Autochek_API_Automation","autochek_api_negative.UserService.UserServiceV2Negative","PostEnableUserV2Negative"
"Negative test for Create System Config V2","0","PostSystemConfigV2 - REQUIRE_LOWERCASE string true instead of boolean","API_Regression_Suite","2026-03-25","skipped","2026-03-25","autochek_api_negative.UserService.UserServiceV2Negative","Autochek_API_Automation","autochek_api_negative.UserService.UserServiceV2Negative","PostSystemConfigV2"
"Submit Loan Customer Preferences","405","SubmitLoanPreferencesNegative - feePaymentMethod numeric value","API_Regression_Suite","2026-03-25","failed","2026-03-25","autochek_api_negative.OfferSimulation.OfferSimulationNegative","Autochek_API_Automation","autochek_api_negative.OfferSimulation.OfferSimulationNegative","SubmitLoanPreferencesNegative"
"","5764","CreateFranchise - nearest_landmark too long","API_Regression_Suite","2026-03-25","passed","2026-03-25","autochek_api_negative.UserService.UserServiceNegative","Autochek_API_Automation","autochek_api_negative.UserService.UserServiceNegative","CreateFranchise"
"","445","UpdateFranchise - is_anchor = whitespace","API_Regression_Suite","2026-03-25","passed","2026-03-25","autochek_api_negative.UserService.UserServiceNegative","Autochek_API_Automation","autochek_api_negative.UserService.UserServiceNegative","UpdateFranchise"
"Validates GET /v2/origination/banks with dynamic parameters - Positive Test","483","GetBanksList - country is NG","API_Regression_Suite","2026-03-25","passed","2026-03-25","autochek_api_positive.OriginationService.ResponsePayloadReductionV2APIs","Autochek_API_Automation","autochek_api_positive.OriginationService.ResponsePayloadReductionV2APIs","GetBanksList"
"","0","PostEnableUserV2 - Send valid userId which is already enabled","API_Regression_Suite","2026-03-25","skipped","2026-03-25","autochek_api_positive.UserService.UserServiceV2","Autochek_API_Automation","autochek_api_positive.UserService.UserServiceV2","PostEnableUserV2"
"","440","UpdateFranchise - city with special characters","API_Regression_Suite","2026-03-25","passed","2026-03-25","autochek_api_negative.UserService.UserServiceNegative","Autochek_API_Automation","autochek_api_negative.UserService.UserServiceNegative","UpdateFranchise"
"Validates GET /v1/inspection with dynamic parameters - Positive Test","0","GetInspection - Validate only car field is returned","API_Regression_Suite","2026-03-25","skipped","2026-03-25","autochek_api_positive.InventoryService.DynamicResponsePositive","Autochek_API_Automation","autochek_api_positive.InventoryService.DynamicResponsePositive","GetInspection"
"","1220","submitLoanPreference - Tyre Brand Annaite","API_Regression_Suite","2026-03-25","passed","2026-03-25","autochek_api_positive.OfferSimulation.OfferSimulationPositive","Autochek_API_Automation","autochek_api_positive.OfferSimulation.OfferSimulationPositive","submitLoanPreference"
"Validates GET /v1/inspection with dynamic parameters - Negative Test","0","GetInspectionNegative - Pass field value inside relations","API_Regression_Suite","2026-03-25","skipped","2026-03-25","autochek_api_negative.InventoryService.DynamicResponseNegative","Autochek_API_Automation","autochek_api_negative.InventoryService.DynamicResponseNegative","GetInspectionNegative"
"Update Car and Validate Response","0","PutUpdateCar - city as null","API_Regression_Suite","2026-03-25","skipped","2026-03-25","autochek_api_negative.DetachTyresSpecification.DetachTyresSpecificationNegative","Autochek_API_Automation","autochek_api_negative.DetachTyresSpecification.DetachTyresSpecificationNegative","PutUpdateCar"
"Validates GET /v1/origination/offers/{offer_Id}/loan-document with dynamic parameters - Negative Test","503","GetLoanDocumentsByOfferIdNegative - Send offer_id as whitespace only","API_Regression_Suite","2026-03-25","passed","2026-03-25","autochek_api_negative.OriginationService.ResponsePayloadReductionV2APIsNegative","Autochek_API_Automation","autochek_api_negative.OriginationService.ResponsePayloadReductionV2APIsNegative","GetLoanDocumentsByOfferIdNegative"
"Validates GET /v1/inventory/inspection_request with dynamic parameters - Negative Test","1","GetInspectionRequestNegative - Pass whitespace-only value","API_Regression_Suite","2026-03-25","skipped","2026-03-25","autochek_api_negative.InventoryService.DynamicResponseNegative","Autochek_API_Automation","autochek_api_negative.InventoryService.DynamicResponseNegative","GetInspectionRequestNegative"
"Create Inspection for the carID generated in Car Creation","0","PostCreateInspection - Whitespaces only","API_Regression_Suite","2026-03-25","skipped","2026-03-25","autochek_api_negative.DetachTyresSpecification.DetachTyresSpecificationNegative","Autochek_API_Automation","autochek_api_negative.DetachTyresSpecification.DetachTyresSpecificationNegative","PostCreateInspection"
"Validates GET /v2/origination/sources with dynamic parameters - Negative Test","493","GetBanksListNegative - page_size is zero","API_Regression_Suite","2026-03-25","passed","2026-03-25","autochek_api_negative.OriginationService.ResponsePayloadReductionV2APIsNegative","Autochek_API_Automation","autochek_api_negative.OriginationService.ResponsePayloadReductionV2APIsNegative","GetBanksListNegative"
"Update System Config dynamically for PASSWORD_POLICY or USER_SESSION","0","PatchSystemConfigV2 - REQUIRE_LOWERCASE array structure passed","API_Regression_Suite","2026-03-25","skipped","2026-03-25","autochek_api_negative.UserService.UserServiceV2Negative","Autochek_API_Automation","autochek_api_negative.UserService.UserServiceV2Negative","PatchSystemConfigV2"
"Update System Config dynamically for PASSWORD_POLICY or USER_SESSION","1","PatchSystemConfigV2 - REQUIRE_UPPERCASE numeric instead of boolean","API_Regression_Suite","2026-03-25","skipped","2026-03-25","autochek_api_negative.UserService.UserServiceV2Negative","Autochek_API_Automation","autochek_api_negative.UserService.UserServiceV2Negative","PatchSystemConfigV2"
"","450","UpdateFranchise - address with special chars","API_Regression_Suite","2026-03-25","passed","2026-03-25","autochek_api_negative.UserService.UserServiceNegative","Autochek_API_Automation","autochek_api_negative.UserService.UserServiceNegative","UpdateFranchise"
"Update Car and Validate Response","0","PutUpdateCar - engine_number too short (1 char)","API_Regression_Suite","2026-03-25","skipped","2026-03-25","autochek_api_negative.DetachTyresSpecification.DetachTyresSpecificationNegative","Autochek_API_Automation","autochek_api_negative.DetachTyresSpecification.DetachTyresSpecificationNegative","PutUpdateCar"
"","529","submitLoanPreference - Omit upfrontVehicleTracking","API_Regression_Suite","2026-03-25","passed","2026-03-25","autochek_api_positive.OfferSimulation.OfferSimulationPositive","Autochek_API_Automation","autochek_api_positive.OfferSimulation.OfferSimulationPositive","submitLoanPreference"
"Validates GET /v2/origination/loans/{loan_id}/logbook/car-details - Negative Test","453","GetLogbookCarDetailsByLoanIdNegative - loan_id with very long string","API_Regression_Suite","2026-03-25","passed","2026-03-25","autochek_api_negative.OriginationService.ResponsePayloadReductionV2APIsNegative","Autochek_API_Automation","autochek_api_negative.OriginationService.ResponsePayloadReductionV2APIsNegative","GetLogbookCarDetailsByLoanIdNegative"
"","447","UpdateFranchise - account_name too short","API_Regression_Suite","2026-03-25","passed","2026-03-25","autochek_api_negative.UserService.UserServiceNegative","Autochek_API_Automation","autochek_api_negative.UserService.UserServiceNegative","UpdateFranchise"
"Negative test for Create System Config V2","0","PostSystemConfigV2 - REQUIRE_LOWERCASE decimal value","API_Regression_Suite","2026-03-25","skipped","2026-03-25","autochek_api_negative.UserService.UserServiceV2Negative","Autochek_API_Automation","autochek_api_negative.UserService.UserServiceV2Negative","PostSystemConfigV2"
"","852","CreateFranchise - display_address as boolean","API_Regression_Suite","2026-03-25","passed","2026-03-25","autochek_api_negative.UserService.UserServiceNegative","Autochek_API_Automation","autochek_api_negative.UserService.UserServiceNegative","CreateFranchise"
"","445","UpdateFranchise - bank_name special chars","API_Regression_Suite","2026-03-25","passed","2026-03-25","autochek_api_negative.UserService.UserServiceNegative","Autochek_API_Automation","autochek_api_negative.UserService.UserServiceNegative","UpdateFranchise"
"","0","SetUp","API_Regression_Suite","2026-03-25","broken","2026-03-25","autochek_api_positive.UserService.UserServiceV2","Autochek_API_Automation","autochek_api_positive.UserService.UserServiceV2","SetUp"
"Create Inspection for the carID generated in Car Creation","1","PostCreateInspection - Latitude out of valid range","API_Regression_Suite","2026-03-25","skipped","2026-03-25","autochek_api_negative.DetachTyresSpecification.DetachTyresSpecificationNegative","Autochek_API_Automation","autochek_api_negative.DetachTyresSpecification.DetachTyresSpecificationNegative","PostCreateInspection"
"Negative test for Create System Config V2","0","PostSystemConfigV2 - MAX_CONCURRENT_SESSIONS null value","API_Regression_Suite","2026-03-25","skipped","2026-03-25","autochek_api_negative.UserService.UserServiceV2Negative","Autochek_API_Automation","autochek_api_negative.UserService.UserServiceV2Negative","PostSystemConfigV2"
"","451","UpdateFranchise - street_name is empty","API_Regression_Suite","2026-03-25","passed","2026-03-25","autochek_api_negative.UserService.UserServiceNegative","Autochek_API_Automation","autochek_api_negative.UserService.UserServiceNegative","UpdateFranchise"
"Submit Loan Customer Preferences","434","SubmitLoanPreferencesNegative - vehicleDiscount text","API_Regression_Suite","2026-03-25","passed","2026-03-25","autochek_api_negative.OfferSimulation.OfferSimulationNegative","Autochek_API_Automation","autochek_api_negative.OfferSimulation.OfferSimulationNegative","SubmitLoanPreferencesNegative"
"Submit Loan Customer Preferences","704","SubmitLoanPreferencesNegative - upfrontCreditLifeInsurance special characters","API_Regression_Suite","2026-03-25","failed","2026-03-25","autochek_api_negative.OfferSimulation.OfferSimulationNegative","Autochek_API_Automation","autochek_api_negative.OfferSimulation.OfferSimulationNegative","SubmitLoanPreferencesNegative"
"","709","CreateFranchise - latitude = ""6.5244"" (string)","API_Regression_Suite","2026-03-25","passed","2026-03-25","autochek_api_negative.UserService.UserServiceNegative","Autochek_API_Automation","autochek_api_negative.UserService.UserServiceNegative","CreateFranchise"
"Validates GET /v1/inventory/model with dynamic parameters - Negative Test","0","GetModelListNegative - Pass duplicate relation","API_Regression_Suite","2026-03-25","skipped","2026-03-25","autochek_api_negative.InventoryService.DynamicResponseNegative","Autochek_API_Automation","autochek_api_negative.InventoryService.DynamicResponseNegative","GetModelListNegative"
"Validates GET /v2/origination/loans/{loan_id}/accepted-offer - Negative Test","501","GetAcceptedOfferByLoanIdNegative - Send offer_id as numeric only","API_Regression_Suite","2026-03-25","passed","2026-03-25","autochek_api_negative.OriginationService.ResponsePayloadReductionV2APIsNegative","Autochek_API_Automation","autochek_api_negative.OriginationService.ResponsePayloadReductionV2APIsNegative","GetAcceptedOfferByLoanIdNegative"
"Negative test for Create System Config V2","0","PostSystemConfigV2 - REQUIRE_NUMBER string true instead of boolean","API_Regression_Suite","2026-03-25","skipped","2026-03-25","autochek_api_negative.UserService.UserServiceV2Negative","Autochek_API_Automation","autochek_api_negative.UserService.UserServiceV2Negative","PostSystemConfigV2"
"Submit Loan Customer Preferences","401","SubmitLoanPreferencesNegative - equityContribution special characters","API_Regression_Suite","2026-03-25","failed","2026-03-25","autochek_api_negative.OfferSimulation.OfferSimulationNegative","Autochek_API_Automation","autochek_api_negative.OfferSimulation.OfferSimulationNegative","SubmitLoanPreferencesNegative"
"Create Inspection for the carID generated in Car Creation","0","PostCreateInspection - Special characters in completed","API_Regression_Suite","2026-03-25","skipped","2026-03-25","autochek_api_negative.DetachTyresSpecification.DetachTyresSpecificationNegative","Autochek_API_Automation","autochek_api_negative.DetachTyresSpecification.DetachTyresSpecificationNegative","PostCreateInspection"
"Get Offer Details by LoanID","487","GetOffersByLoanIdNegative - Send loan_id as whitespace only","API_Regression_Suite","2026-03-25","passed","2026-03-25","autochek_api_negative.OriginationService.ResponsePayloadReductionV2APIsNegative","Autochek_API_Automation","autochek_api_negative.OriginationService.ResponsePayloadReductionV2APIsNegative","GetOffersByLoanIdNegative"
"Negative test for Create System Config V2","0","PostSystemConfigV2 - REQUIRE_NUMBER numeric other than boolean","API_Regression_Suite","2026-03-25","skipped","2026-03-25","autochek_api_negative.UserService.UserServiceV2Negative","Autochek_API_Automation","autochek_api_negative.UserService.UserServiceV2Negative","PostSystemConfigV2"
"Validates GET /v2/origination/loans/{loan_id}/accepted-offer - Negative Test","499","GetAcceptedOfferByLoanIdNegative - Send offer_id as whitespace only","API_Regression_Suite","2026-03-25","passed","2026-03-25","autochek_api_negative.OriginationService.ResponsePayloadReductionV2APIsNegative","Autochek_API_Automation","autochek_api_negative.OriginationService.ResponsePayloadReductionV2APIsNegative","GetAcceptedOfferByLoanIdNegative"
"Validates GET /v1/inventory/model with dynamic parameters - Negative Test","1","GetModelListNegative - Pass numeric relation","API_Regression_Suite","2026-03-25","skipped","2026-03-25","autochek_api_negative.InventoryService.DynamicResponseNegative","Autochek_API_Automation","autochek_api_negative.InventoryService.DynamicResponseNegative","GetModelListNegative"
"","446","UpdateFranchise - account_bvn is null","API_Regression_Suite","2026-03-25","passed","2026-03-25","autochek_api_negative.UserService.UserServiceNegative","Autochek_API_Automation","autochek_api_negative.UserService.UserServiceNegative","UpdateFranchise"
"Submit Loan Customer Preferences","394","SubmitLoanPreferencesNegative - monthlyPayment negative number","API_Regression_Suite","2026-03-25","failed","2026-03-25","autochek_api_negative.OfferSimulation.OfferSimulationNegative","Autochek_API_Automation","autochek_api_negative.OfferSimulation.OfferSimulationNegative","SubmitLoanPreferencesNegative"
"","713","CreateFranchise - email with spaces","API_Regression_Suite","2026-03-25","passed","2026-03-25","autochek_api_negative.UserService.UserServiceNegative","Autochek_API_Automation","autochek_api_negative.UserService.UserServiceNegative","CreateFranchise"
"Create Inspection for the carID generated in Car Creation","0","PostCreateInspection - Script injection attempt in country","API_Regression_Suite","2026-03-25","skipped","2026-03-25","autochek_api_negative.DetachTyresSpecification.DetachTyresSpecificationNegative","Autochek_API_Automation","autochek_api_negative.DetachTyresSpecification.DetachTyresSpecificationNegative","PostCreateInspection"
"","782","CreateFranchise - longitude out of bounds (>180)","API_Regression_Suite","2026-03-25","passed","2026-03-25","autochek_api_negative.UserService.UserServiceNegative","Autochek_API_Automation","autochek_api_negative.UserService.UserServiceNegative","CreateFranchise"
"Update Car and Validate Response","0","PutUpdateCar - address too short (1 char)","API_Regression_Suite","2026-03-25","skipped","2026-03-25","autochek_api_negative.DetachTyresSpecification.DetachTyresSpecificationNegative","Autochek_API_Automation","autochek_api_negative.DetachTyresSpecification.DetachTyresSpecificationNegative","PutUpdateCar"
"","0","PostUserSignUpV2Negative - PhoneNumber is an empty string","API_Regression_Suite","2026-03-25","skipped","2026-03-25","autochek_api_negative.UserService.UserServiceV2Negative","Autochek_API_Automation","autochek_api_negative.UserService.UserServiceV2Negative","PostUserSignUpV2Negative"
"Validates GET /v2/origination/loans with dynamic parameters - Negative Test","463","GetLoansListNegative - page_size is zero","API_Regression_Suite","2026-03-25","passed","2026-03-25","autochek_api_negative.OriginationService.ResponsePayloadReductionV2APIsNegative","Autochek_API_Automation","autochek_api_negative.OriginationService.ResponsePayloadReductionV2APIsNegative","GetLoansListNegative"
"Update System Config dynamically for PASSWORD_POLICY or USER_SESSION","0","PatchSystemConfigV2 - MIN_LENGTH extremely large","API_Regression_Suite","2026-03-25","skipped","2026-03-25","autochek_api_negative.UserService.UserServiceV2Negative","Autochek_API_Automation","autochek_api_negative.UserService.UserServiceV2Negative","PatchSystemConfigV2"
"Get TyreSpecs Details by Car ID","0","GetTyreSpecs - car_id whitespace only","API_Regression_Suite","2026-03-25","skipped","2026-03-25","autochek_api_negative.DetachTyresSpecification.DetachTyresSpecificationNegative","Autochek_API_Automation","autochek_api_negative.DetachTyresSpecification.DetachTyresSpecificationNegative","GetTyreSpecs"
"Update Car and Validate Response","0","PutUpdateCar - state too short (1 char)","API_Regression_Suite","2026-03-25","skipped","2026-03-25","autochek_api_negative.DetachTyresSpecification.DetachTyresSpecificationNegative","Autochek_API_Automation","autochek_api_negative.DetachTyresSpecification.DetachTyresSpecificationNegative","PutUpdateCar"
"","1730","submitLoanPreference - Omit vehicleDiscount","API_Regression_Suite","2026-03-25","passed","2026-03-25","autochek_api_positive.OfferSimulation.OfferSimulationPositive","Autochek_API_Automation","autochek_api_positive.OfferSimulation.OfferSimulationPositive","submitLoanPreference"
"Validates GET /v2/origination/sources with dynamic parameters - Negative Test","486","GetSourcesListNegative - country is number","API_Regression_Suite","2026-03-25","passed","2026-03-25","autochek_api_negative.OriginationService.ResponsePayloadReductionV2APIsNegative","Autochek_API_Automation","autochek_api_negative.OriginationService.ResponsePayloadReductionV2APIsNegative","GetSourcesListNegative"
"","445","UpdateFranchise - is_anchor = """"","API_Regression_Suite","2026-03-25","passed","2026-03-25","autochek_api_negative.UserService.UserServiceNegative","Autochek_API_Automation","autochek_api_negative.UserService.UserServiceNegative","UpdateFranchise"
"Validates /v2/origination/loans/{loan_id}/logbook/booking-info with dynamic parameters - Positive Test","1388","GetBookingInfoForLogbookLoan","API_Regression_Suite","2026-03-25","passed","2026-03-25","autochek_api_positive.OriginationService.ResponsePayloadReductionV2APIs","Autochek_API_Automation","autochek_api_positive.OriginationService.ResponsePayloadReductionV2APIs","GetBookingInfoForLogbookLoan"
"","853","CreateFranchise - longitude with special chars","API_Regression_Suite","2026-03-25","passed","2026-03-25","autochek_api_negative.UserService.UserServiceNegative","Autochek_API_Automation","autochek_api_negative.UserService.UserServiceNegative","CreateFranchise"
"Validates GET /v2/origination/loans/{loan_id}/logbook/booking-info - Negative Test","492","GetBookingInfoForLogbookLoanNegative - SQL injection with DROP statement","API_Regression_Suite","2026-03-25","passed","2026-03-25","autochek_api_negative.OriginationService.ResponsePayloadReductionV2APIsNegative","Autochek_API_Automation","autochek_api_negative.OriginationService.ResponsePayloadReductionV2APIsNegative","GetBookingInfoForLogbookLoanNegative"
"Validates GET /v2/origination/loans/{loan_id}/logbook/car-details - Negative Test","499","GetLogbookCarDetailsByLoanIdNegative - loan_id with only special characters","API_Regression_Suite","2026-03-25","passed","2026-03-25","autochek_api_negative.OriginationService.ResponsePayloadReductionV2APIsNegative","Autochek_API_Automation","autochek_api_negative.OriginationService.ResponsePayloadReductionV2APIsNegative","GetLogbookCarDetailsByLoanIdNegative"
"Negative test for Create System Config V2","0","PostSystemConfigV2 - REQUIRE_UPPERCASE null value","API_Regression_Suite","2026-03-25","skipped","2026-03-25","autochek_api_negative.UserService.UserServiceV2Negative","Autochek_API_Automation","autochek_api_negative.UserService.UserServiceV2Negative","PostSystemConfigV2"
"Negative test for Create System Config V2","0","PostSystemConfigV2 - REQUIRE_SPECIAL_CHAR null value","API_Regression_Suite","2026-03-25","skipped","2026-03-25","autochek_api_negative.UserService.UserServiceV2Negative","Autochek_API_Automation","autochek_api_negative.UserService.UserServiceV2Negative","PostSystemConfigV2"
"Create Inspection for the carID generated in Car Creation","1","PostCreateInspection - Empty value for completed","API_Regression_Suite","2026-03-25","skipped","2026-03-25","autochek_api_negative.DetachTyresSpecification.DetachTyresSpecificationNegative","Autochek_API_Automation","autochek_api_negative.DetachTyresSpecification.DetachTyresSpecificationNegative","PostCreateInspection"
"Validates GET /v1/inventory/inspection_request with dynamic parameters - Negative Test","0","GetInspectionRequestNegative - Try SQL injection style value","API_Regression_Suite","2026-03-25","skipped","2026-03-25","autochek_api_negative.InventoryService.DynamicResponseNegative","Autochek_API_Automation","autochek_api_negative.InventoryService.DynamicResponseNegative","GetInspectionRequestNegative"
"Fetching loan by ID","600","GetLoanByIdNegative - loan_id in base64 encoded format","API_Regression_Suite","2026-03-25","passed","2026-03-25","autochek_api_negative.OriginationService.ResponsePayloadReductionV2APIsNegative","Autochek_API_Automation","autochek_api_negative.OriginationService.ResponsePayloadReductionV2APIsNegative","GetLoanByIdNegative"
"","0","PatchUpdatePasswordV2 - Provided valid and new password","API_Regression_Suite","2026-03-25","skipped","2026-03-25","autochek_api_positive.UserService.UserServiceV2","Autochek_API_Automation","autochek_api_positive.UserService.UserServiceV2","PatchUpdatePasswordV2"
"","643","CreateFranchise - onboarding_source too long (>255 chars)","API_Regression_Suite","2026-03-25","passed","2026-03-25","autochek_api_negative.UserService.UserServiceNegative","Autochek_API_Automation","autochek_api_negative.UserService.UserServiceNegative","CreateFranchise"
"Validates GET /v1/inspection with dynamic parameters - Negative Test","0","GetInspectionNegative - Pass empty string in relations","API_Regression_Suite","2026-03-25","skipped","2026-03-25","autochek_api_negative.InventoryService.DynamicResponseNegative","Autochek_API_Automation","autochek_api_negative.InventoryService.DynamicResponseNegative","GetInspectionNegative"
"Submit Loan Customer Preferences","393","SubmitLoanPreferencesNegative - monthlyPayment special characters","API_Regression_Suite","2026-03-25","failed","2026-03-25","autochek_api_negative.OfferSimulation.OfferSimulationNegative","Autochek_API_Automation","autochek_api_negative.OfferSimulation.OfferSimulationNegative","SubmitLoanPreferencesNegative"
"Validates GET /v1/inspection with dynamic parameters - Negative Test","0","GetInspectionNegative - Validate API fails when passing relation path with invalid nesting format","API_Regression_Suite","2026-03-25","skipped","2026-03-25","autochek_api_negative.InventoryService.DynamicResponseNegative","Autochek_API_Automation","autochek_api_negative.InventoryService.DynamicResponseNegative","GetInspectionNegative"
"Validates GET /v1/inventory/car with dynamic parameters - Negative Test","1","GetCarListNegative - Validate API fails when excluding a non-existent field","API_Regression_Suite","2026-03-25","skipped","2026-03-25","autochek_api_negative.InventoryService.DynamicResponseNegative","Autochek_API_Automation","autochek_api_negative.InventoryService.DynamicResponseNegative","GetCarListNegative"
"","0","PostUserSignUpV2 - Verify signup with country = EG","API_Regression_Suite","2026-03-25","skipped","2026-03-25","autochek_api_positive.UserService.UserServiceV2","Autochek_API_Automation","autochek_api_positive.UserService.UserServiceV2","PostUserSignUpV2"
"Validates GET /v1/inventory/model with dynamic parameters - Negative Test","1","GetModelListNegative - Pass object instead of string","API_Regression_Suite","2026-03-25","skipped","2026-03-25","autochek_api_negative.InventoryService.DynamicResponseNegative","Autochek_API_Automation","autochek_api_negative.InventoryService.DynamicResponseNegative","GetModelListNegative"
"","419","UpdateFranchise - nearest_landmark too long","API_Regression_Suite","2026-03-25","passed","2026-03-25","autochek_api_negative.UserService.UserServiceNegative","Autochek_API_Automation","autochek_api_negative.UserService.UserServiceNegative","UpdateFranchise"
"Validates GET /v1/inventory/obds with dynamic parameters - Positive Test","1","GetObds - Validate only code field is returned","API_Regression_Suite","2026-03-25","skipped","2026-03-25","autochek_api_positive.InventoryService.DynamicResponsePositive","Autochek_API_Automation","autochek_api_positive.InventoryService.DynamicResponsePositive","GetObds"
"Submit Loan Customer Preferences","400","SubmitLoanPreferencesNegative - upfrontMaintenancePlan null","API_Regression_Suite","2026-03-25","failed","2026-03-25","autochek_api_negative.OfferSimulation.OfferSimulationNegative","Autochek_API_Automation","autochek_api_negative.OfferSimulation.OfferSimulationNegative","SubmitLoanPreferencesNegative"
"Validates GET /v1/inventory/inspection_request with dynamic parameters - Negative Test","1","GetInspectionRequestNegative - Pass an invalid field name not present in the response schema","API_Regression_Suite","2026-03-25","skipped","2026-03-25","autochek_api_negative.InventoryService.DynamicResponseNegative","Autochek_API_Automation","autochek_api_negative.InventoryService.DynamicResponseNegative","GetInspectionRequestNegative"
"","421","GetFranchiseList - all params missing","API_Regression_Suite","2026-03-25","passed","2026-03-25","autochek_api_negative.UserService.UserServiceNegative","Autochek_API_Automation","autochek_api_negative.UserService.UserServiceNegative","GetFranchiseList"
"Validates GET /v1/inventory/model with dynamic parameters - Positive Test","1","GetModelList - Validate only name field is returned","API_Regression_Suite","2026-03-25","skipped","2026-03-25","autochek_api_positive.InventoryService.DynamicResponsePositive","Autochek_API_Automation","autochek_api_positive.InventoryService.DynamicResponsePositive","GetModelList"
"","446","UpdateFranchise - bank_name as boolean","API_Regression_Suite","2026-03-25","passed","2026-03-25","autochek_api_negative.UserService.UserServiceNegative","Autochek_API_Automation","autochek_api_negative.UserService.UserServiceNegative","UpdateFranchise"
"Validates GET /v1/inventory/model with dynamic parameters - Negative Test","1","GetModelListNegative - Pass valid + invalid field together","API_Regression_Suite","2026-03-25","skipped","2026-03-25","autochek_api_negative.InventoryService.DynamicResponseNegative","Autochek_API_Automation","autochek_api_negative.InventoryService.DynamicResponseNegative","GetModelListNegative"
"Submit Loan Customer Preferences","409","SubmitLoanPreferencesNegative - desiredLoanCurrency lowercase code","API_Regression_Suite","2026-03-25","failed","2026-03-25","autochek_api_negative.OfferSimulation.OfferSimulationNegative","Autochek_API_Automation","autochek_api_negative.OfferSimulation.OfferSimulationNegative","SubmitLoanPreferencesNegative"
"","520","submitLoanPreference - Omit upfrontCreditLifeInsurance","API_Regression_Suite","2026-03-25","passed","2026-03-25","autochek_api_positive.OfferSimulation.OfferSimulationPositive","Autochek_API_Automation","autochek_api_positive.OfferSimulation.OfferSimulationPositive","submitLoanPreference"
"","423","UpdateFranchise - bank_name too short","API_Regression_Suite","2026-03-25","passed","2026-03-25","autochek_api_negative.UserService.UserServiceNegative","Autochek_API_Automation","autochek_api_negative.UserService.UserServiceNegative","UpdateFranchise"
"","741","CreateFranchise - bank_name too long","API_Regression_Suite","2026-03-25","passed","2026-03-25","autochek_api_negative.UserService.UserServiceNegative","Autochek_API_Automation","autochek_api_negative.UserService.UserServiceNegative","CreateFranchise"
"Update Car and Validate Response","0","PutUpdateCar - engine_number whitespace only","API_Regression_Suite","2026-03-25","skipped","2026-03-25","autochek_api_negative.DetachTyresSpecification.DetachTyresSpecificationNegative","Autochek_API_Automation","autochek_api_negative.DetachTyresSpecification.DetachTyresSpecificationNegative","PutUpdateCar"
"Submit Loan Customer Preferences","403","SubmitLoanPreferencesNegative - equityContribution zero","API_Regression_Suite","2026-03-25","failed","2026-03-25","autochek_api_negative.OfferSimulation.OfferSimulationNegative","Autochek_API_Automation","autochek_api_negative.OfferSimulation.OfferSimulationNegative","SubmitLoanPreferencesNegative"
"","1396","UpdateFranchise - display_address as boolean","API_Regression_Suite","2026-03-25","passed","2026-03-25","autochek_api_negative.UserService.UserServiceNegative","Autochek_API_Automation","autochek_api_negative.UserService.UserServiceNegative","UpdateFranchise"
"Update System Config dynamically for PASSWORD_POLICY or USER_SESSION","0","PatchSystemConfigV2 - REQUIRE_NUMBER array structure passed","API_Regression_Suite","2026-03-25","skipped","2026-03-25","autochek_api_negative.UserService.UserServiceV2Negative","Autochek_API_Automation","autochek_api_negative.UserService.UserServiceV2Negative","PatchSystemConfigV2"
"Update Car and Validate Response","0","PutUpdateCar - created_by too short (1 char)","API_Regression_Suite","2026-03-25","skipped","2026-03-25","autochek_api_negative.DetachTyresSpecification.DetachTyresSpecificationNegative","Autochek_API_Automation","autochek_api_negative.DetachTyresSpecification.DetachTyresSpecificationNegative","PutUpdateCar"
"Submit Loan Customer Preferences","9502","SubmitLoanPreferencesNegative - upfrontTyres very long string","API_Regression_Suite","2026-03-25","passed","2026-03-25","autochek_api_negative.OfferSimulation.OfferSimulationNegative","Autochek_API_Automation","autochek_api_negative.OfferSimulation.OfferSimulationNegative","SubmitLoanPreferencesNegative"
"Submit Loan Customer Preferences","401","SubmitLoanPreferencesNegative - feePaymentMethod very long string","API_Regression_Suite","2026-03-25","failed","2026-03-25","autochek_api_negative.OfferSimulation.OfferSimulationNegative","Autochek_API_Automation","autochek_api_negative.OfferSimulation.OfferSimulationNegative","SubmitLoanPreferencesNegative"
"","802","GetFranchiseList - page_size is array","API_Regression_Suite","2026-03-25","passed","2026-03-25","autochek_api_negative.UserService.UserServiceNegative","Autochek_API_Automation","autochek_api_negative.UserService.UserServiceNegative","GetFranchiseList"
"Negative test for Create System Config V2","0","PostSystemConfigV2 - REQUIRE_NUMBER special characters","API_Regression_Suite","2026-03-25","skipped","2026-03-25","autochek_api_negative.UserService.UserServiceV2Negative","Autochek_API_Automation","autochek_api_negative.UserService.UserServiceV2Negative","PostSystemConfigV2"
"Negative test for Create System Config V2","0","PostSystemConfigV2 - MIN_LENGTH negative","API_Regression_Suite","2026-03-25","skipped","2026-03-25","autochek_api_negative.UserService.UserServiceV2Negative","Autochek_API_Automation","autochek_api_negative.UserService.UserServiceV2Negative","PostSystemConfigV2"
"Negative test for Create System Config V2","0","PostSystemConfigV2 - MAX_LENGTH decimal","API_Regression_Suite","2026-03-25","skipped","2026-03-25","autochek_api_negative.UserService.UserServiceV2Negative","Autochek_API_Automation","autochek_api_negative.UserService.UserServiceV2Negative","PostSystemConfigV2"
"Validates GET /v2/origination/loans with dynamic parameters - Negative Test","458","GetLoansListNegative - country is boolean","API_Regression_Suite","2026-03-25","passed","2026-03-25","autochek_api_negative.OriginationService.ResponsePayloadReductionV2APIsNegative","Autochek_API_Automation","autochek_api_negative.OriginationService.ResponsePayloadReductionV2APIsNegative","GetLoansListNegative"
"","706","CreateFranchise - state too long","API_Regression_Suite","2026-03-25","passed","2026-03-25","autochek_api_negative.UserService.UserServiceNegative","Autochek_API_Automation","autochek_api_negative.UserService.UserServiceNegative","CreateFranchise"
"Fetching loan by ID","503","GetLoanByIdNegative - HTML tag injection","API_Regression_Suite","2026-03-25","passed","2026-03-25","autochek_api_negative.OriginationService.ResponsePayloadReductionV2APIsNegative","Autochek_API_Automation","autochek_api_negative.OriginationService.ResponsePayloadReductionV2APIsNegative","GetLoanByIdNegative"
"","722","CreateFranchise - bank_name html","API_Regression_Suite","2026-03-25","passed","2026-03-25","autochek_api_negative.UserService.UserServiceNegative","Autochek_API_Automation","autochek_api_negative.UserService.UserServiceNegative","CreateFranchise"
"","1608","CreateFranchise - bank_name with newline","API_Regression_Suite","2026-03-25","passed","2026-03-25","autochek_api_negative.UserService.UserServiceNegative","Autochek_API_Automation","autochek_api_negative.UserService.UserServiceNegative","CreateFranchise"
"Get Offer Details by OfferID","462","GetOffersByIdNegative - offer_id with valid format plus special characters","API_Regression_Suite","2026-03-25","passed","2026-03-25","autochek_api_negative.OriginationService.ResponsePayloadReductionV2APIsNegative","Autochek_API_Automation","autochek_api_negative.OriginationService.ResponsePayloadReductionV2APIsNegative","GetOffersByIdNegative"
"Validates GET /v1/inventory/trims with dynamic parameters - Negative Test","0","GetTrimsNegative - Validate response when passing SQL injection using tautology condition","API_Regression_Suite","2026-03-25","skipped","2026-03-25","autochek_api_negative.InventoryService.DynamicResponseNegative","Autochek_API_Automation","autochek_api_negative.InventoryService.DynamicResponseNegative","GetTrimsNegative"
"Validates GET /v2/origination/loans with dynamic parameters - Negative Test","463","GetLoansListNegative - page_size is Empty String","API_Regression_Suite","2026-03-25","passed","2026-03-25","autochek_api_negative.OriginationService.ResponsePayloadReductionV2APIsNegative","Autochek_API_Automation","autochek_api_negative.OriginationService.ResponsePayloadReductionV2APIsNegative","GetLoansListNegative"
"","444","UpdateFranchise - owner with comma-separated string","API_Regression_Suite","2026-03-25","passed","2026-03-25","autochek_api_negative.UserService.UserServiceNegative","Autochek_API_Automation","autochek_api_negative.UserService.UserServiceNegative","UpdateFranchise"
"Validates GET /v1/inventory/make with dynamic fields filtering","1","GetMakeNegative - Pass boolean instead of string","API_Regression_Suite","2026-03-25","skipped","2026-03-25","autochek_api_negative.InventoryService.DynamicResponseNegative","Autochek_API_Automation","autochek_api_negative.InventoryService.DynamicResponseNegative","GetMakeNegative"
"","1","PostLogoutV2 - Valid refresh token with ""all"": true — logout all sessions for user","API_Regression_Suite","2026-03-25","skipped","2026-03-25","autochek_api_positive.UserService.UserServiceV2","Autochek_API_Automation","autochek_api_positive.UserService.UserServiceV2","PostLogoutV2"
"Update Car and Validate Response","0","PutUpdateCar - license_plate with special chars","API_Regression_Suite","2026-03-25","skipped","2026-03-25","autochek_api_negative.DetachTyresSpecification.DetachTyresSpecificationNegative","Autochek_API_Automation","autochek_api_negative.DetachTyresSpecification.DetachTyresSpecificationNegative","PutUpdateCar"
"Validates GET /v2/origination/sources with dynamic parameters - Negative Test","501","GetSourcesListNegative - page_size is array","API_Regression_Suite","2026-03-25","passed","2026-03-25","autochek_api_negative.OriginationService.ResponsePayloadReductionV2APIsNegative","Autochek_API_Automation","autochek_api_negative.OriginationService.ResponsePayloadReductionV2APIsNegative","GetSourcesListNegative"
"","0","PatchUpdatePasswordV2Negative - Send SQL injection string as token","API_Regression_Suite","2026-03-25","skipped","2026-03-25","autochek_api_negative.UserService.UserServiceV2Negative","Autochek_API_Automation","autochek_api_negative.UserService.UserServiceV2Negative","PatchUpdatePasswordV2Negative"
"Validates GET /v1/inventory/car with dynamic parameters - Positive Test","0","GetCarList - Validate relations parameter includes model.make object","API_Regression_Suite","2026-03-25","skipped","2026-03-25","autochek_api_positive.InventoryService.DynamicResponsePositive","Autochek_API_Automation","autochek_api_positive.InventoryService.DynamicResponsePositive","GetCarList"
"Validates GET /v1/inventory/obds with dynamic parameters - Negative Test","0","GetObdsNegative - Repeated same field multiple times","API_Regression_Suite","2026-03-25","skipped","2026-03-25","autochek_api_negative.InventoryService.DynamicResponseNegative","Autochek_API_Automation","autochek_api_negative.InventoryService.DynamicResponseNegative","GetObdsNegative"
"","403","GetFranchiseList - status is boolean","API_Regression_Suite","2026-03-25","passed","2026-03-25","autochek_api_negative.UserService.UserServiceNegative","Autochek_API_Automation","autochek_api_negative.UserService.UserServiceNegative","GetFranchiseList"
"Get the list of Tyre brands","507","GetTyreBrandsNegative - Input with spaces before and after the code","API_Regression_Suite","2026-03-25","passed","2026-03-25","autochek_api_negative.OfferSimulation.OfferSimulationNegative","Autochek_API_Automation","autochek_api_negative.OfferSimulation.OfferSimulationNegative","GetTyreBrandsNegative"
"Validates GET /v1/inventory/trims with dynamic parameters - Negative Test","0","GetTrimsNegative - Validate response when passing array-like value","API_Regression_Suite","2026-03-25","skipped","2026-03-25","autochek_api_negative.InventoryService.DynamicResponseNegative","Autochek_API_Automation","autochek_api_negative.InventoryService.DynamicResponseNegative","GetTrimsNegative"
"Validates GET /v1/inventory/model with dynamic parameters - Positive Test","0","GetModelList - Pass only whitespace in fields","API_Regression_Suite","2026-03-25","skipped","2026-03-25","autochek_api_positive.InventoryService.DynamicResponsePositive","Autochek_API_Automation","autochek_api_positive.InventoryService.DynamicResponsePositive","GetModelList"
"","0","PostEnableUserV2Negative - Send null userId","API_Regression_Suite","2026-03-25","skipped","2026-03-25","autochek_api_negative.UserService.UserServiceV2Negative","Autochek_API_Automation","autochek_api_negative.UserService.UserServiceV2Negative","PostEnableUserV2Negative"
"","0","PostUserSignUpV2 - Verify signup with userType = customer","API_Regression_Suite","2026-03-25","skipped","2026-03-25","autochek_api_positive.UserService.UserServiceV2","Autochek_API_Automation","autochek_api_positive.UserService.UserServiceV2","PostUserSignUpV2"
"Validates GET /v1/inspection with dynamic parameters - Negative Test","1","GetInspectionNegative - Validate API fails when passing relation syntax without parent entity","API_Regression_Suite","2026-03-25","skipped","2026-03-25","autochek_api_negative.InventoryService.DynamicResponseNegative","Autochek_API_Automation","autochek_api_negative.InventoryService.DynamicResponseNegative","GetInspectionNegative"
"Validates GET /v1/inventory/make with dynamic fields filtering - Positive Test","0","GetMake - Verify response returns only id, imageUrl fields (exclude name)","API_Regression_Suite","2026-03-25","skipped","2026-03-25","autochek_api_positive.InventoryService.DynamicResponsePositive","Autochek_API_Automation","autochek_api_positive.InventoryService.DynamicResponsePositive","GetMake"
"Update Car and Validate Response","0","updateCar - Verify car updation with combination: created_by = XyZUSER101 & state = Niger","API_Regression_Suite","2026-03-25","skipped","2026-03-25","autochek_api_positive.DetachTyreSpecification.DetachTyreSpecificationPositive","Autochek_API_Automation","autochek_api_positive.DetachTyreSpecification.DetachTyreSpecificationPositive","updateCar"
"Submit Loan Customer Preferences","3528","SubmitLoanPreferencesNegative - upfrontWarranty XSS attempt","API_Regression_Suite","2026-03-25","passed","2026-03-25","autochek_api_negative.OfferSimulation.OfferSimulationNegative","Autochek_API_Automation","autochek_api_negative.OfferSimulation.OfferSimulationNegative","SubmitLoanPreferencesNegative"
"","696","UpdateFranchise - longitude out of bounds (>180)","API_Regression_Suite","2026-03-25","passed","2026-03-25","autochek_api_negative.UserService.UserServiceNegative","Autochek_API_Automation","autochek_api_negative.UserService.UserServiceNegative","UpdateFranchise"
"Create Inspection for the carID generated in Car Creation","0","PostCreateInspection - Empty id","API_Regression_Suite","2026-03-25","skipped","2026-03-25","autochek_api_negative.DetachTyresSpecification.DetachTyresSpecificationNegative","Autochek_API_Automation","autochek_api_negative.DetachTyresSpecification.DetachTyresSpecificationNegative","PostCreateInspection"
"Validates GET /v1/inventory/inspection_request with dynamic parameters - Negative Test","1","GetInspectionRequestNegative - Pass multiple completely invalid fields","API_Regression_Suite","2026-03-25","skipped","2026-03-25","autochek_api_negative.InventoryService.DynamicResponseNegative","Autochek_API_Automation","autochek_api_negative.InventoryService.DynamicResponseNegative","GetInspectionRequestNegative"
"","0","PostLookUpV2Negative - Send SQL injection string as token","API_Regression_Suite","2026-03-25","skipped","2026-03-25","autochek_api_negative.UserService.UserServiceV2Negative","Autochek_API_Automation","autochek_api_negative.UserService.UserServiceV2Negative","PostLookUpV2Negative"
"","446","UpdateFranchise - house_no has special characters","API_Regression_Suite","2026-03-25","passed","2026-03-25","autochek_api_negative.UserService.UserServiceNegative","Autochek_API_Automation","autochek_api_negative.UserService.UserServiceNegative","UpdateFranchise"
"Validates GET /v1/inspection with dynamic parameters - Negative Test","0","GetInspectionNegative - Validate API fails when requesting multiple invalid fields","API_Regression_Suite","2026-03-25","skipped","2026-03-25","autochek_api_negative.InventoryService.DynamicResponseNegative","Autochek_API_Automation","autochek_api_negative.InventoryService.DynamicResponseNegative","GetInspectionNegative"
"Validates GET /v1/inventory/model with dynamic parameters - Positive Test","0","GetModelList - Pass empty relation","API_Regression_Suite","2026-03-25","skipped","2026-03-25","autochek_api_positive.InventoryService.DynamicResponsePositive","Autochek_API_Automation","autochek_api_positive.InventoryService.DynamicResponsePositive","GetModelList"
"Validates GET /v2/origination/offers with dynamic parameters - Positive Test","486","GetOffersListNegative - country is array","API_Regression_Suite","2026-03-25","passed","2026-03-25","autochek_api_negative.OriginationService.ResponsePayloadReductionV2APIsNegative","Autochek_API_Automation","autochek_api_negative.OriginationService.ResponsePayloadReductionV2APIsNegative","GetOffersListNegative"
"","718","CreateFranchise - email is null","API_Regression_Suite","2026-03-25","passed","2026-03-25","autochek_api_negative.UserService.UserServiceNegative","Autochek_API_Automation","autochek_api_negative.UserService.UserServiceNegative","CreateFranchise"
"Validates GET /v1/inventory/obds with dynamic parameters - Negative Test","1","GetObdsNegative - SQL injection with multiple fields","API_Regression_Suite","2026-03-25","skipped","2026-03-25","autochek_api_negative.InventoryService.DynamicResponseNegative","Autochek_API_Automation","autochek_api_negative.InventoryService.DynamicResponseNegative","GetObdsNegative"
"Validates GET /v1/inventory/body_type with dynamic parameters - Positive Test","1","GetBodyType - Validate name and imageUrl fields are returned","API_Regression_Suite","2026-03-25","skipped","2026-03-25","autochek_api_positive.InventoryService.DynamicResponsePositive","Autochek_API_Automation","autochek_api_positive.InventoryService.DynamicResponsePositive","GetBodyType"
"Validates GET v2/origination/offers/{offer_id}/loan-document with dynamic parameters - Positive Test","2099","GetLoanDocumentsByOfferId","API_Regression_Suite","2026-03-25","failed","2026-03-25","autochek_api_positive.OriginationService.ResponsePayloadReductionV2APIs","Autochek_API_Automation","autochek_api_positive.OriginationService.ResponsePayloadReductionV2APIs","GetLoanDocumentsByOfferId"
"Validates GET /v2/origination/sources with dynamic parameters - Negative Test","485","GetBanksListNegative - page_size is object","API_Regression_Suite","2026-03-25","passed","2026-03-25","autochek_api_negative.OriginationService.ResponsePayloadReductionV2APIsNegative","Autochek_API_Automation","autochek_api_negative.OriginationService.ResponsePayloadReductionV2APIsNegative","GetBanksListNegative"
"Fetching loan by ID","495","GetLoanByIdNegative - Script injection (XSS attempt)","API_Regression_Suite","2026-03-25","passed","2026-03-25","autochek_api_negative.OriginationService.ResponsePayloadReductionV2APIsNegative","Autochek_API_Automation","autochek_api_negative.OriginationService.ResponsePayloadReductionV2APIsNegative","GetLoanByIdNegative"
"","439","GetFranchiseByID - html tag injection","API_Regression_Suite","2026-03-25","failed","2026-03-25","autochek_api_negative.UserService.UserServiceNegative","Autochek_API_Automation","autochek_api_negative.UserService.UserServiceNegative","GetFranchiseByID"
"Delete USER_SESSION and PASSWORD_POLICY using stored IDs","0","deleteSystemConfigs - Delete with decimal ID","API_Regression_Suite","2026-03-25","skipped","2026-03-25","autochek_api_negative.UserService.UserServiceV2Negative","Autochek_API_Automation","autochek_api_negative.UserService.UserServiceV2Negative","deleteSystemConfigs"
"Submit Loan Customer Preferences","2955","SubmitLoanPreferencesNegative - tyreBrand unsupported brand name","API_Regression_Suite","2026-03-25","passed","2026-03-25","autochek_api_negative.OfferSimulation.OfferSimulationNegative","Autochek_API_Automation","autochek_api_negative.OfferSimulation.OfferSimulationNegative","SubmitLoanPreferencesNegative"
"Negative test for Create System Config V2","1","PostSystemConfigV2 - MIN_LENGTH null","API_Regression_Suite","2026-03-25","skipped","2026-03-25","autochek_api_negative.UserService.UserServiceV2Negative","Autochek_API_Automation","autochek_api_negative.UserService.UserServiceV2Negative","PostSystemConfigV2"
"","419","GetFranchiseList - status is array","API_Regression_Suite","2026-03-25","passed","2026-03-25","autochek_api_negative.UserService.UserServiceNegative","Autochek_API_Automation","autochek_api_negative.UserService.UserServiceNegative","GetFranchiseList"
"Update System Config dynamically for PASSWORD_POLICY or USER_SESSION","0","PatchSystemConfigV2 - MAX_CONCURRENT_SESSIONS empty value","API_Regression_Suite","2026-03-25","skipped","2026-03-25","autochek_api_negative.UserService.UserServiceV2Negative","Autochek_API_Automation","autochek_api_negative.UserService.UserServiceV2Negative","PatchSystemConfigV2"
"Negative test for Create System Config V2","0","PostSystemConfigV2 - REQUIRE_NUMBER object structure passed","API_Regression_Suite","2026-03-25","skipped","2026-03-25","autochek_api_negative.UserService.UserServiceV2Negative","Autochek_API_Automation","autochek_api_negative.UserService.UserServiceV2Negative","PostSystemConfigV2"
"","0","PostLoginV2Negative - Password exceeds maximum length","API_Regression_Suite","2026-03-25","skipped","2026-03-25","autochek_api_negative.UserService.UserServiceV2Negative","Autochek_API_Automation","autochek_api_negative.UserService.UserServiceV2Negative","PostLoginV2Negative"
"Fetching loan by ID","494","GetLoanByIdNegative - loan_id with very long string","API_Regression_Suite","2026-03-25","passed","2026-03-25","autochek_api_negative.OriginationService.ResponsePayloadReductionV2APIsNegative","Autochek_API_Automation","autochek_api_negative.OriginationService.ResponsePayloadReductionV2APIsNegative","GetLoanByIdNegative"
"Submit Loan Customer Preferences","492","SubmitLoanPreferencesNegative - Interest Rate Type invalid value","API_Regression_Suite","2026-03-25","passed","2026-03-25","autochek_api_negative.OfferSimulation.OfferSimulationNegative","Autochek_API_Automation","autochek_api_negative.OfferSimulation.OfferSimulationNegative","SubmitLoanPreferencesNegative"
"","425","GetFranchiseList - status is object","API_Regression_Suite","2026-03-25","passed","2026-03-25","autochek_api_negative.UserService.UserServiceNegative","Autochek_API_Automation","autochek_api_negative.UserService.UserServiceNegative","GetFranchiseList"
"Validates GET /v2/origination/partners with dynamic parameters - Positive Test","1801","GetPartnersListNegative - country is one character","API_Regression_Suite","2026-03-25","passed","2026-03-25","autochek_api_negative.OriginationService.ResponsePayloadReductionV2APIsNegative","Autochek_API_Automation","autochek_api_negative.OriginationService.ResponsePayloadReductionV2APIsNegative","GetPartnersListNegative"
"","712","CreateFranchise - street_name too long string","API_Regression_Suite","2026-03-25","passed","2026-03-25","autochek_api_negative.UserService.UserServiceNegative","Autochek_API_Automation","autochek_api_negative.UserService.UserServiceNegative","CreateFranchise"
"","883","CreateFranchise - account_name with newline","API_Regression_Suite","2026-03-25","passed","2026-03-25","autochek_api_negative.UserService.UserServiceNegative","Autochek_API_Automation","autochek_api_negative.UserService.UserServiceNegative","CreateFranchise"
"Validates GET /v1/inventory/trims with dynamic parameters - Positive Test","0","GetTrims - Validate all fields except id are returned","API_Regression_Suite","2026-03-25","skipped","2026-03-25","autochek_api_positive.InventoryService.DynamicResponsePositive","Autochek_API_Automation","autochek_api_positive.InventoryService.DynamicResponsePositive","GetTrims"
"Submit Loan Customer Preferences","461","SubmitLoanPreferencesNegative - equityContribution negative number","API_Regression_Suite","2026-03-25","failed","2026-03-25","autochek_api_negative.OfferSimulation.OfferSimulationNegative","Autochek_API_Automation","autochek_api_negative.OfferSimulation.OfferSimulationNegative","SubmitLoanPreferencesNegative"
"Validates GET /v1/inventory/trims with dynamic parameters - Negative Test","1","GetTrimsNegative - Validate response when passing an invalid field name","API_Regression_Suite","2026-03-25","skipped","2026-03-25","autochek_api_negative.InventoryService.DynamicResponseNegative","Autochek_API_Automation","autochek_api_negative.InventoryService.DynamicResponseNegative","GetTrimsNegative"
"","1","PostUserSignUpV2Negative - UserType is null","API_Regression_Suite","2026-03-25","skipped","2026-03-25","autochek_api_negative.UserService.UserServiceV2Negative","Autochek_API_Automation","autochek_api_negative.UserService.UserServiceV2Negative","PostUserSignUpV2Negative"
"Get Offer Details by OfferID","538","GetOffersByIdNegative - offer_id with very long string (300 chars)","API_Regression_Suite","2026-03-25","passed","2026-03-25","autochek_api_negative.OriginationService.ResponsePayloadReductionV2APIsNegative","Autochek_API_Automation","autochek_api_negative.OriginationService.ResponsePayloadReductionV2APIsNegative","GetOffersByIdNegative"
"Validates GET /v1/inspection with dynamic parameters - Negative Test","0","GetInspectionNegative - Validate API fails when mixing valid and invalid relation paths","API_Regression_Suite","2026-03-25","skipped","2026-03-25","autochek_api_negative.InventoryService.DynamicResponseNegative","Autochek_API_Automation","autochek_api_negative.InventoryService.DynamicResponseNegative","GetInspectionNegative"
"Create Inspection for the carID generated in Car Creation","0","PostCreateInspection - Too long inspection_request_id","API_Regression_Suite","2026-03-25","skipped","2026-03-25","autochek_api_negative.DetachTyresSpecification.DetachTyresSpecificationNegative","Autochek_API_Automation","autochek_api_negative.DetachTyresSpecification.DetachTyresSpecificationNegative","PostCreateInspection"
"","1","PostLookUpV2Negative - Identifier has invalid email format (missing @)","API_Regression_Suite","2026-03-25","skipped","2026-03-25","autochek_api_negative.UserService.UserServiceV2Negative","Autochek_API_Automation","autochek_api_negative.UserService.UserServiceV2Negative","PostLookUpV2Negative"
"","712","CreateFranchise - account_name special chars","API_Regression_Suite","2026-03-25","passed","2026-03-25","autochek_api_negative.UserService.UserServiceNegative","Autochek_API_Automation","autochek_api_negative.UserService.UserServiceNegative","CreateFranchise"
"","5719","CreateFranchise - city ID with new line","API_Regression_Suite","2026-03-25","passed","2026-03-25","autochek_api_negative.UserService.UserServiceNegative","Autochek_API_Automation","autochek_api_negative.UserService.UserServiceNegative","CreateFranchise"
"","0","PatchUpdatePasswordV2Negative - Send expired or invalid access token","API_Regression_Suite","2026-03-25","skipped","2026-03-25","autochek_api_negative.UserService.UserServiceV2Negative","Autochek_API_Automation","autochek_api_negative.UserService.UserServiceV2Negative","PatchUpdatePasswordV2Negative"
"Validates GET /v1/inspection with dynamic parameters - Negative Test","1","GetInspectionNegative - Pass invalid field + relations together","API_Regression_Suite","2026-03-25","skipped","2026-03-25","autochek_api_negative.InventoryService.DynamicResponseNegative","Autochek_API_Automation","autochek_api_negative.InventoryService.DynamicResponseNegative","GetInspectionNegative"
"","451","UpdateFranchise - account_name with long string","API_Regression_Suite","2026-03-25","passed","2026-03-25","autochek_api_negative.UserService.UserServiceNegative","Autochek_API_Automation","autochek_api_negative.UserService.UserServiceNegative","UpdateFranchise"
"Validates GET /v2/origination/partners with dynamic parameters - Positive Test","494","GetPartnersList - country is GH","API_Regression_Suite","2026-03-25","passed","2026-03-25","autochek_api_positive.OriginationService.ResponsePayloadReductionV2APIs","Autochek_API_Automation","autochek_api_positive.OriginationService.ResponsePayloadReductionV2APIs","GetPartnersList"
"Update Car and Validate Response","0","PutUpdateCar - license_plate as empty","API_Regression_Suite","2026-03-25","skipped","2026-03-25","autochek_api_negative.DetachTyresSpecification.DetachTyresSpecificationNegative","Autochek_API_Automation","autochek_api_negative.DetachTyresSpecification.DetachTyresSpecificationNegative","PutUpdateCar"
"","1040","UpdateFranchise - onboarding_source with special characters","API_Regression_Suite","2026-03-25","passed","2026-03-25","autochek_api_negative.UserService.UserServiceNegative","Autochek_API_Automation","autochek_api_negative.UserService.UserServiceNegative","UpdateFranchise"
"Negative test for Create System Config V2","0","PostSystemConfigV2 - REQUIRE_LOWERCASE SQL injection attempt","API_Regression_Suite","2026-03-25","skipped","2026-03-25","autochek_api_negative.UserService.UserServiceV2Negative","Autochek_API_Automation","autochek_api_negative.UserService.UserServiceV2Negative","PostSystemConfigV2"
"Submit Loan Customer Preferences","3502","SubmitLoanPreferencesNegative - upfrontWarranty JSON object instead of string","API_Regression_Suite","2026-03-25","passed","2026-03-25","autochek_api_negative.OfferSimulation.OfferSimulationNegative","Autochek_API_Automation","autochek_api_negative.OfferSimulation.OfferSimulationNegative","SubmitLoanPreferencesNegative"
"Submit Loan Customer Preferences","391","SubmitLoanPreferencesNegative - interestRate negative number","API_Regression_Suite","2026-03-25","failed","2026-03-25","autochek_api_negative.OfferSimulation.OfferSimulationNegative","Autochek_API_Automation","autochek_api_negative.OfferSimulation.OfferSimulationNegative","SubmitLoanPreferencesNegative"
"","1","PostUserSignUpV2Negative - FirstName field is omitted from the request body","API_Regression_Suite","2026-03-25","skipped","2026-03-25","autochek_api_negative.UserService.UserServiceV2Negative","Autochek_API_Automation","autochek_api_negative.UserService.UserServiceV2Negative","PostUserSignUpV2Negative"
"Validates GET /v1/inspection with dynamic parameters - Negative Test","0","GetInspectionNegative - Pass SQL injection-like pattern in fields","API_Regression_Suite","2026-03-25","skipped","2026-03-25","autochek_api_negative.InventoryService.DynamicResponseNegative","Autochek_API_Automation","autochek_api_negative.InventoryService.DynamicResponseNegative","GetInspectionNegative"
"Create Inspection for the carID generated in Car Creation","1","PostCreateInspection - location malformed + country numeric","API_Regression_Suite","2026-03-25","skipped","2026-03-25","autochek_api_negative.DetachTyresSpecification.DetachTyresSpecificationNegative","Autochek_API_Automation","autochek_api_negative.DetachTyresSpecification.DetachTyresSpecificationNegative","PostCreateInspection"
"Verify PATCH updates by comparing stored payload with GET response","0","VerifyPatchWithGet","API_Regression_Suite","2026-03-25","skipped","2026-03-25","autochek_api_negative.UserService.UserServiceV2Negative","Autochek_API_Automation","autochek_api_negative.UserService.UserServiceV2Negative","VerifyPatchWithGet"
"","0","PostLookUpV2Negative - Identifier field is omitted","API_Regression_Suite","2026-03-25","skipped","2026-03-25","autochek_api_negative.UserService.UserServiceV2Negative","Autochek_API_Automation","autochek_api_negative.UserService.UserServiceV2Negative","PostLookUpV2Negative"
"Validates GET /v1/inventory/trims with dynamic parameters - Positive Test","0","GetTrims - Validate only id and name fields are returned","API_Regression_Suite","2026-03-25","skipped","2026-03-25","autochek_api_positive.InventoryService.DynamicResponsePositive","Autochek_API_Automation","autochek_api_positive.InventoryService.DynamicResponsePositive","GetTrims"
"","735","GetFranchiseList - country is null","API_Regression_Suite","2026-03-25","passed","2026-03-25","autochek_api_negative.UserService.UserServiceNegative","Autochek_API_Automation","autochek_api_negative.UserService.UserServiceNegative","GetFranchiseList"
"","455","submitLoanPreference - Residual percentage 10%","API_Regression_Suite","2026-03-25","passed","2026-03-25","autochek_api_positive.OfferSimulation.OfferSimulationPositive","Autochek_API_Automation","autochek_api_positive.OfferSimulation.OfferSimulationPositive","submitLoanPreference"
"","441","UpdateFranchise - longitude as array","API_Regression_Suite","2026-03-25","passed","2026-03-25","autochek_api_negative.UserService.UserServiceNegative","Autochek_API_Automation","autochek_api_negative.UserService.UserServiceNegative","UpdateFranchise"
"","442","UpdateFranchise - phone is empty string","API_Regression_Suite","2026-03-25","passed","2026-03-25","autochek_api_negative.UserService.UserServiceNegative","Autochek_API_Automation","autochek_api_negative.UserService.UserServiceNegative","UpdateFranchise"
"Negative test for Create System Config V2","0","PostSystemConfigV2 - MAX_LENGTH SQL injection","API_Regression_Suite","2026-03-25","skipped","2026-03-25","autochek_api_negative.UserService.UserServiceV2Negative","Autochek_API_Automation","autochek_api_negative.UserService.UserServiceV2Negative","PostSystemConfigV2"
"Validates GET /v1/inventory/trims with dynamic parameters - Negative Test","0","GetTrimsNegative - Validate response when passing script injection tag","API_Regression_Suite","2026-03-25","skipped","2026-03-25","autochek_api_negative.InventoryService.DynamicResponseNegative","Autochek_API_Automation","autochek_api_negative.InventoryService.DynamicResponseNegative","GetTrimsNegative"
"","754","CreateFranchise - house_no is null","API_Regression_Suite","2026-03-25","passed","2026-03-25","autochek_api_negative.UserService.UserServiceNegative","Autochek_API_Automation","autochek_api_negative.UserService.UserServiceNegative","CreateFranchise"
"Submit Loan Customer Preferences","625","SubmitLoanPreferencesNegative - upfrontCreditLifeInsurance JSON object instead boolean","API_Regression_Suite","2026-03-25","failed","2026-03-25","autochek_api_negative.OfferSimulation.OfferSimulationNegative","Autochek_API_Automation","autochek_api_negative.OfferSimulation.OfferSimulationNegative","SubmitLoanPreferencesNegative"
"Submit Loan Customer Preferences","408","SubmitLoanPreferencesNegative - dealDiscount symbol","API_Regression_Suite","2026-03-25","failed","2026-03-25","autochek_api_negative.OfferSimulation.OfferSimulationNegative","Autochek_API_Automation","autochek_api_negative.OfferSimulation.OfferSimulationNegative","SubmitLoanPreferencesNegative"
"","1","PostDisableUserV2Negative - Send no access token in cookie/header","API_Regression_Suite","2026-03-25","skipped","2026-03-25","autochek_api_negative.UserService.UserServiceV2Negative","Autochek_API_Automation","autochek_api_negative.UserService.UserServiceV2Negative","PostDisableUserV2Negative"
"Submit Loan Customer Preferences","399","SubmitLoanPreferencesNegative - equityContribution very large number","API_Regression_Suite","2026-03-25","failed","2026-03-25","autochek_api_negative.OfferSimulation.OfferSimulationNegative","Autochek_API_Automation","autochek_api_negative.OfferSimulation.OfferSimulationNegative","SubmitLoanPreferencesNegative"
"","717","CreateFranchise - account_bvn empty string","API_Regression_Suite","2026-03-25","passed","2026-03-25","autochek_api_negative.UserService.UserServiceNegative","Autochek_API_Automation","autochek_api_negative.UserService.UserServiceNegative","CreateFranchise"
"Validates GET /v1/inventory/inspection_request with dynamic parameters - Negative Test","0","GetInspectionRequestNegative - Pass boolean instead of string","API_Regression_Suite","2026-03-25","skipped","2026-03-25","autochek_api_negative.InventoryService.DynamicResponseNegative","Autochek_API_Automation","autochek_api_negative.InventoryService.DynamicResponseNegative","GetInspectionRequestNegative"
"","0","PostEnableUserV2Negative - Send SQL injection string as userId","API_Regression_Suite","2026-03-25","skipped","2026-03-25","autochek_api_negative.UserService.UserServiceV2Negative","Autochek_API_Automation","autochek_api_negative.UserService.UserServiceV2Negative","PostEnableUserV2Negative"
"Negative test for Create System Config V2","0","PostSystemConfigV2 - REQUIRE_SPECIAL_CHAR SQL injection attempt","API_Regression_Suite","2026-03-25","skipped","2026-03-25","autochek_api_negative.UserService.UserServiceV2Negative","Autochek_API_Automation","autochek_api_negative.UserService.UserServiceV2Negative","PostSystemConfigV2"
"Submit Loan Customer Preferences","411","SubmitLoanPreferencesNegative - upfrontVehicleRegistration numeric 0","API_Regression_Suite","2026-03-25","failed","2026-03-25","autochek_api_negative.OfferSimulation.OfferSimulationNegative","Autochek_API_Automation","autochek_api_negative.OfferSimulation.OfferSimulationNegative","SubmitLoanPreferencesNegative"
"","439","UpdateFranchise - account_name has numbers","API_Regression_Suite","2026-03-25","passed","2026-03-25","autochek_api_negative.UserService.UserServiceNegative","Autochek_API_Automation","autochek_api_negative.UserService.UserServiceNegative","UpdateFranchise"
"Submit Loan Customer Preferences","499","SubmitLoanPreferencesNegative - term spaces only","API_Regression_Suite","2026-03-25","passed","2026-03-25","autochek_api_negative.OfferSimulation.OfferSimulationNegative","Autochek_API_Automation","autochek_api_negative.OfferSimulation.OfferSimulationNegative","SubmitLoanPreferencesNegative"
"","440","UpdateFranchise - email with sql injection attempt","API_Regression_Suite","2026-03-25","passed","2026-03-25","autochek_api_negative.UserService.UserServiceNegative","Autochek_API_Automation","autochek_api_negative.UserService.UserServiceNegative","UpdateFranchise"
"","447","UpdateFranchise - map_address is number","API_Regression_Suite","2026-03-25","passed","2026-03-25","autochek_api_negative.UserService.UserServiceNegative","Autochek_API_Automation","autochek_api_negative.UserService.UserServiceNegative","UpdateFranchise"
"","426","GetFranchiseList - country is special characters","API_Regression_Suite","2026-03-25","passed","2026-03-25","autochek_api_negative.UserService.UserServiceNegative","Autochek_API_Automation","autochek_api_negative.UserService.UserServiceNegative","GetFranchiseList"
"Negative test for Create System Config V2","0","PostSystemConfigV2 - DISALLOW_WHITESPACES empty value","API_Regression_Suite","2026-03-25","skipped","2026-03-25","autochek_api_negative.UserService.UserServiceV2Negative","Autochek_API_Automation","autochek_api_negative.UserService.UserServiceV2Negative","PostSystemConfigV2"
"Submit Loan Customer Preferences","536","SubmitLoanPreferencesNegative - desiredLoanCurrency too short","API_Regression_Suite","2026-03-25","failed","2026-03-25","autochek_api_negative.OfferSimulation.OfferSimulationNegative","Autochek_API_Automation","autochek_api_negative.OfferSimulation.OfferSimulationNegative","SubmitLoanPreferencesNegative"
"Update System Config dynamically for PASSWORD_POLICY or USER_SESSION","1","PatchSystemConfigV2 - MAX_LENGTH null","API_Regression_Suite","2026-03-25","skipped","2026-03-25","autochek_api_negative.UserService.UserServiceV2Negative","Autochek_API_Automation","autochek_api_negative.UserService.UserServiceV2Negative","PatchSystemConfigV2"
"Validates GET /v1/inventory/body_type with dynamic parameters - Negative Test","0","GetBodyTypeNegative - Pass mixed valid + invalid fields","API_Regression_Suite","2026-03-25","skipped","2026-03-25","autochek_api_negative.InventoryService.DynamicResponseNegative","Autochek_API_Automation","autochek_api_negative.InventoryService.DynamicResponseNegative","GetBodyTypeNegative"
"Validates GET /v1/inventory/trims with dynamic parameters - Negative Test","0","GetTrimsNegative - Validate response when passing SQL injection using DROP TABLE","API_Regression_Suite","2026-03-25","skipped","2026-03-25","autochek_api_negative.InventoryService.DynamicResponseNegative","Autochek_API_Automation","autochek_api_negative.InventoryService.DynamicResponseNegative","GetTrimsNegative"
"","0","PostLogoutAllAdminNegative - Send XSS payload as token","API_Regression_Suite","2026-03-25","skipped","2026-03-25","autochek_api_negative.UserService.UserServiceV2Negative","Autochek_API_Automation","autochek_api_negative.UserService.UserServiceV2Negative","PostLogoutAllAdminNegative"
"Submit Loan Customer Preferences","399","SubmitLoanPreferencesNegative - monthlyPayment decimal value","API_Regression_Suite","2026-03-25","failed","2026-03-25","autochek_api_negative.OfferSimulation.OfferSimulationNegative","Autochek_API_Automation","autochek_api_negative.OfferSimulation.OfferSimulationNegative","SubmitLoanPreferencesNegative"
"Validates GET /v2/origination/sources with dynamic parameters - Negative Test","602","GetSourcesListNegative - country is numeric string","API_Regression_Suite","2026-03-25","passed","2026-03-25","autochek_api_negative.OriginationService.ResponsePayloadReductionV2APIsNegative","Autochek_API_Automation","autochek_api_negative.OriginationService.ResponsePayloadReductionV2APIsNegative","GetSourcesListNegative"
"Negative test for Create System Config V2","0","PostSystemConfigV2 - REQUIRE_NUMBER array structure passed","API_Regression_Suite","2026-03-25","skipped","2026-03-25","autochek_api_negative.UserService.UserServiceV2Negative","Autochek_API_Automation","autochek_api_negative.UserService.UserServiceV2Negative","PostSystemConfigV2"
"Update Car and Validate Response","0","PutUpdateCar - engine_number only numbers","API_Regression_Suite","2026-03-25","skipped","2026-03-25","autochek_api_negative.DetachTyresSpecification.DetachTyresSpecificationNegative","Autochek_API_Automation","autochek_api_negative.DetachTyresSpecification.DetachTyresSpecificationNegative","PutUpdateCar"
"Validates GET /v1/inventory/car with dynamic parameters - Negative Test","0","GetCarListNegative - Pass field value inside relations","API_Regression_Suite","2026-03-25","skipped","2026-03-25","autochek_api_negative.InventoryService.DynamicResponseNegative","Autochek_API_Automation","autochek_api_negative.InventoryService.DynamicResponseNegative","GetCarListNegative"
"Reset PASSWORD_POLICY and USER_SESSION to original stored values","0","resetSystemConfigsToOriginal","API_Regression_Suite","2026-03-25","skipped","2026-03-25","autochek_api_negative.UserService.UserServiceV2Negative","Autochek_API_Automation","autochek_api_negative.UserService.UserServiceV2Negative","resetSystemConfigsToOriginal"
"Submit Loan Customer Preferences","703","SubmitLoanPreferencesNegative - tyreBrand special characters","API_Regression_Suite","2026-03-25","passed","2026-03-25","autochek_api_negative.OfferSimulation.OfferSimulationNegative","Autochek_API_Automation","autochek_api_negative.OfferSimulation.OfferSimulationNegative","SubmitLoanPreferencesNegative"
"Create Inspection for the carID generated in Car Creation","0","PostCreateInspection - SQL injection attempt in inspection_type","API_Regression_Suite","2026-03-25","skipped","2026-03-25","autochek_api_negative.DetachTyresSpecification.DetachTyresSpecificationNegative","Autochek_API_Automation","autochek_api_negative.DetachTyresSpecification.DetachTyresSpecificationNegative","PostCreateInspection"
"Validates GET /v1/inventory/trims with dynamic parameters - Positive Test","1","GetTrims - Validate only name are returned","API_Regression_Suite","2026-03-25","skipped","2026-03-25","autochek_api_positive.InventoryService.DynamicResponsePositive","Autochek_API_Automation","autochek_api_positive.InventoryService.DynamicResponsePositive","GetTrims"
"Validates GET /v1/inventory/inspection_request with dynamic parameters - Negative Test","0","GetInspectionRequestNegative - Pass object instead of string","API_Regression_Suite","2026-03-25","skipped","2026-03-25","autochek_api_negative.InventoryService.DynamicResponseNegative","Autochek_API_Automation","autochek_api_negative.InventoryService.DynamicResponseNegative","GetInspectionRequestNegative"
"Delete USER_SESSION and PASSWORD_POLICY using stored IDs","0","deleteSystemConfigs - Delete with alphabets instead of numeric ID","API_Regression_Suite","2026-03-25","skipped","2026-03-25","autochek_api_negative.UserService.UserServiceV2Negative","Autochek_API_Automation","autochek_api_negative.UserService.UserServiceV2Negative","deleteSystemConfigs"
"Validates GET /v1/inventory/obds with dynamic parameters - Negative Test","0","GetObdsNegative - Mix valid and invalid fields","API_Regression_Suite","2026-03-25","skipped","2026-03-25","autochek_api_negative.InventoryService.DynamicResponseNegative","Autochek_API_Automation","autochek_api_negative.InventoryService.DynamicResponseNegative","GetObdsNegative"
"Fetching loan by ID","499","GetLoanByIdNegative - SQL injection with DROP statement","API_Regression_Suite","2026-03-25","passed","2026-03-25","autochek_api_negative.OriginationService.ResponsePayloadReductionV2APIsNegative","Autochek_API_Automation","autochek_api_negative.OriginationService.ResponsePayloadReductionV2APIsNegative","GetLoanByIdNegative"
"Negative test for Create System Config V2","0","PostSystemConfigV2 - DISALLOW_WHITESPACES object structure passed","API_Regression_Suite","2026-03-25","skipped","2026-03-25","autochek_api_negative.UserService.UserServiceV2Negative","Autochek_API_Automation","autochek_api_negative.UserService.UserServiceV2Negative","PostSystemConfigV2"
"Get system configs after POST and store new ids + values","1","GetSystemConfigsAfterPost","API_Regression_Suite","2026-03-25","skipped","2026-03-25","autochek_api_negative.UserService.UserServiceV2Negative","Autochek_API_Automation","autochek_api_negative.UserService.UserServiceV2Negative","GetSystemConfigsAfterPost"
"Validates GET /v1/inventory/body_type with dynamic parameters - Negative Test","0","GetBodyTypeNegative - Pass field value from unrelated entity","API_Regression_Suite","2026-03-25","skipped","2026-03-25","autochek_api_negative.InventoryService.DynamicResponseNegative","Autochek_API_Automation","autochek_api_negative.InventoryService.DynamicResponseNegative","GetBodyTypeNegative"
"","441","UpdateFranchise - account_name only spaces","API_Regression_Suite","2026-03-25","passed","2026-03-25","autochek_api_negative.UserService.UserServiceNegative","Autochek_API_Automation","autochek_api_negative.UserService.UserServiceNegative","UpdateFranchise"
"Validates GET /v1/inventory/obds with dynamic parameters - Negative Test","0","GetObdsNegative - Use mixed exclusions and valid fields","API_Regression_Suite","2026-03-25","skipped","2026-03-25","autochek_api_negative.InventoryService.DynamicResponseNegative","Autochek_API_Automation","autochek_api_negative.InventoryService.DynamicResponseNegative","GetObdsNegative"
"","455","UpdateFranchise - state is numeric","API_Regression_Suite","2026-03-25","passed","2026-03-25","autochek_api_negative.UserService.UserServiceNegative","Autochek_API_Automation","autochek_api_negative.UserService.UserServiceNegative","UpdateFranchise"
"Submit Loan Customer Preferences","6997","SubmitLoanPreferencesNegative - requestedWarrantyPlan numeric","API_Regression_Suite","2026-03-25","passed","2026-03-25","autochek_api_negative.OfferSimulation.OfferSimulationNegative","Autochek_API_Automation","autochek_api_negative.OfferSimulation.OfferSimulationNegative","SubmitLoanPreferencesNegative"
"","0","PostLogoutAllAdminNegative - Send invalid (tampered) access token","API_Regression_Suite","2026-03-25","skipped","2026-03-25","autochek_api_negative.UserService.UserServiceV2Negative","Autochek_API_Automation","autochek_api_negative.UserService.UserServiceV2Negative","PostLogoutAllAdminNegative"
"Validates GET /v2/origination/loans/{loan_id}/logbook/car-details - Negative Test","507","GetLogbookCarDetailsByLoanIdNegative - HTML tag injection","API_Regression_Suite","2026-03-25","passed","2026-03-25","autochek_api_negative.OriginationService.ResponsePayloadReductionV2APIsNegative","Autochek_API_Automation","autochek_api_negative.OriginationService.ResponsePayloadReductionV2APIsNegative","GetLogbookCarDetailsByLoanIdNegative"
"","924","UpdateFranchise - city ID is a special character","API_Regression_Suite","2026-03-25","passed","2026-03-25","autochek_api_negative.UserService.UserServiceNegative","Autochek_API_Automation","autochek_api_negative.UserService.UserServiceNegative","UpdateFranchise"
"Update System Config dynamically for PASSWORD_POLICY or USER_SESSION","0","PatchSystemConfigV2 - DISALLOW_WHITESPACES SQL injection attempt","API_Regression_Suite","2026-03-25","skipped","2026-03-25","autochek_api_negative.UserService.UserServiceV2Negative","Autochek_API_Automation","autochek_api_negative.UserService.UserServiceV2Negative","PatchSystemConfigV2"
"Negative test for Create System Config V2","0","PostSystemConfigV2 - REQUIRE_NUMBER empty value","API_Regression_Suite","2026-03-25","skipped","2026-03-25","autochek_api_negative.UserService.UserServiceV2Negative","Autochek_API_Automation","autochek_api_negative.UserService.UserServiceV2Negative","PostSystemConfigV2"
"","0","PatchUpdatePasswordV2Negative - Send XSS payload as token","API_Regression_Suite","2026-03-25","skipped","2026-03-25","autochek_api_negative.UserService.UserServiceV2Negative","Autochek_API_Automation","autochek_api_negative.UserService.UserServiceV2Negative","PatchUpdatePasswordV2Negative"
"Submit Loan Customer Preferences","392","SubmitLoanPreferencesNegative - Requested Warranty Plan special characters","API_Regression_Suite","2026-03-25","failed","2026-03-25","autochek_api_negative.OfferSimulation.OfferSimulationNegative","Autochek_API_Automation","autochek_api_negative.OfferSimulation.OfferSimulationNegative","SubmitLoanPreferencesNegative"
"Submit Loan Customer Preferences","404","SubmitLoanPreferencesNegative - interestRateType uppercase only","API_Regression_Suite","2026-03-25","failed","2026-03-25","autochek_api_negative.OfferSimulation.OfferSimulationNegative","Autochek_API_Automation","autochek_api_negative.OfferSimulation.OfferSimulationNegative","SubmitLoanPreferencesNegative"
"Validates GET /v1/inspection with dynamic parameters - Negative Test","0","GetInspectionNegative - Pass non-existing relation","API_Regression_Suite","2026-03-25","skipped","2026-03-25","autochek_api_negative.InventoryService.DynamicResponseNegative","Autochek_API_Automation","autochek_api_negative.InventoryService.DynamicResponseNegative","GetInspectionNegative"
"","0","PostDisableUserV2Negative - Send userId with leading/trailing spaces","API_Regression_Suite","2026-03-25","skipped","2026-03-25","autochek_api_negative.UserService.UserServiceV2Negative","Autochek_API_Automation","autochek_api_negative.UserService.UserServiceV2Negative","PostDisableUserV2Negative"
"Submit Loan Customer Preferences","406","SubmitLoanPreferencesNegative - Tyre Quantity not in allowed set","API_Regression_Suite","2026-03-25","failed","2026-03-25","autochek_api_negative.OfferSimulation.OfferSimulationNegative","Autochek_API_Automation","autochek_api_negative.OfferSimulation.OfferSimulationNegative","SubmitLoanPreferencesNegative"
"Submit Loan Customer Preferences","427","SubmitLoanPreferencesNegative - desiredLoanCurrency invalid code","API_Regression_Suite","2026-03-25","failed","2026-03-25","autochek_api_negative.OfferSimulation.OfferSimulationNegative","Autochek_API_Automation","autochek_api_negative.OfferSimulation.OfferSimulationNegative","SubmitLoanPreferencesNegative"
"Get system configs and store ids + values + value counts","0","GetSystemConfigsV2 - Valid access token","API_Regression_Suite","2026-03-25","skipped","2026-03-25","autochek_api_negative.UserService.UserServiceV2Negative","Autochek_API_Automation","autochek_api_negative.UserService.UserServiceV2Negative","GetSystemConfigsV2"
"Validates GET /v2/origination/loans/{loan_id}/logbook/car-details - Negative Test","500","GetLogbookCarDetailsByLoanIdNegative - loan_id with valid format plus special characters","API_Regression_Suite","2026-03-25","passed","2026-03-25","autochek_api_negative.OriginationService.ResponsePayloadReductionV2APIsNegative","Autochek_API_Automation","autochek_api_negative.OriginationService.ResponsePayloadReductionV2APIsNegative","GetLogbookCarDetailsByLoanIdNegative"
"","897","CreateFranchise - account_number empty string","API_Regression_Suite","2026-03-25","passed","2026-03-25","autochek_api_negative.UserService.UserServiceNegative","Autochek_API_Automation","autochek_api_negative.UserService.UserServiceNegative","CreateFranchise"
"Validates GET /v1/inventory/model with dynamic parameters - Positive Test","1","GetModelList - Validate only make.id is returned inside make","API_Regression_Suite","2026-03-25","skipped","2026-03-25","autochek_api_positive.InventoryService.DynamicResponsePositive","Autochek_API_Automation","autochek_api_positive.InventoryService.DynamicResponsePositive","GetModelList"
"Validates GET /v2/origination/loans/{loan_id}/logbook/car-details - Negative Test","431","GetLogbookCarDetailsByLoanIdNegative - Send loan_id as empty string","API_Regression_Suite","2026-03-25","failed","2026-03-25","autochek_api_negative.OriginationService.ResponsePayloadReductionV2APIsNegative","Autochek_API_Automation","autochek_api_negative.OriginationService.ResponsePayloadReductionV2APIsNegative","GetLogbookCarDetailsByLoanIdNegative"
"Submit Loan Customer Preferences","405","SubmitLoanPreferencesNegative - monthlyPayment text value","API_Regression_Suite","2026-03-25","failed","2026-03-25","autochek_api_negative.OfferSimulation.OfferSimulationNegative","Autochek_API_Automation","autochek_api_negative.OfferSimulation.OfferSimulationNegative","SubmitLoanPreferencesNegative"
"Submit Loan Customer Preferences","394","SubmitLoanPreferencesNegative - Upfront Warranty empty string","API_Regression_Suite","2026-03-25","failed","2026-03-25","autochek_api_negative.OfferSimulation.OfferSimulationNegative","Autochek_API_Automation","autochek_api_negative.OfferSimulation.OfferSimulationNegative","SubmitLoanPreferencesNegative"
"Validates GET /v2/origination/partners with dynamic parameters - Positive Test","815","GetPartnersListNegative - country is number","API_Regression_Suite","2026-03-25","passed","2026-03-25","autochek_api_negative.OriginationService.ResponsePayloadReductionV2APIsNegative","Autochek_API_Automation","autochek_api_negative.OriginationService.ResponsePayloadReductionV2APIsNegative","GetPartnersListNegative"
"Submit Loan Customer Preferences","408","SubmitLoanPreferencesNegative - upfrontVehicleTracking JSON object instead of boolean","API_Regression_Suite","2026-03-25","failed","2026-03-25","autochek_api_negative.OfferSimulation.OfferSimulationNegative","Autochek_API_Automation","autochek_api_negative.OfferSimulation.OfferSimulationNegative","SubmitLoanPreferencesNegative"
"Create Inspection for the carID generated in Car Creation","0","PostCreateInspection - Null tyre code","API_Regression_Suite","2026-03-25","skipped","2026-03-25","autochek_api_negative.DetachTyresSpecification.DetachTyresSpecificationNegative","Autochek_API_Automation","autochek_api_negative.DetachTyresSpecification.DetachTyresSpecificationNegative","PostCreateInspection"
"Submit Loan Customer Preferences","1388","SubmitLoanPreferencesNegative - vehicleDiscount null","API_Regression_Suite","2026-03-25","passed","2026-03-25","autochek_api_negative.OfferSimulation.OfferSimulationNegative","Autochek_API_Automation","autochek_api_negative.OfferSimulation.OfferSimulationNegative","SubmitLoanPreferencesNegative"
"Validates GET /v2/origination/sources with dynamic parameters - Negative Test","1200","GetSourcesListNegative - country is null","API_Regression_Suite","2026-03-25","passed","2026-03-25","autochek_api_negative.OriginationService.ResponsePayloadReductionV2APIsNegative","Autochek_API_Automation","autochek_api_negative.OriginationService.ResponsePayloadReductionV2APIsNegative","GetSourcesListNegative"
"Get Offer Details by OfferID","499","GetOffersByIdNegative - Send offer_id as whitespace only","API_Regression_Suite","2026-03-25","passed","2026-03-25","autochek_api_negative.OriginationService.ResponsePayloadReductionV2APIsNegative","Autochek_API_Automation","autochek_api_negative.OriginationService.ResponsePayloadReductionV2APIsNegative","GetOffersByIdNegative"
"","711","CreateFranchise - display_address is empty","API_Regression_Suite","2026-03-25","passed","2026-03-25","autochek_api_negative.UserService.UserServiceNegative","Autochek_API_Automation","autochek_api_negative.UserService.UserServiceNegative","CreateFranchise"
"Update System Config dynamically for PASSWORD_POLICY or USER_SESSION","0","PatchSystemConfigV2 - REQUIRE_NUMBER numeric other than boolean","API_Regression_Suite","2026-03-25","skipped","2026-03-25","autochek_api_negative.UserService.UserServiceV2Negative","Autochek_API_Automation","autochek_api_negative.UserService.UserServiceV2Negative","PatchSystemConfigV2"
"","1","PostUserSignUpV2Negative - Country field is omitted from the request body","API_Regression_Suite","2026-03-25","skipped","2026-03-25","autochek_api_negative.UserService.UserServiceV2Negative","Autochek_API_Automation","autochek_api_negative.UserService.UserServiceV2Negative","PostUserSignUpV2Negative"
"Update System Config dynamically for PASSWORD_POLICY or USER_SESSION","0","PatchSystemConfigV2 - REQUIRE_UPPERCASE null value","API_Regression_Suite","2026-03-25","skipped","2026-03-25","autochek_api_negative.UserService.UserServiceV2Negative","Autochek_API_Automation","autochek_api_negative.UserService.UserServiceV2Negative","PatchSystemConfigV2"
"Create Inspection for the carID generated in Car Creation","0","PostCreateInspection - Very large number","API_Regression_Suite","2026-03-25","skipped","2026-03-25","autochek_api_negative.DetachTyresSpecification.DetachTyresSpecificationNegative","Autochek_API_Automation","autochek_api_negative.DetachTyresSpecification.DetachTyresSpecificationNegative","PostCreateInspection"
"Create Inspection for the carID generated in Car Creation","0","PostCreateInspection - Longitude out of valid range","API_Regression_Suite","2026-03-25","skipped","2026-03-25","autochek_api_negative.DetachTyresSpecification.DetachTyresSpecificationNegative","Autochek_API_Automation","autochek_api_negative.DetachTyresSpecification.DetachTyresSpecificationNegative","PostCreateInspection"
"Update System Config dynamically for PASSWORD_POLICY or USER_SESSION","0","PatchSystemConfigV2 - MIN_LENGTH special chars","API_Regression_Suite","2026-03-25","skipped","2026-03-25","autochek_api_negative.UserService.UserServiceV2Negative","Autochek_API_Automation","autochek_api_negative.UserService.UserServiceV2Negative","PatchSystemConfigV2"
"","405","submitLoanPreference - Tyre Quantity 4","API_Regression_Suite","2026-03-25","passed","2026-03-25","autochek_api_positive.OfferSimulation.OfferSimulationPositive","Autochek_API_Automation","autochek_api_positive.OfferSimulation.OfferSimulationPositive","submitLoanPreference"
"Validates GET /v1/inventory/car with dynamic parameters - Negative Test","0","GetCarListNegative - Pass comma-separated invalid relations","API_Regression_Suite","2026-03-25","skipped","2026-03-25","autochek_api_negative.InventoryService.DynamicResponseNegative","Autochek_API_Automation","autochek_api_negative.InventoryService.DynamicResponseNegative","GetCarListNegative"
"Submit Loan Customer Preferences","3196","SubmitLoanPreferencesNegative - tyreBrand boolean instead of string","API_Regression_Suite","2026-03-25","passed","2026-03-25","autochek_api_negative.OfferSimulation.OfferSimulationNegative","Autochek_API_Automation","autochek_api_negative.OfferSimulation.OfferSimulationNegative","SubmitLoanPreferencesNegative"
"Submit Loan Customer Preferences","22373","SubmitLoanPreferencesNegative - requestedWarrantyPlan unsupported value","API_Regression_Suite","2026-03-25","passed","2026-03-25","autochek_api_negative.OfferSimulation.OfferSimulationNegative","Autochek_API_Automation","autochek_api_negative.OfferSimulation.OfferSimulationNegative","SubmitLoanPreferencesNegative"
"Verify that an expired token is rejected","384","LoginWithStaticTokenNegative","API_Regression_Suite","2026-03-25","passed","2026-03-25","autochek_api_negative.OfferSimulation.OfferSimulationNegative","Autochek_API_Automation","autochek_api_negative.OfferSimulation.OfferSimulationNegative","LoginWithStaticTokenNegative"
"Update Car and Validate Response","1","PutUpdateCar - engine_number too long (100+ chars)","API_Regression_Suite","2026-03-25","skipped","2026-03-25","autochek_api_negative.DetachTyresSpecification.DetachTyresSpecificationNegative","Autochek_API_Automation","autochek_api_negative.DetachTyresSpecification.DetachTyresSpecificationNegative","PutUpdateCar"
"Create Inspection for the carID generated in Car Creation","0","PostCreateInspection - Script injection attempt in completed","API_Regression_Suite","2026-03-25","skipped","2026-03-25","autochek_api_negative.DetachTyresSpecification.DetachTyresSpecificationNegative","Autochek_API_Automation","autochek_api_negative.DetachTyresSpecification.DetachTyresSpecificationNegative","PostCreateInspection"
"Validates GET /v2/origination/loans with dynamic parameters - Negative Test","502","GetLoansListNegative - country is special characters","API_Regression_Suite","2026-03-25","passed","2026-03-25","autochek_api_negative.OriginationService.ResponsePayloadReductionV2APIsNegative","Autochek_API_Automation","autochek_api_negative.OriginationService.ResponsePayloadReductionV2APIsNegative","GetLoansListNegative"
"Submit Loan Customer Preferences","405","SubmitLoanPreferencesNegative - feePaymentMethod null","API_Regression_Suite","2026-03-25","failed","2026-03-25","autochek_api_negative.OfferSimulation.OfferSimulationNegative","Autochek_API_Automation","autochek_api_negative.OfferSimulation.OfferSimulationNegative","SubmitLoanPreferencesNegative"
"Accept Simulation Offer","666","AcceptOfferNegative - Send loan_id as whitespace only","API_Regression_Suite","2026-03-25","passed","2026-03-25","autochek_api_negative.OfferSimulation.OfferSimulationNegative","Autochek_API_Automation","autochek_api_negative.OfferSimulation.OfferSimulationNegative","AcceptOfferNegative"
"","719","CreateFranchise - is_anchor = ""true"" (string)","API_Regression_Suite","2026-03-25","passed","2026-03-25","autochek_api_negative.UserService.UserServiceNegative","Autochek_API_Automation","autochek_api_negative.UserService.UserServiceNegative","CreateFranchise"
"Create Inspection for the carID generated in Car Creation","0","PostCreateInspection - Empty form_id","API_Regression_Suite","2026-03-25","skipped","2026-03-25","autochek_api_negative.DetachTyresSpecification.DetachTyresSpecificationNegative","Autochek_API_Automation","autochek_api_negative.DetachTyresSpecification.DetachTyresSpecificationNegative","PostCreateInspection"
"Submit Loan Customer Preferences","396","SubmitLoanPreferencesNegative - residualPercentage blank","API_Regression_Suite","2026-03-25","failed","2026-03-25","autochek_api_negative.OfferSimulation.OfferSimulationNegative","Autochek_API_Automation","autochek_api_negative.OfferSimulation.OfferSimulationNegative","SubmitLoanPreferencesNegative"
"Update System Config dynamically for PASSWORD_POLICY or USER_SESSION","0","PatchSystemConfigV2 - MAX_CONCURRENT_SESSIONS SQL injection attempt","API_Regression_Suite","2026-03-25","skipped","2026-03-25","autochek_api_negative.UserService.UserServiceV2Negative","Autochek_API_Automation","autochek_api_negative.UserService.UserServiceV2Negative","PatchSystemConfigV2"
"Create Inspection for the carID generated in Car Creation","0","PostCreateInspection - Too long inspection_type string","API_Regression_Suite","2026-03-25","skipped","2026-03-25","autochek_api_negative.DetachTyresSpecification.DetachTyresSpecificationNegative","Autochek_API_Automation","autochek_api_negative.DetachTyresSpecification.DetachTyresSpecificationNegative","PostCreateInspection"
"Validates GET /v1/inventory/car with dynamic parameters - Positive Test","1","GetCarList - Validate only year field is returned","API_Regression_Suite","2026-03-25","skipped","2026-03-25","autochek_api_positive.InventoryService.DynamicResponsePositive","Autochek_API_Automation","autochek_api_positive.InventoryService.DynamicResponsePositive","GetCarList"
"Submit Loan Customer Preferences","399","SubmitLoanPreferencesNegative - upfrontInsurance SQL injection attempt","API_Regression_Suite","2026-03-25","failed","2026-03-25","autochek_api_negative.OfferSimulation.OfferSimulationNegative","Autochek_API_Automation","autochek_api_negative.OfferSimulation.OfferSimulationNegative","SubmitLoanPreferencesNegative"
"","582","UpdateFranchise - name is too short","API_Regression_Suite","2026-03-25","passed","2026-03-25","autochek_api_negative.UserService.UserServiceNegative","Autochek_API_Automation","autochek_api_negative.UserService.UserServiceNegative","UpdateFranchise"
"Validates GET /v1/inspection with dynamic parameters - Negative Test","0","GetInspectionNegative - Validate API fails when mixing valid and invalid field names","API_Regression_Suite","2026-03-25","skipped","2026-03-25","autochek_api_negative.InventoryService.DynamicResponseNegative","Autochek_API_Automation","autochek_api_negative.InventoryService.DynamicResponseNegative","GetInspectionNegative"
"Update Car and Validate Response","0","PutUpdateCar - is_upgraded as script injection","API_Regression_Suite","2026-03-25","skipped","2026-03-25","autochek_api_negative.DetachTyresSpecification.DetachTyresSpecificationNegative","Autochek_API_Automation","autochek_api_negative.DetachTyresSpecification.DetachTyresSpecificationNegative","PutUpdateCar"
"","1259","CreateFranchise - city ID is a string","API_Regression_Suite","2026-03-25","passed","2026-03-25","autochek_api_negative.UserService.UserServiceNegative","Autochek_API_Automation","autochek_api_negative.UserService.UserServiceNegative","CreateFranchise"
"","1904","UpdateFranchise - owner is empty string","API_Regression_Suite","2026-03-25","passed","2026-03-25","autochek_api_negative.UserService.UserServiceNegative","Autochek_API_Automation","autochek_api_negative.UserService.UserServiceNegative","UpdateFranchise"
"Delete USER_SESSION and PASSWORD_POLICY using stored IDs","0","deleteSystemConfigs - Delete with null ID","API_Regression_Suite","2026-03-25","skipped","2026-03-25","autochek_api_negative.UserService.UserServiceV2Negative","Autochek_API_Automation","autochek_api_negative.UserService.UserServiceV2Negative","deleteSystemConfigs"
"Submit Loan Customer Preferences","391","SubmitLoanPreferencesNegative - includeLicenceRenewalFees special characters","API_Regression_Suite","2026-03-25","failed","2026-03-25","autochek_api_negative.OfferSimulation.OfferSimulationNegative","Autochek_API_Automation","autochek_api_negative.OfferSimulation.OfferSimulationNegative","SubmitLoanPreferencesNegative"
"Validates GET /v1/inspection with dynamic parameters - Negative Test","0","GetInspectionNegative - Pass valid field with space + relations together","API_Regression_Suite","2026-03-25","skipped","2026-03-25","autochek_api_negative.InventoryService.DynamicResponseNegative","Autochek_API_Automation","autochek_api_negative.InventoryService.DynamicResponseNegative","GetInspectionNegative"
"Validates GET /v1/inventory/trims with dynamic parameters - Negative Test","0","GetTrimsNegative - Validate response when passing mix of valid and invalid fields","API_Regression_Suite","2026-03-25","skipped","2026-03-25","autochek_api_negative.InventoryService.DynamicResponseNegative","Autochek_API_Automation","autochek_api_negative.InventoryService.DynamicResponseNegative","GetTrimsNegative"
"Create a new franchise with valid data","1106","CreateFranchise - valid name with two words","API_Regression_Suite","2026-03-25","passed","2026-03-25","autochek_api_positive.UserService.UserService","Autochek_API_Automation","autochek_api_positive.UserService.UserService","CreateFranchise"
"","1205","CreateFranchise - account_number special chars","API_Regression_Suite","2026-03-25","passed","2026-03-25","autochek_api_negative.UserService.UserServiceNegative","Autochek_API_Automation","autochek_api_negative.UserService.UserServiceNegative","CreateFranchise"
"Get the list of Tyre brands","413","GetTyreBrandsNegative - Use only SQL keywords to bypass validation","API_Regression_Suite","2026-03-25","passed","2026-03-25","autochek_api_negative.OfferSimulation.OfferSimulationNegative","Autochek_API_Automation","autochek_api_negative.OfferSimulation.OfferSimulationNegative","GetTyreBrandsNegative"
"","450","GetFranchiseByID - leading and trailing whitespaces","API_Regression_Suite","2026-03-25","passed","2026-03-25","autochek_api_negative.UserService.UserServiceNegative","Autochek_API_Automation","autochek_api_negative.UserService.UserServiceNegative","GetFranchiseByID"
"Submit Loan Customer Preferences","392","SubmitLoanPreferencesNegative - upfrontVehicleTracking special characters","API_Regression_Suite","2026-03-25","failed","2026-03-25","autochek_api_negative.OfferSimulation.OfferSimulationNegative","Autochek_API_Automation","autochek_api_negative.OfferSimulation.OfferSimulationNegative","SubmitLoanPreferencesNegative"
"Validates GET /v2/origination/loans/{loan_id}/logbook/car-details - Negative Test","499","GetLogbookCarDetailsByLoanIdNegative - loan_id in base64 encoded format","API_Regression_Suite","2026-03-25","passed","2026-03-25","autochek_api_negative.OriginationService.ResponsePayloadReductionV2APIsNegative","Autochek_API_Automation","autochek_api_negative.OriginationService.ResponsePayloadReductionV2APIsNegative","GetLogbookCarDetailsByLoanIdNegative"
"","430","GetFranchiseList - page_size valid, country invalid, status valid","API_Regression_Suite","2026-03-25","passed","2026-03-25","autochek_api_negative.UserService.UserServiceNegative","Autochek_API_Automation","autochek_api_negative.UserService.UserServiceNegative","GetFranchiseList"
"Create Inspection for the carID generated in Car Creation","0","PostCreateInspection - Multiple invalids together (form_id empty + car_id invalid + tyreCode empty)","API_Regression_Suite","2026-03-25","skipped","2026-03-25","autochek_api_negative.DetachTyresSpecification.DetachTyresSpecificationNegative","Autochek_API_Automation","autochek_api_negative.DetachTyresSpecification.DetachTyresSpecificationNegative","PostCreateInspection"
"","455","UpdateFranchise - bank_name too long","API_Regression_Suite","2026-03-25","passed","2026-03-25","autochek_api_negative.UserService.UserServiceNegative","Autochek_API_Automation","autochek_api_negative.UserService.UserServiceNegative","UpdateFranchise"
"","714","CreateFranchise - account_number float","API_Regression_Suite","2026-03-25","passed","2026-03-25","autochek_api_negative.UserService.UserServiceNegative","Autochek_API_Automation","autochek_api_negative.UserService.UserServiceNegative","CreateFranchise"
"Validates GET /v1/inventory/body_type with dynamic parameters - Negative Test","0","GetBodyTypeNegative - Pass excluded field with special chars","API_Regression_Suite","2026-03-25","skipped","2026-03-25","autochek_api_negative.InventoryService.DynamicResponseNegative","Autochek_API_Automation","autochek_api_negative.InventoryService.DynamicResponseNegative","GetBodyTypeNegative"
"Submit Loan Customer Preferences","13112","SubmitLoanPreferencesNegative - requestedWarrantyPlan too long string","API_Regression_Suite","2026-03-25","passed","2026-03-25","autochek_api_negative.OfferSimulation.OfferSimulationNegative","Autochek_API_Automation","autochek_api_negative.OfferSimulation.OfferSimulationNegative","SubmitLoanPreferencesNegative"
"","413","submitLoanPreference - Requested Warranty Plan2","API_Regression_Suite","2026-03-25","passed","2026-03-25","autochek_api_positive.OfferSimulation.OfferSimulationPositive","Autochek_API_Automation","autochek_api_positive.OfferSimulation.OfferSimulationPositive","submitLoanPreference"
"Validates GET /v2/origination/partners with dynamic parameters - Positive Test","501","GetPartnersList - valid request where page_size is at a boundary value (10)","API_Regression_Suite","2026-03-25","passed","2026-03-25","autochek_api_positive.OriginationService.ResponsePayloadReductionV2APIs","Autochek_API_Automation","autochek_api_positive.OriginationService.ResponsePayloadReductionV2APIs","GetPartnersList"
"","441","UpdateFranchise - email with newline character","API_Regression_Suite","2026-03-25","passed","2026-03-25","autochek_api_negative.UserService.UserServiceNegative","Autochek_API_Automation","autochek_api_negative.UserService.UserServiceNegative","UpdateFranchise"
"","0","PostUserSignUpV2 - Verify signup with userType = tyre-vendor","API_Regression_Suite","2026-03-25","skipped","2026-03-25","autochek_api_positive.UserService.UserServiceV2","Autochek_API_Automation","autochek_api_positive.UserService.UserServiceV2","PostUserSignUpV2"
"Submit Loan Customer Preferences","395","SubmitLoanPreferencesNegative - interestRate special characters","API_Regression_Suite","2026-03-25","failed","2026-03-25","autochek_api_negative.OfferSimulation.OfferSimulationNegative","Autochek_API_Automation","autochek_api_negative.OfferSimulation.OfferSimulationNegative","SubmitLoanPreferencesNegative"
"Validates GET /v1/inspection with dynamic parameters - Negative Test","0","GetInspectionNegative - Validate API fails when passing multiple unrelated top-level relations","API_Regression_Suite","2026-03-25","skipped","2026-03-25","autochek_api_negative.InventoryService.DynamicResponseNegative","Autochek_API_Automation","autochek_api_negative.InventoryService.DynamicResponseNegative","GetInspectionNegative"
"Create Car and Validate Response","1","CreateCar - Verify car creation with franchise_id = kpMngdaMZ","API_Regression_Suite","2026-03-25","skipped","2026-03-25","autochek_api_positive.DetachTyreSpecification.DetachTyreSpecificationPositive","Autochek_API_Automation","autochek_api_positive.DetachTyreSpecification.DetachTyreSpecificationPositive","CreateCar"
"Validates GET /v1/inventory/obds with dynamic parameters - Negative Test","0","GetObdsNegative - Send invalid fields parameter (non-existent field)","API_Regression_Suite","2026-03-25","skipped","2026-03-25","autochek_api_negative.InventoryService.DynamicResponseNegative","Autochek_API_Automation","autochek_api_negative.InventoryService.DynamicResponseNegative","GetObdsNegative"
"","947","UpdateFranchise - latitude = array","API_Regression_Suite","2026-03-25","passed","2026-03-25","autochek_api_negative.UserService.UserServiceNegative","Autochek_API_Automation","autochek_api_negative.UserService.UserServiceNegative","UpdateFranchise"
"Validates GET /v2/origination/sources with dynamic parameters - Negative Test","498","GetBanksListNegative - country is numeric string","API_Regression_Suite","2026-03-25","passed","2026-03-25","autochek_api_negative.OriginationService.ResponsePayloadReductionV2APIsNegative","Autochek_API_Automation","autochek_api_negative.OriginationService.ResponsePayloadReductionV2APIsNegative","GetBanksListNegative"
"","0","PostLogoutAllAdminNegative - Send expired access token","API_Regression_Suite","2026-03-25","skipped","2026-03-25","autochek_api_negative.UserService.UserServiceV2Negative","Autochek_API_Automation","autochek_api_negative.UserService.UserServiceV2Negative","PostLogoutAllAdminNegative"
"","444","UpdateFranchise - account_name as array","API_Regression_Suite","2026-03-25","passed","2026-03-25","autochek_api_negative.UserService.UserServiceNegative","Autochek_API_Automation","autochek_api_negative.UserService.UserServiceNegative","UpdateFranchise"
"Delete USER_SESSION and PASSWORD_POLICY using stored IDs","1","deleteSystemConfigs - Delete with negative ID","API_Regression_Suite","2026-03-25","skipped","2026-03-25","autochek_api_negative.UserService.UserServiceV2Negative","Autochek_API_Automation","autochek_api_negative.UserService.UserServiceV2Negative","deleteSystemConfigs"
"Create Car and Validate Response","0","CreateCar - Verify car creation with tyre_code = TY001","API_Regression_Suite","2026-03-25","skipped","2026-03-25","autochek_api_positive.DetachTyreSpecification.DetachTyreSpecificationPositive","Autochek_API_Automation","autochek_api_positive.DetachTyreSpecification.DetachTyreSpecificationPositive","CreateCar"
"Validates GET /v1/inspection with dynamic parameters - Negative Test","0","GetInspectionNegative - Pass duplicate fields","API_Regression_Suite","2026-03-25","skipped","2026-03-25","autochek_api_negative.InventoryService.DynamicResponseNegative","Autochek_API_Automation","autochek_api_negative.InventoryService.DynamicResponseNegative","GetInspectionNegative"
"Update Car and Validate Response","1","PutUpdateCar - created_by as empty","API_Regression_Suite","2026-03-25","skipped","2026-03-25","autochek_api_negative.DetachTyresSpecification.DetachTyresSpecificationNegative","Autochek_API_Automation","autochek_api_negative.DetachTyresSpecification.DetachTyresSpecificationNegative","PutUpdateCar"
"Create Inspection for the carID generated in Car Creation","1","PostCreateInspection - Alphabetic string instead of number","API_Regression_Suite","2026-03-25","skipped","2026-03-25","autochek_api_negative.DetachTyresSpecification.DetachTyresSpecificationNegative","Autochek_API_Automation","autochek_api_negative.DetachTyresSpecification.DetachTyresSpecificationNegative","PostCreateInspection"
"","5865","CreateFranchise - account_bvn special characters","API_Regression_Suite","2026-03-25","passed","2026-03-25","autochek_api_negative.UserService.UserServiceNegative","Autochek_API_Automation","autochek_api_negative.UserService.UserServiceNegative","CreateFranchise"
"Validates GET /v2/origination/partners with dynamic parameters - Positive Test","406","GetPartnersListNegative - page_size is object","API_Regression_Suite","2026-03-25","passed","2026-03-25","autochek_api_negative.OriginationService.ResponsePayloadReductionV2APIsNegative","Autochek_API_Automation","autochek_api_negative.OriginationService.ResponsePayloadReductionV2APIsNegative","GetPartnersListNegative"
"Get Offer Details by LoanID","491","GetOffersByLoanIdNegative - loan_id with very long string","API_Regression_Suite","2026-03-25","passed","2026-03-25","autochek_api_negative.OriginationService.ResponsePayloadReductionV2APIsNegative","Autochek_API_Automation","autochek_api_negative.OriginationService.ResponsePayloadReductionV2APIsNegative","GetOffersByLoanIdNegative"
"Validates GET /v1/inventory/car with dynamic parameters - Negative Test","0","GetCarListNegative - Exclude all valid fields using - but invalid key","API_Regression_Suite","2026-03-25","skipped","2026-03-25","autochek_api_negative.InventoryService.DynamicResponseNegative","Autochek_API_Automation","autochek_api_negative.InventoryService.DynamicResponseNegative","GetCarListNegative"
"Get TyreSpecs Details by Car ID","0","GetTyreSpecs - car_id numeric only","API_Regression_Suite","2026-03-25","skipped","2026-03-25","autochek_api_negative.DetachTyresSpecification.DetachTyresSpecificationNegative","Autochek_API_Automation","autochek_api_negative.DetachTyresSpecification.DetachTyresSpecificationNegative","GetTyreSpecs"
"Creating loan for first fetched Toyota Car","460","PostCreateLoan","API_Regression_Suite","2026-03-25","failed","2026-03-25","autochek_api_positive.OfferSimulation.OfferSimulationPositive","Autochek_API_Automation","autochek_api_positive.OfferSimulation.OfferSimulationPositive","PostCreateLoan"
"Update System Config dynamically for PASSWORD_POLICY or USER_SESSION","0","PatchSystemConfigV2 - REQUIRE_UPPERCASE array structure passed","API_Regression_Suite","2026-03-25","skipped","2026-03-25","autochek_api_negative.UserService.UserServiceV2Negative","Autochek_API_Automation","autochek_api_negative.UserService.UserServiceV2Negative","PatchSystemConfigV2"
"Accept Simulation Offer","793","AcceptOfferNegative - loan_id with valid format plus special characters","API_Regression_Suite","2026-03-25","passed","2026-03-25","autochek_api_negative.OfferSimulation.OfferSimulationNegative","Autochek_API_Automation","autochek_api_negative.OfferSimulation.OfferSimulationNegative","AcceptOfferNegative"
"Validates GET /v2/origination/loans with dynamic parameters - Negative Test","473","GetLoansListNegative - country is number","API_Regression_Suite","2026-03-25","passed","2026-03-25","autochek_api_negative.OriginationService.ResponsePayloadReductionV2APIsNegative","Autochek_API_Automation","autochek_api_negative.OriginationService.ResponsePayloadReductionV2APIsNegative","GetLoansListNegative"
"","700","CreateFranchise - city ID is a special character","API_Regression_Suite","2026-03-25","passed","2026-03-25","autochek_api_negative.UserService.UserServiceNegative","Autochek_API_Automation","autochek_api_negative.UserService.UserServiceNegative","CreateFranchise"
"Validates GET /v2/origination/loans/{loan_id}/accepted-offer - Negative Test","606","GetAcceptedOfferByLoanIdNegative - HTML tag injection","API_Regression_Suite","2026-03-25","passed","2026-03-25","autochek_api_negative.OriginationService.ResponsePayloadReductionV2APIsNegative","Autochek_API_Automation","autochek_api_negative.OriginationService.ResponsePayloadReductionV2APIsNegative","GetAcceptedOfferByLoanIdNegative"
"Get Offer Details by OfferID","829","GetOffersByIdNegative - Send offer_id as empty string","API_Regression_Suite","2026-03-25","passed","2026-03-25","autochek_api_negative.OriginationService.ResponsePayloadReductionV2APIsNegative","Autochek_API_Automation","autochek_api_negative.OriginationService.ResponsePayloadReductionV2APIsNegative","GetOffersByIdNegative"
"Submit Loan Customer Preferences","666","SubmitLoanPreferencesNegative - desiredLoanCurrency too long","API_Regression_Suite","2026-03-25","failed","2026-03-25","autochek_api_negative.OfferSimulation.OfferSimulationNegative","Autochek_API_Automation","autochek_api_negative.OfferSimulation.OfferSimulationNegative","SubmitLoanPreferencesNegative"
"","711","CreateFranchise - display_address as array","API_Regression_Suite","2026-03-25","passed","2026-03-25","autochek_api_negative.UserService.UserServiceNegative","Autochek_API_Automation","autochek_api_negative.UserService.UserServiceNegative","CreateFranchise"
"Validates GET /v1/inventory/body_type with dynamic parameters - Negative Test","0","GetBodyTypeNegative - Pass array instead of comma-separated string","API_Regression_Suite","2026-03-25","skipped","2026-03-25","autochek_api_negative.InventoryService.DynamicResponseNegative","Autochek_API_Automation","autochek_api_negative.InventoryService.DynamicResponseNegative","GetBodyTypeNegative"
"Submit Loan Customer Preferences","3191","SubmitLoanPreferencesNegative - tyreBrand SQL injection","API_Regression_Suite","2026-03-25","passed","2026-03-25","autochek_api_negative.OfferSimulation.OfferSimulationNegative","Autochek_API_Automation","autochek_api_negative.OfferSimulation.OfferSimulationNegative","SubmitLoanPreferencesNegative"
"Create Inspection for the carID generated in Car Creation","0","PostCreateInspection - Mixed alphanumeric with special chars","API_Regression_Suite","2026-03-25","skipped","2026-03-25","autochek_api_negative.DetachTyresSpecification.DetachTyresSpecificationNegative","Autochek_API_Automation","autochek_api_negative.DetachTyresSpecification.DetachTyresSpecificationNegative","PostCreateInspection"
"","436","UpdateFranchise - is_anchor = null","API_Regression_Suite","2026-03-25","passed","2026-03-25","autochek_api_negative.UserService.UserServiceNegative","Autochek_API_Automation","autochek_api_negative.UserService.UserServiceNegative","UpdateFranchise"
"","432","UpdateFranchise - owner is numeric string","API_Regression_Suite","2026-03-25","passed","2026-03-25","autochek_api_negative.UserService.UserServiceNegative","Autochek_API_Automation","autochek_api_negative.UserService.UserServiceNegative","UpdateFranchise"
"Create Inspection for the carID generated in Car Creation","1","PostCreateInspection - Mixed case string","API_Regression_Suite","2026-03-25","skipped","2026-03-25","autochek_api_negative.DetachTyresSpecification.DetachTyresSpecificationNegative","Autochek_API_Automation","autochek_api_negative.DetachTyresSpecification.DetachTyresSpecificationNegative","PostCreateInspection"
"","0","PostUserSignUpV2Negative - Email without “@” character","API_Regression_Suite","2026-03-25","skipped","2026-03-25","autochek_api_negative.UserService.UserServiceV2Negative","Autochek_API_Automation","autochek_api_negative.UserService.UserServiceV2Negative","PostUserSignUpV2Negative"
"Update Car and Validate Response","0","PutUpdateCar - is_upgraded as whitespace only","API_Regression_Suite","2026-03-25","skipped","2026-03-25","autochek_api_negative.DetachTyresSpecification.DetachTyresSpecificationNegative","Autochek_API_Automation","autochek_api_negative.DetachTyresSpecification.DetachTyresSpecificationNegative","PutUpdateCar"
"Update Car and Validate Response","1","PutUpdateCar - is_upgraded as numeric value","API_Regression_Suite","2026-03-25","skipped","2026-03-25","autochek_api_negative.DetachTyresSpecification.DetachTyresSpecificationNegative","Autochek_API_Automation","autochek_api_negative.DetachTyresSpecification.DetachTyresSpecificationNegative","PutUpdateCar"
"Fetching loan by ID","1053","GetLoanByIdNegative","API_Regression_Suite","2026-03-25","passed","2026-03-25","autochek_api_negative.OfferSimulation.OfferSimulationNegative","Autochek_API_Automation","autochek_api_negative.OfferSimulation.OfferSimulationNegative","GetLoanByIdNegative"
"","0","PostLogoutAllAdminNegative - userId with leading space","API_Regression_Suite","2026-03-25","skipped","2026-03-25","autochek_api_negative.UserService.UserServiceV2Negative","Autochek_API_Automation","autochek_api_negative.UserService.UserServiceV2Negative","PostLogoutAllAdminNegative"
"","508","UpdateFranchise - longitude is boolean true","API_Regression_Suite","2026-03-25","passed","2026-03-25","autochek_api_negative.UserService.UserServiceNegative","Autochek_API_Automation","autochek_api_negative.UserService.UserServiceNegative","UpdateFranchise"
"","1248","CreateFranchise - map_address is empty string","API_Regression_Suite","2026-03-25","passed","2026-03-25","autochek_api_negative.UserService.UserServiceNegative","Autochek_API_Automation","autochek_api_negative.UserService.UserServiceNegative","CreateFranchise"
"","0","PostLogoutAllAdminNegative - userId with special characters","API_Regression_Suite","2026-03-25","skipped","2026-03-25","autochek_api_negative.UserService.UserServiceV2Negative","Autochek_API_Automation","autochek_api_negative.UserService.UserServiceV2Negative","PostLogoutAllAdminNegative"
"","475","UpdateFranchise - email missing domain","API_Regression_Suite","2026-03-25","passed","2026-03-25","autochek_api_negative.UserService.UserServiceNegative","Autochek_API_Automation","autochek_api_negative.UserService.UserServiceNegative","UpdateFranchise"
"Create Inspection for the carID generated in Car Creation","1","PostCreateInspection - Null completed field","API_Regression_Suite","2026-03-25","skipped","2026-03-25","autochek_api_negative.DetachTyresSpecification.DetachTyresSpecificationNegative","Autochek_API_Automation","autochek_api_negative.DetachTyresSpecification.DetachTyresSpecificationNegative","PostCreateInspection"
"Validates GET /v1/inspection with dynamic parameters - Negative Test","1","GetInspectionNegative - Pass excluded field that doesn't exist","API_Regression_Suite","2026-03-25","skipped","2026-03-25","autochek_api_negative.InventoryService.DynamicResponseNegative","Autochek_API_Automation","autochek_api_negative.InventoryService.DynamicResponseNegative","GetInspectionNegative"
"","424","GetFranchiseList - status is not an allowed value","API_Regression_Suite","2026-03-25","passed","2026-03-25","autochek_api_negative.UserService.UserServiceNegative","Autochek_API_Automation","autochek_api_negative.UserService.UserServiceNegative","GetFranchiseList"
"Validates GET /v2/origination/partners with dynamic parameters - Positive Test","605","GetPartnersListNegative - country is array","API_Regression_Suite","2026-03-25","passed","2026-03-25","autochek_api_negative.OriginationService.ResponsePayloadReductionV2APIsNegative","Autochek_API_Automation","autochek_api_negative.OriginationService.ResponsePayloadReductionV2APIsNegative","GetPartnersListNegative"
"Validates GET /v1/inventory/model with dynamic parameters - Negative Test","0","GetModelListNegative - Pass nested field with typo","API_Regression_Suite","2026-03-25","skipped","2026-03-25","autochek_api_negative.InventoryService.DynamicResponseNegative","Autochek_API_Automation","autochek_api_negative.InventoryService.DynamicResponseNegative","GetModelListNegative"
"","715","CreateFranchise - display_address as object","API_Regression_Suite","2026-03-25","passed","2026-03-25","autochek_api_negative.UserService.UserServiceNegative","Autochek_API_Automation","autochek_api_negative.UserService.UserServiceNegative","CreateFranchise"
"","1594","submitLoanPreference - Omit tyreBrand","API_Regression_Suite","2026-03-25","passed","2026-03-25","autochek_api_positive.OfferSimulation.OfferSimulationPositive","Autochek_API_Automation","autochek_api_positive.OfferSimulation.OfferSimulationPositive","submitLoanPreference"
"Validates GET /v2/origination/offers with dynamic parameters - Positive Test","990","GetOffersList - country is KE","API_Regression_Suite","2026-03-25","passed","2026-03-25","autochek_api_positive.OriginationService.ResponsePayloadReductionV2APIs","Autochek_API_Automation","autochek_api_positive.OriginationService.ResponsePayloadReductionV2APIs","GetOffersList"
"","446","UpdateFranchise - account_bvn too long","API_Regression_Suite","2026-03-25","passed","2026-03-25","autochek_api_negative.UserService.UserServiceNegative","Autochek_API_Automation","autochek_api_negative.UserService.UserServiceNegative","UpdateFranchise"
"Get Offer Details by LoanID","495","GetOffersByLoanIdNegative - Script injection (XSS attempt)","API_Regression_Suite","2026-03-25","passed","2026-03-25","autochek_api_negative.OriginationService.ResponsePayloadReductionV2APIsNegative","Autochek_API_Automation","autochek_api_negative.OriginationService.ResponsePayloadReductionV2APIsNegative","GetOffersByLoanIdNegative"
"Validates GET /v2/origination/partners with dynamic parameters - Positive Test","1073","GetPartnersListNegative - country is longer than 2 chars","API_Regression_Suite","2026-03-25","passed","2026-03-25","autochek_api_negative.OriginationService.ResponsePayloadReductionV2APIsNegative","Autochek_API_Automation","autochek_api_negative.OriginationService.ResponsePayloadReductionV2APIsNegative","GetPartnersListNegative"
"","456","UpdateFranchise - latitude = true","API_Regression_Suite","2026-03-25","passed","2026-03-25","autochek_api_negative.UserService.UserServiceNegative","Autochek_API_Automation","autochek_api_negative.UserService.UserServiceNegative","UpdateFranchise"
"Validates GET /v2/origination/partners with dynamic parameters - Positive Test","6599","GetPartnersListNegative - country is boolean","API_Regression_Suite","2026-03-25","passed","2026-03-25","autochek_api_negative.OriginationService.ResponsePayloadReductionV2APIsNegative","Autochek_API_Automation","autochek_api_negative.OriginationService.ResponsePayloadReductionV2APIsNegative","GetPartnersListNegative"
"Negative test for Create System Config V2","0","PostSystemConfigV2 - MIN_LENGTH special chars","API_Regression_Suite","2026-03-25","skipped","2026-03-25","autochek_api_negative.UserService.UserServiceV2Negative","Autochek_API_Automation","autochek_api_negative.UserService.UserServiceV2Negative","PostSystemConfigV2"
"","0","GetMeV2Negative - Send SQL injection string as token","API_Regression_Suite","2026-03-25","skipped","2026-03-25","autochek_api_negative.UserService.UserServiceV2Negative","Autochek_API_Automation","autochek_api_negative.UserService.UserServiceV2Negative","GetMeV2Negative"
"","2377","CreateFranchise - zip_code is empty string","API_Regression_Suite","2026-03-25","passed","2026-03-25","autochek_api_negative.UserService.UserServiceNegative","Autochek_API_Automation","autochek_api_negative.UserService.UserServiceNegative","CreateFranchise"
"Submit Loan Customer Preferences","402","SubmitLoanPreferencesNegative - residualPercentage above 100%","API_Regression_Suite","2026-03-25","failed","2026-03-25","autochek_api_negative.OfferSimulation.OfferSimulationNegative","Autochek_API_Automation","autochek_api_negative.OfferSimulation.OfferSimulationNegative","SubmitLoanPreferencesNegative"
"Update System Config dynamically for PASSWORD_POLICY or USER_SESSION","0","PatchSystemConfigV2 - REQUIRE_NUMBER SQL injection attempt","API_Regression_Suite","2026-03-25","skipped","2026-03-25","autochek_api_negative.UserService.UserServiceV2Negative","Autochek_API_Automation","autochek_api_negative.UserService.UserServiceV2Negative","PatchSystemConfigV2"
"","711","CreateFranchise - phone with leading/trailing spaces","API_Regression_Suite","2026-03-25","passed","2026-03-25","autochek_api_negative.UserService.UserServiceNegative","Autochek_API_Automation","autochek_api_negative.UserService.UserServiceNegative","CreateFranchise"
"Submit Loan Customer Preferences","406","SubmitLoanPreferencesNegative - interestRateType numeric","API_Regression_Suite","2026-03-25","failed","2026-03-25","autochek_api_negative.OfferSimulation.OfferSimulationNegative","Autochek_API_Automation","autochek_api_negative.OfferSimulation.OfferSimulationNegative","SubmitLoanPreferencesNegative"
"","0","PostUserSignUpV2Negative - LastName is null","API_Regression_Suite","2026-03-25","skipped","2026-03-25","autochek_api_negative.UserService.UserServiceV2Negative","Autochek_API_Automation","autochek_api_negative.UserService.UserServiceV2Negative","PostUserSignUpV2Negative"
"Submit Loan Customer Preferences","393","SubmitLoanPreferencesNegative - equityContribution spaces only","API_Regression_Suite","2026-03-25","failed","2026-03-25","autochek_api_negative.OfferSimulation.OfferSimulationNegative","Autochek_API_Automation","autochek_api_negative.OfferSimulation.OfferSimulationNegative","SubmitLoanPreferencesNegative"
"","714","CreateFranchise - map_address is special characters","API_Regression_Suite","2026-03-25","passed","2026-03-25","autochek_api_negative.UserService.UserServiceNegative","Autochek_API_Automation","autochek_api_negative.UserService.UserServiceNegative","CreateFranchise"
"Update Car and Validate Response","0","PutUpdateCar - created_by script injection","API_Regression_Suite","2026-03-25","skipped","2026-03-25","autochek_api_negative.DetachTyresSpecification.DetachTyresSpecificationNegative","Autochek_API_Automation","autochek_api_negative.DetachTyresSpecification.DetachTyresSpecificationNegative","PutUpdateCar"
"Validates GET /v1/inventory/make with dynamic fields filtering","0","GetMakeNegative - Pass SQL injection-like pattern","API_Regression_Suite","2026-03-25","skipped","2026-03-25","autochek_api_negative.InventoryService.DynamicResponseNegative","Autochek_API_Automation","autochek_api_negative.InventoryService.DynamicResponseNegative","GetMakeNegative"
"Create Car and Validate Response","0","CreateCar - Verify car creation with tyre_code = TY002 and is_draft = true","API_Regression_Suite","2026-03-25","skipped","2026-03-25","autochek_api_positive.DetachTyreSpecification.DetachTyreSpecificationPositive","Autochek_API_Automation","autochek_api_positive.DetachTyreSpecification.DetachTyreSpecificationPositive","CreateCar"
"Update System Config dynamically for PASSWORD_POLICY or USER_SESSION","0","PatchSystemConfigV2 - MAX_LENGTH zero","API_Regression_Suite","2026-03-25","skipped","2026-03-25","autochek_api_negative.UserService.UserServiceV2Negative","Autochek_API_Automation","autochek_api_negative.UserService.UserServiceV2Negative","PatchSystemConfigV2"
"","0","setUp","API_Regression_Suite","2026-03-25","broken","2026-03-25","autochek_api_negative.InventoryService.DynamicResponseNegative","Autochek_API_Automation","autochek_api_negative.InventoryService.DynamicResponseNegative","setUp"
"Update System Config dynamically for PASSWORD_POLICY or USER_SESSION","0","PatchSystemConfigV2 - Update maximum concurrent sessions to 2","API_Regression_Suite","2026-03-25","skipped","2026-03-25","autochek_api_negative.UserService.UserServiceV2Negative","Autochek_API_Automation","autochek_api_negative.UserService.UserServiceV2Negative","PatchSystemConfigV2"
"Validates GET /v2/origination/sources with dynamic parameters - Positive Test","494","GetSourcesList - country is UG","API_Regression_Suite","2026-03-25","passed","2026-03-25","autochek_api_positive.OriginationService.ResponsePayloadReductionV2APIs","Autochek_API_Automation","autochek_api_positive.OriginationService.ResponsePayloadReductionV2APIs","GetSourcesList"
"Create Inspection for the carID generated in Car Creation","0","PostCreateInspection - Alphabets only","API_Regression_Suite","2026-03-25","skipped","2026-03-25","autochek_api_negative.DetachTyresSpecification.DetachTyresSpecificationNegative","Autochek_API_Automation","autochek_api_negative.DetachTyresSpecification.DetachTyresSpecificationNegative","PostCreateInspection"
"Validates GET /v2/origination/loans/{loan_id}/logbook/booking-info - Negative Test","501","GetBookingInfoForLogbookLoanNegative - Send loan_id as null","API_Regression_Suite","2026-03-25","passed","2026-03-25","autochek_api_negative.OriginationService.ResponsePayloadReductionV2APIsNegative","Autochek_API_Automation","autochek_api_negative.OriginationService.ResponsePayloadReductionV2APIsNegative","GetBookingInfoForLogbookLoanNegative"
"Create Inspection for the carID generated in Car Creation","1","PostCreateInspection - Invalid string not matching enum","API_Regression_Suite","2026-03-25","skipped","2026-03-25","autochek_api_negative.DetachTyresSpecification.DetachTyresSpecificationNegative","Autochek_API_Automation","autochek_api_negative.DetachTyresSpecification.DetachTyresSpecificationNegative","PostCreateInspection"
"","720","CreateFranchise - address as array","API_Regression_Suite","2026-03-25","passed","2026-03-25","autochek_api_negative.UserService.UserServiceNegative","Autochek_API_Automation","autochek_api_negative.UserService.UserServiceNegative","CreateFranchise"
"Submit Loan Customer Preferences","408","SubmitLoanPreferencesNegative - interestRate null","API_Regression_Suite","2026-03-25","failed","2026-03-25","autochek_api_negative.OfferSimulation.OfferSimulationNegative","Autochek_API_Automation","autochek_api_negative.OfferSimulation.OfferSimulationNegative","SubmitLoanPreferencesNegative"
"Create Inspection for the carID generated in Car Creation","1","PostCreateInspection - Numeric only","API_Regression_Suite","2026-03-25","skipped","2026-03-25","autochek_api_negative.DetachTyresSpecification.DetachTyresSpecificationNegative","Autochek_API_Automation","autochek_api_negative.DetachTyresSpecification.DetachTyresSpecificationNegative","PostCreateInspection"
"Submit Loan Customer Preferences","400","SubmitLoanPreferencesNegative - feePaymentMethod SQL injection DROP table","API_Regression_Suite","2026-03-25","failed","2026-03-25","autochek_api_negative.OfferSimulation.OfferSimulationNegative","Autochek_API_Automation","autochek_api_negative.OfferSimulation.OfferSimulationNegative","SubmitLoanPreferencesNegative"
"","0","PostUserSignUpV2Negative - Country is an empty string","API_Regression_Suite","2026-03-25","skipped","2026-03-25","autochek_api_negative.UserService.UserServiceV2Negative","Autochek_API_Automation","autochek_api_negative.UserService.UserServiceV2Negative","PostUserSignUpV2Negative"
"Get Offer Details by OfferID","601","GetOffersByIdNegative - offer_id in base64 encoded format","API_Regression_Suite","2026-03-25","passed","2026-03-25","autochek_api_negative.OriginationService.ResponsePayloadReductionV2APIsNegative","Autochek_API_Automation","autochek_api_negative.OriginationService.ResponsePayloadReductionV2APIsNegative","GetOffersByIdNegative"
"","1","PostEnableUserV2Negative - Send userId with leading/trailing spaces","API_Regression_Suite","2026-03-25","skipped","2026-03-25","autochek_api_negative.UserService.UserServiceV2Negative","Autochek_API_Automation","autochek_api_negative.UserService.UserServiceV2Negative","PostEnableUserV2Negative"
"Get Offer Details by OfferID","594","GetOffersByIdNegative - offer_id with Unicode characters","API_Regression_Suite","2026-03-25","passed","2026-03-25","autochek_api_negative.OriginationService.ResponsePayloadReductionV2APIsNegative","Autochek_API_Automation","autochek_api_negative.OriginationService.ResponsePayloadReductionV2APIsNegative","GetOffersByIdNegative"
"Validates GET /v1/inventory/car with dynamic parameters - Positive Test","1","GetCarList - Validate only id field is returned","API_Regression_Suite","2026-03-25","skipped","2026-03-25","autochek_api_positive.InventoryService.DynamicResponsePositive","Autochek_API_Automation","autochek_api_positive.InventoryService.DynamicResponsePositive","GetCarList"
"Validates GET /v1/inventory/model with dynamic parameters - Negative Test","1","GetModelListNegative - Pass invalid field not in model schema","API_Regression_Suite","2026-03-25","skipped","2026-03-25","autochek_api_negative.InventoryService.DynamicResponseNegative","Autochek_API_Automation","autochek_api_negative.InventoryService.DynamicResponseNegative","GetModelListNegative"
"Submit Loan Customer Preferences","558","SubmitLoanPreferencesNegative - vehicleDiscount >100%","API_Regression_Suite","2026-03-25","passed","2026-03-25","autochek_api_negative.OfferSimulation.OfferSimulationNegative","Autochek_API_Automation","autochek_api_negative.OfferSimulation.OfferSimulationNegative","SubmitLoanPreferencesNegative"
"Update System Config dynamically for PASSWORD_POLICY or USER_SESSION","0","PatchSystemConfigV2 - MIN_LENGTH decimal","API_Regression_Suite","2026-03-25","skipped","2026-03-25","autochek_api_negative.UserService.UserServiceV2Negative","Autochek_API_Automation","autochek_api_negative.UserService.UserServiceV2Negative","PatchSystemConfigV2"
"","829","CreateFranchise - street_name is empty","API_Regression_Suite","2026-03-25","passed","2026-03-25","autochek_api_negative.UserService.UserServiceNegative","Autochek_API_Automation","autochek_api_negative.UserService.UserServiceNegative","CreateFranchise"
"Validates GET /v2/origination/loans/{loan_id}/logbook/car-details - Negative Test","499","GetLogbookCarDetailsByLoanIdNegative - Script injection (XSS attempt)","API_Regression_Suite","2026-03-25","passed","2026-03-25","autochek_api_negative.OriginationService.ResponsePayloadReductionV2APIsNegative","Autochek_API_Automation","autochek_api_negative.OriginationService.ResponsePayloadReductionV2APIsNegative","GetLogbookCarDetailsByLoanIdNegative"
"","848","CreateFranchise - bank_name as number","API_Regression_Suite","2026-03-25","passed","2026-03-25","autochek_api_negative.UserService.UserServiceNegative","Autochek_API_Automation","autochek_api_negative.UserService.UserServiceNegative","CreateFranchise"
"","0","PostLogoutV2Negative - Send no value in refreshToken cookie","API_Regression_Suite","2026-03-25","skipped","2026-03-25","autochek_api_negative.UserService.UserServiceV2Negative","Autochek_API_Automation","autochek_api_negative.UserService.UserServiceV2Negative","PostLogoutV2Negative"
"Validates GET /v1/inventory/trims with dynamic parameters - Negative Test","0","GetTrimsNegative - Validate response when passing SQL injection using nested subquery","API_Regression_Suite","2026-03-25","skipped","2026-03-25","autochek_api_negative.InventoryService.DynamicResponseNegative","Autochek_API_Automation","autochek_api_negative.InventoryService.DynamicResponseNegative","GetTrimsNegative"
"Update Car and Validate Response","0","PutUpdateCar - license_plate too short (2 chars)","API_Regression_Suite","2026-03-25","skipped","2026-03-25","autochek_api_negative.DetachTyresSpecification.DetachTyresSpecificationNegative","Autochek_API_Automation","autochek_api_negative.DetachTyresSpecification.DetachTyresSpecificationNegative","PutUpdateCar"
"Fetching loan by ID","499","GetLoanByIdNegative - loan_id with valid format plus special characters","API_Regression_Suite","2026-03-25","passed","2026-03-25","autochek_api_negative.OriginationService.ResponsePayloadReductionV2APIsNegative","Autochek_API_Automation","autochek_api_negative.OriginationService.ResponsePayloadReductionV2APIsNegative","GetLoanByIdNegative"
"Validates GET /v1/origination/offers/{offer_Id}/loan-document with dynamic parameters - Negative Test","493","GetLoanDocumentsByOfferIdNegative - SQL injection with DROP statement","API_Regression_Suite","2026-03-25","passed","2026-03-25","autochek_api_negative.OriginationService.ResponsePayloadReductionV2APIsNegative","Autochek_API_Automation","autochek_api_negative.OriginationService.ResponsePayloadReductionV2APIsNegative","GetLoanDocumentsByOfferIdNegative"
"","1839","CreateFranchise - account_name as array","API_Regression_Suite","2026-03-25","passed","2026-03-25","autochek_api_negative.UserService.UserServiceNegative","Autochek_API_Automation","autochek_api_negative.UserService.UserServiceNegative","CreateFranchise"
"Validates GET /v2/origination/offers with dynamic parameters - Positive Test","690","GetOffersList - country is GH","API_Regression_Suite","2026-03-25","passed","2026-03-25","autochek_api_positive.OriginationService.ResponsePayloadReductionV2APIs","Autochek_API_Automation","autochek_api_positive.OriginationService.ResponsePayloadReductionV2APIs","GetOffersList"
"","425","UpdateFranchise - latitude = object","API_Regression_Suite","2026-03-25","passed","2026-03-25","autochek_api_negative.UserService.UserServiceNegative","Autochek_API_Automation","autochek_api_negative.UserService.UserServiceNegative","UpdateFranchise"
"","714","CreateFranchise - address whitespace only","API_Regression_Suite","2026-03-25","passed","2026-03-25","autochek_api_negative.UserService.UserServiceNegative","Autochek_API_Automation","autochek_api_negative.UserService.UserServiceNegative","CreateFranchise"
"Submit Loan Customer Preferences","401","SubmitLoanPreferencesNegative - residualPercentage negative value","API_Regression_Suite","2026-03-25","failed","2026-03-25","autochek_api_negative.OfferSimulation.OfferSimulationNegative","Autochek_API_Automation","autochek_api_negative.OfferSimulation.OfferSimulationNegative","SubmitLoanPreferencesNegative"
"Create Car and Validate Response","0","CreateCar - Verify car creation with VIN containing alphanumeric mix","API_Regression_Suite","2026-03-25","skipped","2026-03-25","autochek_api_positive.DetachTyreSpecification.DetachTyreSpecificationPositive","Autochek_API_Automation","autochek_api_positive.DetachTyreSpecification.DetachTyreSpecificationPositive","CreateCar"
"Submit Loan Customer Preferences","403","SubmitLoanPreferencesNegative - upfrontInsurance numeric instead of boolean","API_Regression_Suite","2026-03-25","failed","2026-03-25","autochek_api_negative.OfferSimulation.OfferSimulationNegative","Autochek_API_Automation","autochek_api_negative.OfferSimulation.OfferSimulationNegative","SubmitLoanPreferencesNegative"
"Validates GET /v1/inventory/make with dynamic fields filtering","0","GetMakeNegative - Exclude all valid fields with minus sign but invalid key","API_Regression_Suite","2026-03-25","skipped","2026-03-25","autochek_api_negative.InventoryService.DynamicResponseNegative","Autochek_API_Automation","autochek_api_negative.InventoryService.DynamicResponseNegative","GetMakeNegative"
"Submit Loan Customer Preferences","403","SubmitLoanPreferencesNegative - interestRateType long string","API_Regression_Suite","2026-03-25","failed","2026-03-25","autochek_api_negative.OfferSimulation.OfferSimulationNegative","Autochek_API_Automation","autochek_api_negative.OfferSimulation.OfferSimulationNegative","SubmitLoanPreferencesNegative"
"","1821","CreateFranchise - city ID is a negative number","API_Regression_Suite","2026-03-25","passed","2026-03-25","autochek_api_negative.UserService.UserServiceNegative","Autochek_API_Automation","autochek_api_negative.UserService.UserServiceNegative","CreateFranchise"
"","0","PostUserSignUpV2 - Verify signup with country = NG","API_Regression_Suite","2026-03-25","skipped","2026-03-25","autochek_api_positive.UserService.UserServiceV2","Autochek_API_Automation","autochek_api_positive.UserService.UserServiceV2","PostUserSignUpV2"
"Validates GET /v1/inventory/car with dynamic parameters - Negative Test","0","GetCarListNegative - Validate API fails when mixing valid and invalid field names","API_Regression_Suite","2026-03-25","skipped","2026-03-25","autochek_api_negative.InventoryService.DynamicResponseNegative","Autochek_API_Automation","autochek_api_negative.InventoryService.DynamicResponseNegative","GetCarListNegative"
"","712","CreateFranchise - account_number is null","API_Regression_Suite","2026-03-25","passed","2026-03-25","autochek_api_negative.UserService.UserServiceNegative","Autochek_API_Automation","autochek_api_negative.UserService.UserServiceNegative","CreateFranchise"
"","445","GetFranchiseByID - newline character in id","API_Regression_Suite","2026-03-25","passed","2026-03-25","autochek_api_negative.UserService.UserServiceNegative","Autochek_API_Automation","autochek_api_negative.UserService.UserServiceNegative","GetFranchiseByID"
"Submit Loan Customer Preferences","397","SubmitLoanPreferencesNegative - upfrontInsurance special characters","API_Regression_Suite","2026-03-25","failed","2026-03-25","autochek_api_negative.OfferSimulation.OfferSimulationNegative","Autochek_API_Automation","autochek_api_negative.OfferSimulation.OfferSimulationNegative","SubmitLoanPreferencesNegative"
"","443","UpdateFranchise - owner with only whitespace","API_Regression_Suite","2026-03-25","passed","2026-03-25","autochek_api_negative.UserService.UserServiceNegative","Autochek_API_Automation","autochek_api_negative.UserService.UserServiceNegative","UpdateFranchise"
"Create Inspection for the carID generated in Car Creation","0","PostCreateInspection - Boolean instead of string","API_Regression_Suite","2026-03-25","skipped","2026-03-25","autochek_api_negative.DetachTyresSpecification.DetachTyresSpecificationNegative","Autochek_API_Automation","autochek_api_negative.DetachTyresSpecification.DetachTyresSpecificationNegative","PostCreateInspection"
"Validates GET /v1/inventory/model with dynamic parameters - Positive Test","0","GetModelList - Pass whitespace in relation","API_Regression_Suite","2026-03-25","skipped","2026-03-25","autochek_api_positive.InventoryService.DynamicResponsePositive","Autochek_API_Automation","autochek_api_positive.InventoryService.DynamicResponsePositive","GetModelList"
"Create Inspection for the carID generated in Car Creation","0","PostCreateInspection - Numeric instead of string","API_Regression_Suite","2026-03-25","skipped","2026-03-25","autochek_api_negative.DetachTyresSpecification.DetachTyresSpecificationNegative","Autochek_API_Automation","autochek_api_negative.DetachTyresSpecification.DetachTyresSpecificationNegative","PostCreateInspection"
"Submit Loan Customer Preferences","902","SubmitLoanPreferencesNegative - Dealer Discount invalid special chars","API_Regression_Suite","2026-03-25","passed","2026-03-25","autochek_api_negative.OfferSimulation.OfferSimulationNegative","Autochek_API_Automation","autochek_api_negative.OfferSimulation.OfferSimulationNegative","SubmitLoanPreferencesNegative"
"Submit Loan Customer Preferences","400","SubmitLoanPreferencesNegative - feePaymentMethod random unsupported value","API_Regression_Suite","2026-03-25","failed","2026-03-25","autochek_api_negative.OfferSimulation.OfferSimulationNegative","Autochek_API_Automation","autochek_api_negative.OfferSimulation.OfferSimulationNegative","SubmitLoanPreferencesNegative"
"","1224","CreateFranchise - phone is empty string","API_Regression_Suite","2026-03-25","passed","2026-03-25","autochek_api_negative.UserService.UserServiceNegative","Autochek_API_Automation","autochek_api_negative.UserService.UserServiceNegative","CreateFranchise"
"","784","CreateFranchise - account_bvn is null","API_Regression_Suite","2026-03-25","passed","2026-03-25","autochek_api_negative.UserService.UserServiceNegative","Autochek_API_Automation","autochek_api_negative.UserService.UserServiceNegative","CreateFranchise"
"Submit Loan Customer Preferences","413","SubmitLoanPreferencesNegative - interestRateType mixed invalid format","API_Regression_Suite","2026-03-25","failed","2026-03-25","autochek_api_negative.OfferSimulation.OfferSimulationNegative","Autochek_API_Automation","autochek_api_negative.OfferSimulation.OfferSimulationNegative","SubmitLoanPreferencesNegative"
"","441","UpdateFranchise - city ID is a decimal","API_Regression_Suite","2026-03-25","passed","2026-03-25","autochek_api_negative.UserService.UserServiceNegative","Autochek_API_Automation","autochek_api_negative.UserService.UserServiceNegative","UpdateFranchise"
"","0","PostDisableUserV2Negative - Send expired or invalid access token","API_Regression_Suite","2026-03-25","skipped","2026-03-25","autochek_api_negative.UserService.UserServiceV2Negative","Autochek_API_Automation","autochek_api_negative.UserService.UserServiceV2Negative","PostDisableUserV2Negative"
"","409","submitLoanPreference - Include roadworthiness fees Yes","API_Regression_Suite","2026-03-25","passed","2026-03-25","autochek_api_positive.OfferSimulation.OfferSimulationPositive","Autochek_API_Automation","autochek_api_positive.OfferSimulation.OfferSimulationPositive","submitLoanPreference"
"","0","GetTyreSpecsAfterInspection","API_Regression_Suite","2026-03-25","skipped","2026-03-25","autochek_api_positive.DetachTyreSpecification.DetachTyreSpecificationPositive","Autochek_API_Automation","autochek_api_positive.DetachTyreSpecification.DetachTyreSpecificationPositive","GetTyreSpecsAfterInspection"
"","456","UpdateFranchise - onboarding_source with whitespace only","API_Regression_Suite","2026-03-25","passed","2026-03-25","autochek_api_negative.UserService.UserServiceNegative","Autochek_API_Automation","autochek_api_negative.UserService.UserServiceNegative","UpdateFranchise"
"","1435","CreateFranchise - bank_name as boolean","API_Regression_Suite","2026-03-25","passed","2026-03-25","autochek_api_negative.UserService.UserServiceNegative","Autochek_API_Automation","autochek_api_negative.UserService.UserServiceNegative","CreateFranchise"
"Validates GET /v1/inventory/obds with dynamic parameters - Negative Test","0","GetObdsNegative - Pass invalid date-like string in createdAt field","API_Regression_Suite","2026-03-25","skipped","2026-03-25","autochek_api_negative.InventoryService.DynamicResponseNegative","Autochek_API_Automation","autochek_api_negative.InventoryService.DynamicResponseNegative","GetObdsNegative"
"Validates GET /v1/inspection with dynamic parameters - Negative Test","0","GetInspectionNegative - Exclude all valid fields using - but invalid key","API_Regression_Suite","2026-03-25","skipped","2026-03-25","autochek_api_negative.InventoryService.DynamicResponseNegative","Autochek_API_Automation","autochek_api_negative.InventoryService.DynamicResponseNegative","GetInspectionNegative"
"Submit Loan Customer Preferences","524","SubmitLoanPreferencesNegative - residualPercentage alphanumeric mix","API_Regression_Suite","2026-03-25","failed","2026-03-25","autochek_api_negative.OfferSimulation.OfferSimulationNegative","Autochek_API_Automation","autochek_api_negative.OfferSimulation.OfferSimulationNegative","SubmitLoanPreferencesNegative"
"","670","UpdateFranchise - house_no is null","API_Regression_Suite","2026-03-25","passed","2026-03-25","autochek_api_negative.UserService.UserServiceNegative","Autochek_API_Automation","autochek_api_negative.UserService.UserServiceNegative","UpdateFranchise"
"","2981","submitLoanPreference - Customer Preferences","API_Regression_Suite","2026-03-25","passed","2026-03-25","autochek_api_positive.OfferSimulation.OfferSimulationPositive","Autochek_API_Automation","autochek_api_positive.OfferSimulation.OfferSimulationPositive","submitLoanPreference"
"Accept Simulation Offer","701","AcceptOfferNegative - loan_id in base64 encoded format","API_Regression_Suite","2026-03-25","passed","2026-03-25","autochek_api_negative.OfferSimulation.OfferSimulationNegative","Autochek_API_Automation","autochek_api_negative.OfferSimulation.OfferSimulationNegative","AcceptOfferNegative"
"","721","CreateFranchise - is_anchor = special char","API_Regression_Suite","2026-03-25","passed","2026-03-25","autochek_api_negative.UserService.UserServiceNegative","Autochek_API_Automation","autochek_api_negative.UserService.UserServiceNegative","CreateFranchise"
"","0","PostUserSignUpV2 - Verify signup with country = KE","API_Regression_Suite","2026-03-25","skipped","2026-03-25","autochek_api_positive.UserService.UserServiceV2","Autochek_API_Automation","autochek_api_positive.UserService.UserServiceV2","PostUserSignUpV2"
"Validates GET /v1/inventory/obds with dynamic parameters - Negative Test","0","GetObdsNegative - Pass array type","API_Regression_Suite","2026-03-25","skipped","2026-03-25","autochek_api_negative.InventoryService.DynamicResponseNegative","Autochek_API_Automation","autochek_api_negative.InventoryService.DynamicResponseNegative","GetObdsNegative"
"","427","UpdateFranchise - onboarding_source is boolean false","API_Regression_Suite","2026-03-25","passed","2026-03-25","autochek_api_negative.UserService.UserServiceNegative","Autochek_API_Automation","autochek_api_negative.UserService.UserServiceNegative","UpdateFranchise"
"Validates GET /v1/inventory/trims with dynamic parameters - Negative Test","0","GetTrimsNegative - Validate response when passing JSON object as field value","API_Regression_Suite","2026-03-25","skipped","2026-03-25","autochek_api_negative.InventoryService.DynamicResponseNegative","Autochek_API_Automation","autochek_api_negative.InventoryService.DynamicResponseNegative","GetTrimsNegative"
"Create Inspection for the carID generated in Car Creation","1","PostCreateInspection - location missing + wheel_type invalid","API_Regression_Suite","2026-03-25","skipped","2026-03-25","autochek_api_negative.DetachTyresSpecification.DetachTyresSpecificationNegative","Autochek_API_Automation","autochek_api_negative.DetachTyresSpecification.DetachTyresSpecificationNegative","PostCreateInspection"
"","1","PostLogoutAllAdminNegative - userId is omitted","API_Regression_Suite","2026-03-25","skipped","2026-03-25","autochek_api_negative.UserService.UserServiceV2Negative","Autochek_API_Automation","autochek_api_negative.UserService.UserServiceV2Negative","PostLogoutAllAdminNegative"
"Update Car and Validate Response","0","PutUpdateCar - city with numbers only","API_Regression_Suite","2026-03-25","skipped","2026-03-25","autochek_api_negative.DetachTyresSpecification.DetachTyresSpecificationNegative","Autochek_API_Automation","autochek_api_negative.DetachTyresSpecification.DetachTyresSpecificationNegative","PutUpdateCar"
"Validates GET /v2/origination/loans/{loan_id}/accepted-offer - Negative Test","537","GetAcceptedOfferByLoanIdNegative - Send offer_id as empty string","API_Regression_Suite","2026-03-25","passed","2026-03-25","autochek_api_negative.OriginationService.ResponsePayloadReductionV2APIsNegative","Autochek_API_Automation","autochek_api_negative.OriginationService.ResponsePayloadReductionV2APIsNegative","GetAcceptedOfferByLoanIdNegative"
"","432","UpdateFranchise - account_number float","API_Regression_Suite","2026-03-25","passed","2026-03-25","autochek_api_negative.UserService.UserServiceNegative","Autochek_API_Automation","autochek_api_negative.UserService.UserServiceNegative","UpdateFranchise"
"Accept Simulation Offer","607","AcceptOfferNegative - loan_id with very long string","API_Regression_Suite","2026-03-25","passed","2026-03-25","autochek_api_negative.OfferSimulation.OfferSimulationNegative","Autochek_API_Automation","autochek_api_negative.OfferSimulation.OfferSimulationNegative","AcceptOfferNegative"
"","402","submitLoanPreference - Upfront Warranty Plan1","API_Regression_Suite","2026-03-25","passed","2026-03-25","autochek_api_positive.OfferSimulation.OfferSimulationPositive","Autochek_API_Automation","autochek_api_positive.OfferSimulation.OfferSimulationPositive","submitLoanPreference"
"Submit Loan Customer Preferences","416","SubmitLoanPreferencesNegative - upfrontMaintenancePlan blank","API_Regression_Suite","2026-03-25","failed","2026-03-25","autochek_api_negative.OfferSimulation.OfferSimulationNegative","Autochek_API_Automation","autochek_api_negative.OfferSimulation.OfferSimulationNegative","SubmitLoanPreferencesNegative"
"","447","UpdateFranchise - account_bvn float","API_Regression_Suite","2026-03-25","passed","2026-03-25","autochek_api_negative.UserService.UserServiceNegative","Autochek_API_Automation","autochek_api_negative.UserService.UserServiceNegative","UpdateFranchise"
"Negative test for Create System Config V2","0","PostSystemConfigV2 - MIN_LENGTH SQL injection","API_Regression_Suite","2026-03-25","skipped","2026-03-25","autochek_api_negative.UserService.UserServiceV2Negative","Autochek_API_Automation","autochek_api_negative.UserService.UserServiceV2Negative","PostSystemConfigV2"
"Submit Loan Customer Preferences","392","SubmitLoanPreferencesNegative - upfrontVehicleRegistration SQL injection attempt","API_Regression_Suite","2026-03-25","failed","2026-03-25","autochek_api_negative.OfferSimulation.OfferSimulationNegative","Autochek_API_Automation","autochek_api_negative.OfferSimulation.OfferSimulationNegative","SubmitLoanPreferencesNegative"
"","424","GetFranchiseByID - valid id with one character altered","API_Regression_Suite","2026-03-25","passed","2026-03-25","autochek_api_negative.UserService.UserServiceNegative","Autochek_API_Automation","autochek_api_negative.UserService.UserServiceNegative","GetFranchiseByID"
"","1270","CreateFranchise - account_name too short","API_Regression_Suite","2026-03-25","passed","2026-03-25","autochek_api_negative.UserService.UserServiceNegative","Autochek_API_Automation","autochek_api_negative.UserService.UserServiceNegative","CreateFranchise"
"Validates GET /v1/inventory/trims with dynamic parameters - Positive Test","0","GetTrims - Validate only id, wheelType, and popular fields are returned","API_Regression_Suite","2026-03-25","skipped","2026-03-25","autochek_api_positive.InventoryService.DynamicResponsePositive","Autochek_API_Automation","autochek_api_positive.InventoryService.DynamicResponsePositive","GetTrims"
"","725","CreateFranchise - account_bvn boolean","API_Regression_Suite","2026-03-25","passed","2026-03-25","autochek_api_negative.UserService.UserServiceNegative","Autochek_API_Automation","autochek_api_negative.UserService.UserServiceNegative","CreateFranchise"
"Create Inspection for the carID generated in Car Creation","0","PostCreateInspection - Object instead of string","API_Regression_Suite","2026-03-25","skipped","2026-03-25","autochek_api_negative.DetachTyresSpecification.DetachTyresSpecificationNegative","Autochek_API_Automation","autochek_api_negative.DetachTyresSpecification.DetachTyresSpecificationNegative","PostCreateInspection"
"Negative test for Create System Config V2","0","PostSystemConfigV2 - REQUIRE_SPECIAL_CHAR object structure passed","API_Regression_Suite","2026-03-25","skipped","2026-03-25","autochek_api_negative.UserService.UserServiceV2Negative","Autochek_API_Automation","autochek_api_negative.UserService.UserServiceV2Negative","PostSystemConfigV2"
"Negative test for Create System Config V2","0","PostSystemConfigV2 - REQUIRE_SPECIAL_CHAR special characters","API_Regression_Suite","2026-03-25","skipped","2026-03-25","autochek_api_negative.UserService.UserServiceV2Negative","Autochek_API_Automation","autochek_api_negative.UserService.UserServiceV2Negative","PostSystemConfigV2"
"Validates GET /v1/inventory/car with dynamic parameters - Negative Test","0","GetCarListNegative - Pass nested relation not supported","API_Regression_Suite","2026-03-25","skipped","2026-03-25","autochek_api_negative.InventoryService.DynamicResponseNegative","Autochek_API_Automation","autochek_api_negative.InventoryService.DynamicResponseNegative","GetCarListNegative"
"","444","UpdateFranchise - display_address as array","API_Regression_Suite","2026-03-25","passed","2026-03-25","autochek_api_negative.UserService.UserServiceNegative","Autochek_API_Automation","autochek_api_negative.UserService.UserServiceNegative","UpdateFranchise"
"","0","GetMeV2Negative - No cookie header sent","API_Regression_Suite","2026-03-25","skipped","2026-03-25","autochek_api_negative.UserService.UserServiceV2Negative","Autochek_API_Automation","autochek_api_negative.UserService.UserServiceV2Negative","GetMeV2Negative"
"","1488","UpdateFranchise - zip_code is empty string","API_Regression_Suite","2026-03-25","passed","2026-03-25","autochek_api_negative.UserService.UserServiceNegative","Autochek_API_Automation","autochek_api_negative.UserService.UserServiceNegative","UpdateFranchise"
"","0","PostLogoutV2Negative - Send XSS payload in refreshToken cookie","API_Regression_Suite","2026-03-25","skipped","2026-03-25","autochek_api_negative.UserService.UserServiceV2Negative","Autochek_API_Automation","autochek_api_negative.UserService.UserServiceV2Negative","PostLogoutV2Negative"
"Negative test for Create System Config V2","0","PostSystemConfigV2 - MAX_CONCURRENT_SESSIONS empty value","API_Regression_Suite","2026-03-25","skipped","2026-03-25","autochek_api_negative.UserService.UserServiceV2Negative","Autochek_API_Automation","autochek_api_negative.UserService.UserServiceV2Negative","PostSystemConfigV2"
"Validates GET /v2/origination/sources with dynamic parameters - Negative Test","505","GetBanksListNegative - country is one character","API_Regression_Suite","2026-03-25","passed","2026-03-25","autochek_api_negative.OriginationService.ResponsePayloadReductionV2APIsNegative","Autochek_API_Automation","autochek_api_negative.OriginationService.ResponsePayloadReductionV2APIsNegative","GetBanksListNegative"
"Negative test for Create System Config V2","0","PostSystemConfigV2 - DISALLOW_WHITESPACES string true instead of boolean","API_Regression_Suite","2026-03-25","skipped","2026-03-25","autochek_api_negative.UserService.UserServiceV2Negative","Autochek_API_Automation","autochek_api_negative.UserService.UserServiceV2Negative","PostSystemConfigV2"
"Validates GET /v1/inspection with dynamic parameters - Negative Test","0","GetInspectionNegative - Validate API fails when requesting invalid field name","API_Regression_Suite","2026-03-25","skipped","2026-03-25","autochek_api_negative.InventoryService.DynamicResponseNegative","Autochek_API_Automation","autochek_api_negative.InventoryService.DynamicResponseNegative","GetInspectionNegative"
"","1","PostDisableUserV2Negative - Send userId in invalid alphanumeric format","API_Regression_Suite","2026-03-25","skipped","2026-03-25","autochek_api_negative.UserService.UserServiceV2Negative","Autochek_API_Automation","autochek_api_negative.UserService.UserServiceV2Negative","PostDisableUserV2Negative"
"Validates GET /v1/inventory/car with dynamic parameters - Negative Test","0","GetCarListNegative - Pass numeric in relations","API_Regression_Suite","2026-03-25","skipped","2026-03-25","autochek_api_negative.InventoryService.DynamicResponseNegative","Autochek_API_Automation","autochek_api_negative.InventoryService.DynamicResponseNegative","GetCarListNegative"
"Submit Loan Customer Preferences","404","SubmitLoanPreferencesNegative - interestRate extremely large value","API_Regression_Suite","2026-03-25","failed","2026-03-25","autochek_api_negative.OfferSimulation.OfferSimulationNegative","Autochek_API_Automation","autochek_api_negative.OfferSimulation.OfferSimulationNegative","SubmitLoanPreferencesNegative"
"","438","UpdateFranchise - zip_code is boolean","API_Regression_Suite","2026-03-25","passed","2026-03-25","autochek_api_negative.UserService.UserServiceNegative","Autochek_API_Automation","autochek_api_negative.UserService.UserServiceNegative","UpdateFranchise"
"","710","CreateFranchise - state is null","API_Regression_Suite","2026-03-25","passed","2026-03-25","autochek_api_negative.UserService.UserServiceNegative","Autochek_API_Automation","autochek_api_negative.UserService.UserServiceNegative","CreateFranchise"
"Negative test for Create System Config V2","0","PostSystemConfigV2 - REQUIRE_LOWERCASE numeric instead of boolean","API_Regression_Suite","2026-03-25","skipped","2026-03-25","autochek_api_negative.UserService.UserServiceV2Negative","Autochek_API_Automation","autochek_api_negative.UserService.UserServiceV2Negative","PostSystemConfigV2"
"","427","GetFranchiseList - country is numeric string","API_Regression_Suite","2026-03-25","passed","2026-03-25","autochek_api_negative.UserService.UserServiceNegative","Autochek_API_Automation","autochek_api_negative.UserService.UserServiceNegative","GetFranchiseList"
"Get TyreSpecs Details by Car ID","0","GetTyreSpecs - car_id as null","API_Regression_Suite","2026-03-25","skipped","2026-03-25","autochek_api_negative.DetachTyresSpecification.DetachTyresSpecificationNegative","Autochek_API_Automation","autochek_api_negative.DetachTyresSpecification.DetachTyresSpecificationNegative","GetTyreSpecs"
"Validates GET /v2/origination/partners with dynamic parameters - Positive Test","492","GetPartnersList - country is NG","API_Regression_Suite","2026-03-25","passed","2026-03-25","autochek_api_positive.OriginationService.ResponsePayloadReductionV2APIs","Autochek_API_Automation","autochek_api_positive.OriginationService.ResponsePayloadReductionV2APIs","GetPartnersList"
"Submit Loan Customer Preferences","398","SubmitLoanPreferencesNegative - upfrontVehicleTracking null","API_Regression_Suite","2026-03-25","failed","2026-03-25","autochek_api_negative.OfferSimulation.OfferSimulationNegative","Autochek_API_Automation","autochek_api_negative.OfferSimulation.OfferSimulationNegative","SubmitLoanPreferencesNegative"
"","422","UpdateFranchise - address whitespace only","API_Regression_Suite","2026-03-25","passed","2026-03-25","autochek_api_negative.UserService.UserServiceNegative","Autochek_API_Automation","autochek_api_negative.UserService.UserServiceNegative","UpdateFranchise"
"Get Offer Details by LoanID","498","GetOffersByLoanIdNegative - Send loan_id as random alphanumeric invalid format","API_Regression_Suite","2026-03-25","passed","2026-03-25","autochek_api_negative.OriginationService.ResponsePayloadReductionV2APIsNegative","Autochek_API_Automation","autochek_api_negative.OriginationService.ResponsePayloadReductionV2APIsNegative","GetOffersByLoanIdNegative"
"","441","UpdateFranchise - state special characters","API_Regression_Suite","2026-03-25","passed","2026-03-25","autochek_api_negative.UserService.UserServiceNegative","Autochek_API_Automation","autochek_api_negative.UserService.UserServiceNegative","UpdateFranchise"
"","710","CreateFranchise - account_number as object","API_Regression_Suite","2026-03-25","passed","2026-03-25","autochek_api_negative.UserService.UserServiceNegative","Autochek_API_Automation","autochek_api_negative.UserService.UserServiceNegative","CreateFranchise"
"","429","UpdateFranchise - display_address is null","API_Regression_Suite","2026-03-25","passed","2026-03-25","autochek_api_negative.UserService.UserServiceNegative","Autochek_API_Automation","autochek_api_negative.UserService.UserServiceNegative","UpdateFranchise"
"Submit Loan Customer Preferences","398","SubmitLoanPreferencesNegative - upfrontInsurance blank","API_Regression_Suite","2026-03-25","failed","2026-03-25","autochek_api_negative.OfferSimulation.OfferSimulationNegative","Autochek_API_Automation","autochek_api_negative.OfferSimulation.OfferSimulationNegative","SubmitLoanPreferencesNegative"
"Create Inspection for the carID generated in Car Creation","0","PostCreateInspection - Special characters in wheel_type","API_Regression_Suite","2026-03-25","skipped","2026-03-25","autochek_api_negative.DetachTyresSpecification.DetachTyresSpecificationNegative","Autochek_API_Automation","autochek_api_negative.DetachTyresSpecification.DetachTyresSpecificationNegative","PostCreateInspection"
"Get the list of Tyre brands","409","GetTyreBrandsNegative - Use invalid case combination to test validation","API_Regression_Suite","2026-03-25","passed","2026-03-25","autochek_api_negative.OfferSimulation.OfferSimulationNegative","Autochek_API_Automation","autochek_api_negative.OfferSimulation.OfferSimulationNegative","GetTyreBrandsNegative"
"Validates GET /v1/inventory/body_type with dynamic parameters - Positive Test","0","GetBodyType - Validate id and imageUrl fields are returned","API_Regression_Suite","2026-03-25","skipped","2026-03-25","autochek_api_positive.InventoryService.DynamicResponsePositive","Autochek_API_Automation","autochek_api_positive.InventoryService.DynamicResponsePositive","GetBodyType"
"Update System Config dynamically for PASSWORD_POLICY or USER_SESSION","1","PatchSystemConfigV2 - REQUIRE_NUMBER null value","API_Regression_Suite","2026-03-25","skipped","2026-03-25","autochek_api_negative.UserService.UserServiceV2Negative","Autochek_API_Automation","autochek_api_negative.UserService.UserServiceV2Negative","PatchSystemConfigV2"
"Update System Config dynamically for PASSWORD_POLICY or USER_SESSION","0","PatchSystemConfigV2 - REQUIRE_NUMBER string true instead of boolean","API_Regression_Suite","2026-03-25","skipped","2026-03-25","autochek_api_negative.UserService.UserServiceV2Negative","Autochek_API_Automation","autochek_api_negative.UserService.UserServiceV2Negative","PatchSystemConfigV2"
"Negative test for Create System Config V2","0","PostSystemConfigV2 - REQUIRE_UPPERCASE object structure passed","API_Regression_Suite","2026-03-25","skipped","2026-03-25","autochek_api_negative.UserService.UserServiceV2Negative","Autochek_API_Automation","autochek_api_negative.UserService.UserServiceV2Negative","PostSystemConfigV2"
"","467","UpdateFranchise - email with invalid domain extension","API_Regression_Suite","2026-03-25","passed","2026-03-25","autochek_api_negative.UserService.UserServiceNegative","Autochek_API_Automation","autochek_api_negative.UserService.UserServiceNegative","UpdateFranchise"
"Update System Config dynamically for PASSWORD_POLICY or USER_SESSION","0","PatchSystemConfigV2 - DISALLOW_WHITESPACES decimal value","API_Regression_Suite","2026-03-25","skipped","2026-03-25","autochek_api_negative.UserService.UserServiceV2Negative","Autochek_API_Automation","autochek_api_negative.UserService.UserServiceV2Negative","PatchSystemConfigV2"
"","446","UpdateFranchise - is_anchor = special char","API_Regression_Suite","2026-03-25","passed","2026-03-25","autochek_api_negative.UserService.UserServiceNegative","Autochek_API_Automation","autochek_api_negative.UserService.UserServiceNegative","UpdateFranchise"
"","418","GetFranchiseList - page_size and country valid, status invalid","API_Regression_Suite","2026-03-25","passed","2026-03-25","autochek_api_negative.UserService.UserServiceNegative","Autochek_API_Automation","autochek_api_negative.UserService.UserServiceNegative","GetFranchiseList"
"Update System Config dynamically for PASSWORD_POLICY or USER_SESSION","0","PatchSystemConfigV2 - REQUIRE_LOWERCASE SQL injection attempt","API_Regression_Suite","2026-03-25","skipped","2026-03-25","autochek_api_negative.UserService.UserServiceV2Negative","Autochek_API_Automation","autochek_api_negative.UserService.UserServiceV2Negative","PatchSystemConfigV2"
"","442","UpdateFranchise - account_name is empty","API_Regression_Suite","2026-03-25","passed","2026-03-25","autochek_api_negative.UserService.UserServiceNegative","Autochek_API_Automation","autochek_api_negative.UserService.UserServiceNegative","UpdateFranchise"
"Validates GET /v2/origination/sources with dynamic parameters - Negative Test","498","GetBanksListNegative - country is null","API_Regression_Suite","2026-03-25","passed","2026-03-25","autochek_api_negative.OriginationService.ResponsePayloadReductionV2APIsNegative","Autochek_API_Automation","autochek_api_negative.OriginationService.ResponsePayloadReductionV2APIsNegative","GetBanksListNegative"
"Fetching loan by ID","551","GetLoanByIdNegative - Send loan_id as null","API_Regression_Suite","2026-03-25","passed","2026-03-25","autochek_api_negative.OriginationService.ResponsePayloadReductionV2APIsNegative","Autochek_API_Automation","autochek_api_negative.OriginationService.ResponsePayloadReductionV2APIsNegative","GetLoanByIdNegative"
"","745","CreateFranchise - account_name with long string","API_Regression_Suite","2026-03-25","passed","2026-03-25","autochek_api_negative.UserService.UserServiceNegative","Autochek_API_Automation","autochek_api_negative.UserService.UserServiceNegative","CreateFranchise"
"Validates GET /v1/inventory/inspection_request with dynamic parameters - Negative Test","0","GetInspectionRequestNegative - Pass SQL injection-like pattern","API_Regression_Suite","2026-03-25","skipped","2026-03-25","autochek_api_negative.InventoryService.DynamicResponseNegative","Autochek_API_Automation","autochek_api_negative.InventoryService.DynamicResponseNegative","GetInspectionRequestNegative"
"Create Inspection for the carID generated in Car Creation","0","PostCreateInspection - form_id null + wheel_type null","API_Regression_Suite","2026-03-25","skipped","2026-03-25","autochek_api_negative.DetachTyresSpecification.DetachTyresSpecificationNegative","Autochek_API_Automation","autochek_api_negative.DetachTyresSpecification.DetachTyresSpecificationNegative","PostCreateInspection"
"","426","CreateFranchise - owner with only whitespace","API_Regression_Suite","2026-03-25","passed","2026-03-25","autochek_api_negative.UserService.UserServiceNegative","Autochek_API_Automation","autochek_api_negative.UserService.UserServiceNegative","CreateFranchise"
"","499","UpdateFranchise - country special characters","API_Regression_Suite","2026-03-25","passed","2026-03-25","autochek_api_negative.UserService.UserServiceNegative","Autochek_API_Automation","autochek_api_negative.UserService.UserServiceNegative","UpdateFranchise"
"Validates GET /v1/inventory/obds with dynamic parameters - Positive Test","0","GetObds - Validate only description field is returned","API_Regression_Suite","2026-03-25","skipped","2026-03-25","autochek_api_positive.InventoryService.DynamicResponsePositive","Autochek_API_Automation","autochek_api_positive.InventoryService.DynamicResponsePositive","GetObds"
"Submit Loan Customer Preferences","8503","SubmitLoanPreferencesNegative - upfrontTyres object instead of boolean","API_Regression_Suite","2026-03-25","passed","2026-03-25","autochek_api_negative.OfferSimulation.OfferSimulationNegative","Autochek_API_Automation","autochek_api_negative.OfferSimulation.OfferSimulationNegative","SubmitLoanPreferencesNegative"
"Validates GET /v1/inventory/make with dynamic fields filtering","0","GetMakeNegative - Use semicolon instead of comma for separation","API_Regression_Suite","2026-03-25","skipped","2026-03-25","autochek_api_negative.InventoryService.DynamicResponseNegative","Autochek_API_Automation","autochek_api_negative.InventoryService.DynamicResponseNegative","GetMakeNegative"
"Submit Loan Customer Preferences","61277","SubmitLoanPreferencesNegative - term null","API_Regression_Suite","2026-03-25","passed","2026-03-25","autochek_api_negative.OfferSimulation.OfferSimulationNegative","Autochek_API_Automation","autochek_api_negative.OfferSimulation.OfferSimulationNegative","SubmitLoanPreferencesNegative"
"","941","UpdateFranchise - street_name is special characters","API_Regression_Suite","2026-03-25","passed","2026-03-25","autochek_api_negative.UserService.UserServiceNegative","Autochek_API_Automation","autochek_api_negative.UserService.UserServiceNegative","UpdateFranchise"
"Update System Config dynamically for PASSWORD_POLICY or USER_SESSION","0","PatchSystemConfigV2 - REQUIRE_SPECIAL_CHAR SQL injection attempt","API_Regression_Suite","2026-03-25","skipped","2026-03-25","autochek_api_negative.UserService.UserServiceV2Negative","Autochek_API_Automation","autochek_api_negative.UserService.UserServiceV2Negative","PatchSystemConfigV2"
"","1203","CreateFranchise - city is empty","API_Regression_Suite","2026-03-25","passed","2026-03-25","autochek_api_negative.UserService.UserServiceNegative","Autochek_API_Automation","autochek_api_negative.UserService.UserServiceNegative","CreateFranchise"
"","718","CreateFranchise - house_no is empty string","API_Regression_Suite","2026-03-25","passed","2026-03-25","autochek_api_negative.UserService.UserServiceNegative","Autochek_API_Automation","autochek_api_negative.UserService.UserServiceNegative","CreateFranchise"
"","426","GetFranchiseList - country is empty string","API_Regression_Suite","2026-03-25","passed","2026-03-25","autochek_api_negative.UserService.UserServiceNegative","Autochek_API_Automation","autochek_api_negative.UserService.UserServiceNegative","GetFranchiseList"
"Validates GET /v1/inventory/car with dynamic parameters - Positive Test","0","GetCarList - Validate fields filter works with multiple exclusions","API_Regression_Suite","2026-03-25","skipped","2026-03-25","autochek_api_positive.InventoryService.DynamicResponsePositive","Autochek_API_Automation","autochek_api_positive.InventoryService.DynamicResponsePositive","GetCarList"
"Validates GET /v1/inventory/model with dynamic parameters - Negative Test","0","GetModelListNegative - Pass non-existent nested field","API_Regression_Suite","2026-03-25","skipped","2026-03-25","autochek_api_negative.InventoryService.DynamicResponseNegative","Autochek_API_Automation","autochek_api_negative.InventoryService.DynamicResponseNegative","GetModelListNegative"
"Validates GET /v1/inventory/model with dynamic parameters - Positive Test","0","GetModelList - Validate multiple fields id,name,imageUrl are returned","API_Regression_Suite","2026-03-25","skipped","2026-03-25","autochek_api_positive.InventoryService.DynamicResponsePositive","Autochek_API_Automation","autochek_api_positive.InventoryService.DynamicResponsePositive","GetModelList"
"Fetching loan by ID","450","GetLoanByIdNegative - Send loan_id as whitespace only","API_Regression_Suite","2026-03-25","passed","2026-03-25","autochek_api_negative.OriginationService.ResponsePayloadReductionV2APIsNegative","Autochek_API_Automation","autochek_api_negative.OriginationService.ResponsePayloadReductionV2APIsNegative","GetLoanByIdNegative"
"Submit Loan Customer Preferences","409","SubmitLoanPreferencesNegative - residualPercentage spaces only","API_Regression_Suite","2026-03-25","failed","2026-03-25","autochek_api_negative.OfferSimulation.OfferSimulationNegative","Autochek_API_Automation","autochek_api_negative.OfferSimulation.OfferSimulationNegative","SubmitLoanPreferencesNegative"
"Create Car and Validate Response","0","CreateCar - Verify car creation with valid old year 2015","API_Regression_Suite","2026-03-25","skipped","2026-03-25","autochek_api_positive.DetachTyreSpecification.DetachTyreSpecificationPositive","Autochek_API_Automation","autochek_api_positive.DetachTyreSpecification.DetachTyreSpecificationPositive","CreateCar"
"","407","submitLoanPreference - Fee payment method Upfront","API_Regression_Suite","2026-03-25","passed","2026-03-25","autochek_api_positive.OfferSimulation.OfferSimulationPositive","Autochek_API_Automation","autochek_api_positive.OfferSimulation.OfferSimulationPositive","submitLoanPreference"
"Validates GET /v1/inventory/car with dynamic parameters - Negative Test","0","GetCarListNegative - Pass invalid field + relations together","API_Regression_Suite","2026-03-25","skipped","2026-03-25","autochek_api_negative.InventoryService.DynamicResponseNegative","Autochek_API_Automation","autochek_api_negative.InventoryService.DynamicResponseNegative","GetCarListNegative"
"","712","CreateFranchise - map_address is null","API_Regression_Suite","2026-03-25","passed","2026-03-25","autochek_api_negative.UserService.UserServiceNegative","Autochek_API_Automation","autochek_api_negative.UserService.UserServiceNegative","CreateFranchise"
"","0","PostUserSignUpV2Negative - PhoneNumber is too long","API_Regression_Suite","2026-03-25","skipped","2026-03-25","autochek_api_negative.UserService.UserServiceV2Negative","Autochek_API_Automation","autochek_api_negative.UserService.UserServiceV2Negative","PostUserSignUpV2Negative"
"Validates GET /v1/inventory/inspection_request with dynamic parameters - Negative Test","0","GetInspectionRequestNegative - Pass a mix of valid and invalid fields","API_Regression_Suite","2026-03-25","skipped","2026-03-25","autochek_api_negative.InventoryService.DynamicResponseNegative","Autochek_API_Automation","autochek_api_negative.InventoryService.DynamicResponseNegative","GetInspectionRequestNegative"
"Creating loan for first fetched Toyota Car","10627","PostCreateLoanNegative","API_Regression_Suite","2026-03-25","passed","2026-03-25","autochek_api_negative.OfferSimulation.OfferSimulationNegative","Autochek_API_Automation","autochek_api_negative.OfferSimulation.OfferSimulationNegative","PostCreateLoanNegative"
"Submit Loan Customer Preferences","12981","SubmitLoanPreferencesNegative - requestedWarrantyPlan special characters","API_Regression_Suite","2026-03-25","passed","2026-03-25","autochek_api_negative.OfferSimulation.OfferSimulationNegative","Autochek_API_Automation","autochek_api_negative.OfferSimulation.OfferSimulationNegative","SubmitLoanPreferencesNegative"
"Validates GET /v1/inventory/car with dynamic parameters - Negative Test","0","GetCarListNegative - Validate API fails when passing relation syntax without parent entity","API_Regression_Suite","2026-03-25","skipped","2026-03-25","autochek_api_negative.InventoryService.DynamicResponseNegative","Autochek_API_Automation","autochek_api_negative.InventoryService.DynamicResponseNegative","GetCarListNegative"
"Create Inspection for the carID generated in Car Creation","0","PostCreateInspection - Numeric instead of country code","API_Regression_Suite","2026-03-25","skipped","2026-03-25","autochek_api_negative.DetachTyresSpecification.DetachTyresSpecificationNegative","Autochek_API_Automation","autochek_api_negative.DetachTyresSpecification.DetachTyresSpecificationNegative","PostCreateInspection"
"","0","PostUserSignUpV2Negative - PhoneNumber field is omitted from the request body","API_Regression_Suite","2026-03-25","skipped","2026-03-25","autochek_api_negative.UserService.UserServiceV2Negative","Autochek_API_Automation","autochek_api_negative.UserService.UserServiceV2Negative","PostUserSignUpV2Negative"
"","715","CreateFranchise - address as boolean","API_Regression_Suite","2026-03-25","passed","2026-03-25","autochek_api_negative.UserService.UserServiceNegative","Autochek_API_Automation","autochek_api_negative.UserService.UserServiceNegative","CreateFranchise"
"Submit Loan Customer Preferences","861","SubmitLoanPreferencesNegative - term negative months","API_Regression_Suite","2026-03-25","passed","2026-03-25","autochek_api_negative.OfferSimulation.OfferSimulationNegative","Autochek_API_Automation","autochek_api_negative.OfferSimulation.OfferSimulationNegative","SubmitLoanPreferencesNegative"
"Validates GET /v1/inventory/car with dynamic parameters - Negative Test","0","GetCarListNegative - Validate API fails when requesting multiple invalid fields","API_Regression_Suite","2026-03-25","skipped","2026-03-25","autochek_api_negative.InventoryService.DynamicResponseNegative","Autochek_API_Automation","autochek_api_negative.InventoryService.DynamicResponseNegative","GetCarListNegative"
"","720","CreateFranchise - zip_code too long","API_Regression_Suite","2026-03-25","passed","2026-03-25","autochek_api_negative.UserService.UserServiceNegative","Autochek_API_Automation","autochek_api_negative.UserService.UserServiceNegative","CreateFranchise"
"Validates GET /v1/inventory/body_type with dynamic parameters - Positive Test","0","GetBodyType - Validate only id field is returned","API_Regression_Suite","2026-03-25","skipped","2026-03-25","autochek_api_positive.InventoryService.DynamicResponsePositive","Autochek_API_Automation","autochek_api_positive.InventoryService.DynamicResponsePositive","GetBodyType"
"Validates GET /v2/origination/loans/{loan_id}/logbook/booking-info - Negative Test","500","GetBookingInfoForLogbookLoanNegative - loan_id in base64 encoded format","API_Regression_Suite","2026-03-25","passed","2026-03-25","autochek_api_negative.OriginationService.ResponsePayloadReductionV2APIsNegative","Autochek_API_Automation","autochek_api_negative.OriginationService.ResponsePayloadReductionV2APIsNegative","GetBookingInfoForLogbookLoanNegative"
"Create Inspection for the carID generated in Car Creation","0","PostCreateInspection - Null wheel_type","API_Regression_Suite","2026-03-25","skipped","2026-03-25","autochek_api_negative.DetachTyresSpecification.DetachTyresSpecificationNegative","Autochek_API_Automation","autochek_api_negative.DetachTyresSpecification.DetachTyresSpecificationNegative","PostCreateInspection"
"","0","PostLogoutV2Negative - Send truncated (incomplete JWT) refreshToken","API_Regression_Suite","2026-03-25","skipped","2026-03-25","autochek_api_negative.UserService.UserServiceV2Negative","Autochek_API_Automation","autochek_api_negative.UserService.UserServiceV2Negative","PostLogoutV2Negative"
"","0","PostUserSignUpV2Negative - PhoneNumber is too short","API_Regression_Suite","2026-03-25","skipped","2026-03-25","autochek_api_negative.UserService.UserServiceV2Negative","Autochek_API_Automation","autochek_api_negative.UserService.UserServiceV2Negative","PostUserSignUpV2Negative"
"Validates GET /v2/origination/sources with dynamic parameters - Negative Test","494","GetSourcesListNegative - country is array","API_Regression_Suite","2026-03-25","passed","2026-03-25","autochek_api_negative.OriginationService.ResponsePayloadReductionV2APIsNegative","Autochek_API_Automation","autochek_api_negative.OriginationService.ResponsePayloadReductionV2APIsNegative","GetSourcesListNegative"
"","434","CreateFranchise - owner is invalid format (special chars)","API_Regression_Suite","2026-03-25","passed","2026-03-25","autochek_api_negative.UserService.UserServiceNegative","Autochek_API_Automation","autochek_api_negative.UserService.UserServiceNegative","CreateFranchise"
"","469","UpdateFranchise - display_address is empty","API_Regression_Suite","2026-03-25","passed","2026-03-25","autochek_api_negative.UserService.UserServiceNegative","Autochek_API_Automation","autochek_api_negative.UserService.UserServiceNegative","UpdateFranchise"
"Submit Loan Customer Preferences","856","SubmitLoanPreferencesNegative - desiredLoanCurrency special chars","API_Regression_Suite","2026-03-25","failed","2026-03-25","autochek_api_negative.OfferSimulation.OfferSimulationNegative","Autochek_API_Automation","autochek_api_negative.OfferSimulation.OfferSimulationNegative","SubmitLoanPreferencesNegative"
"Submit Loan Customer Preferences","768","SubmitLoanPreferencesNegative - Dealer Discount above allowed range","API_Regression_Suite","2026-03-25","passed","2026-03-25","autochek_api_negative.OfferSimulation.OfferSimulationNegative","Autochek_API_Automation","autochek_api_negative.OfferSimulation.OfferSimulationNegative","SubmitLoanPreferencesNegative"
"","443","UpdateFranchise - display_address as object","API_Regression_Suite","2026-03-25","passed","2026-03-25","autochek_api_negative.UserService.UserServiceNegative","Autochek_API_Automation","autochek_api_negative.UserService.UserServiceNegative","UpdateFranchise"
"Negative test for Create System Config V2","0","PostSystemConfigV2 - REQUIRE_UPPERCASE empty value","API_Regression_Suite","2026-03-25","skipped","2026-03-25","autochek_api_negative.UserService.UserServiceV2Negative","Autochek_API_Automation","autochek_api_negative.UserService.UserServiceV2Negative","PostSystemConfigV2"
"Submit Loan Customer Preferences","406","SubmitLoanPreferencesNegative - includeLicenceRenewalFees numeric value","API_Regression_Suite","2026-03-25","failed","2026-03-25","autochek_api_negative.OfferSimulation.OfferSimulationNegative","Autochek_API_Automation","autochek_api_negative.OfferSimulation.OfferSimulationNegative","SubmitLoanPreferencesNegative"
"Accept Simulation Offer","500","AcceptOfferNegative - Send loan_id as null","API_Regression_Suite","2026-03-25","passed","2026-03-25","autochek_api_negative.OfferSimulation.OfferSimulationNegative","Autochek_API_Automation","autochek_api_negative.OfferSimulation.OfferSimulationNegative","AcceptOfferNegative"
"Submit Loan Customer Preferences","401","SubmitLoanPreferencesNegative - includeLicenceRenewalFees unsupported option maybe","API_Regression_Suite","2026-03-25","failed","2026-03-25","autochek_api_negative.OfferSimulation.OfferSimulationNegative","Autochek_API_Automation","autochek_api_negative.OfferSimulation.OfferSimulationNegative","SubmitLoanPreferencesNegative"
"Validates GET /v1/inventory/car with dynamic parameters - Positive Test","0","GetCarList - Validate exclusion of name field in model while including id","API_Regression_Suite","2026-03-25","skipped","2026-03-25","autochek_api_positive.InventoryService.DynamicResponsePositive","Autochek_API_Automation","autochek_api_positive.InventoryService.DynamicResponsePositive","GetCarList"
"","714","CreateFranchise - is_anchor = """"","API_Regression_Suite","2026-03-25","passed","2026-03-25","autochek_api_negative.UserService.UserServiceNegative","Autochek_API_Automation","autochek_api_negative.UserService.UserServiceNegative","CreateFranchise"
"","0","PostUserSignUpV2 - Verify signup with userType = dealer","API_Regression_Suite","2026-03-25","skipped","2026-03-25","autochek_api_positive.UserService.UserServiceV2","Autochek_API_Automation","autochek_api_positive.UserService.UserServiceV2","PostUserSignUpV2"
"","712","CreateFranchise - account_name as number","API_Regression_Suite","2026-03-25","passed","2026-03-25","autochek_api_negative.UserService.UserServiceNegative","Autochek_API_Automation","autochek_api_negative.UserService.UserServiceNegative","CreateFranchise"
"","1527","CreateFranchise - latitude = ""abc""","API_Regression_Suite","2026-03-25","passed","2026-03-25","autochek_api_negative.UserService.UserServiceNegative","Autochek_API_Automation","autochek_api_negative.UserService.UserServiceNegative","CreateFranchise"
"Update Car and Validate Response","1","PutUpdateCar - city as empty","API_Regression_Suite","2026-03-25","skipped","2026-03-25","autochek_api_negative.DetachTyresSpecification.DetachTyresSpecificationNegative","Autochek_API_Automation","autochek_api_negative.DetachTyresSpecification.DetachTyresSpecificationNegative","PutUpdateCar"
"Negative test for Create System Config V2","0","PostSystemConfigV2 - DISALLOW_WHITESPACES null value","API_Regression_Suite","2026-03-25","skipped","2026-03-25","autochek_api_negative.UserService.UserServiceV2Negative","Autochek_API_Automation","autochek_api_negative.UserService.UserServiceV2Negative","PostSystemConfigV2"
"Submit Loan Customer Preferences","396","SubmitLoanPreferencesNegative - Upfront Tyres numeric instead of boolean","API_Regression_Suite","2026-03-25","failed","2026-03-25","autochek_api_negative.OfferSimulation.OfferSimulationNegative","Autochek_API_Automation","autochek_api_negative.OfferSimulation.OfferSimulationNegative","SubmitLoanPreferencesNegative"
"Submit Loan Customer Preferences","393","SubmitLoanPreferencesNegative - feePaymentMethod blank","API_Regression_Suite","2026-03-25","failed","2026-03-25","autochek_api_negative.OfferSimulation.OfferSimulationNegative","Autochek_API_Automation","autochek_api_negative.OfferSimulation.OfferSimulationNegative","SubmitLoanPreferencesNegative"
"Validates GET /v1/origination/offers/{offer_Id}/loan-document with dynamic parameters - Negative Test","468","GetLoanDocumentsByOfferIdNegative - offer_id in base64 encoded format","API_Regression_Suite","2026-03-25","passed","2026-03-25","autochek_api_negative.OriginationService.ResponsePayloadReductionV2APIsNegative","Autochek_API_Automation","autochek_api_negative.OriginationService.ResponsePayloadReductionV2APIsNegative","GetLoanDocumentsByOfferIdNegative"
"Validates GET /v1/origination/offers/{offer_Id}/loan-document with dynamic parameters - Negative Test","505","GetLoanDocumentsByOfferIdNegative - Send offer_id as random alphanumeric invalid format","API_Regression_Suite","2026-03-25","passed","2026-03-25","autochek_api_negative.OriginationService.ResponsePayloadReductionV2APIsNegative","Autochek_API_Automation","autochek_api_negative.OriginationService.ResponsePayloadReductionV2APIsNegative","GetLoanDocumentsByOfferIdNegative"
"","1","PostLogoutAllAdminNegative - userId as very short string","API_Regression_Suite","2026-03-25","skipped","2026-03-25","autochek_api_negative.UserService.UserServiceV2Negative","Autochek_API_Automation","autochek_api_negative.UserService.UserServiceV2Negative","PostLogoutAllAdminNegative"
"Negative test for Create System Config V2","1","PostSystemConfigV2 - REQUIRE_UPPERCASE zero value","API_Regression_Suite","2026-03-25","skipped","2026-03-25","autochek_api_negative.UserService.UserServiceV2Negative","Autochek_API_Automation","autochek_api_negative.UserService.UserServiceV2Negative","PostSystemConfigV2"
"Validates GET /v1/inventory/body_type with dynamic parameters - Negative Test","1","GetBodyTypeNegative - Pass completely invalid field","API_Regression_Suite","2026-03-25","skipped","2026-03-25","autochek_api_negative.InventoryService.DynamicResponseNegative","Autochek_API_Automation","autochek_api_negative.InventoryService.DynamicResponseNegative","GetBodyTypeNegative"
"Submit Loan Customer Preferences","17490","SubmitLoanPreferencesNegative - requestedWarrantyPlan array instead of text","API_Regression_Suite","2026-03-25","passed","2026-03-25","autochek_api_negative.OfferSimulation.OfferSimulationNegative","Autochek_API_Automation","autochek_api_negative.OfferSimulation.OfferSimulationNegative","SubmitLoanPreferencesNegative"
"","710","CreateFranchise - account_number boolean","API_Regression_Suite","2026-03-25","passed","2026-03-25","autochek_api_negative.UserService.UserServiceNegative","Autochek_API_Automation","autochek_api_negative.UserService.UserServiceNegative","CreateFranchise"
"","0","SetUp","API_Regression_Suite","2026-03-25","broken","2026-03-25","autochek_api_negative.UserService.UserServiceV2Negative","Autochek_API_Automation","autochek_api_negative.UserService.UserServiceV2Negative","SetUp"
"Get the list of Tyre brands","414","GetTyreBrandsNegative - Send null or missing country_code","API_Regression_Suite","2026-03-25","passed","2026-03-25","autochek_api_negative.OfferSimulation.OfferSimulationNegative","Autochek_API_Automation","autochek_api_negative.OfferSimulation.OfferSimulationNegative","GetTyreBrandsNegative"
"Submit Loan Customer Preferences","411","SubmitLoanPreferencesNegative - upfrontMaintenancePlan numeric instead of boolean","API_Regression_Suite","2026-03-25","failed","2026-03-25","autochek_api_negative.OfferSimulation.OfferSimulationNegative","Autochek_API_Automation","autochek_api_negative.OfferSimulation.OfferSimulationNegative","SubmitLoanPreferencesNegative"
"Submit Loan Customer Preferences","2299","SubmitLoanPreferencesNegative - Vehicle Discount invalid string","API_Regression_Suite","2026-03-25","passed","2026-03-25","autochek_api_negative.OfferSimulation.OfferSimulationNegative","Autochek_API_Automation","autochek_api_negative.OfferSimulation.OfferSimulationNegative","SubmitLoanPreferencesNegative"
"Update Car and Validate Response","0","PutUpdateCar - license_plate too long (20+ chars)","API_Regression_Suite","2026-03-25","skipped","2026-03-25","autochek_api_negative.DetachTyresSpecification.DetachTyresSpecificationNegative","Autochek_API_Automation","autochek_api_negative.DetachTyresSpecification.DetachTyresSpecificationNegative","PutUpdateCar"
"Validates GET /v1/inventory/model with dynamic parameters - Positive Test","0","GetModelList - Validate nested make object is returned with all default fields","API_Regression_Suite","2026-03-25","skipped","2026-03-25","autochek_api_positive.InventoryService.DynamicResponsePositive","Autochek_API_Automation","autochek_api_positive.InventoryService.DynamicResponsePositive","GetModelList"
"Get the list of Tyre brands","411","GetTyreBrandsNegative - Attempt SQL injection with comment","API_Regression_Suite","2026-03-25","passed","2026-03-25","autochek_api_negative.OfferSimulation.OfferSimulationNegative","Autochek_API_Automation","autochek_api_negative.OfferSimulation.OfferSimulationNegative","GetTyreBrandsNegative"
"Create Inspection for the carID generated in Car Creation","1","PostCreateInspection - Car_id with trailing space","API_Regression_Suite","2026-03-25","skipped","2026-03-25","autochek_api_negative.DetachTyresSpecification.DetachTyresSpecificationNegative","Autochek_API_Automation","autochek_api_negative.DetachTyresSpecification.DetachTyresSpecificationNegative","PostCreateInspection"
"Update Car and Validate Response","0","PutCompleteCar","API_Regression_Suite","2026-03-25","skipped","2026-03-25","autochek_api_negative.DetachTyresSpecification.DetachTyresSpecificationNegative","Autochek_API_Automation","autochek_api_negative.DetachTyresSpecification.DetachTyresSpecificationNegative","PutCompleteCar"
"","0","PatchUpdatePasswordV2Negative - Send no access token in cookie/header","API_Regression_Suite","2026-03-25","skipped","2026-03-25","autochek_api_negative.UserService.UserServiceV2Negative","Autochek_API_Automation","autochek_api_negative.UserService.UserServiceV2Negative","PatchUpdatePasswordV2Negative"
"Validates GET /v2/origination/offers with dynamic parameters - Positive Test","490","GetOffersListNegative - page_size is array","API_Regression_Suite","2026-03-25","passed","2026-03-25","autochek_api_negative.OriginationService.ResponsePayloadReductionV2APIsNegative","Autochek_API_Automation","autochek_api_negative.OriginationService.ResponsePayloadReductionV2APIsNegative","GetOffersListNegative"
"","3561","submitLoanPreference - Omit equityContribution","API_Regression_Suite","2026-03-25","passed","2026-03-25","autochek_api_positive.OfferSimulation.OfferSimulationPositive","Autochek_API_Automation","autochek_api_positive.OfferSimulation.OfferSimulationPositive","submitLoanPreference"
"Create Inspection for the carID generated in Car Creation","0","PostCreateInspection - Extra long wheel_type string","API_Regression_Suite","2026-03-25","skipped","2026-03-25","autochek_api_negative.DetachTyresSpecification.DetachTyresSpecificationNegative","Autochek_API_Automation","autochek_api_negative.DetachTyresSpecification.DetachTyresSpecificationNegative","PostCreateInspection"
"Update System Config dynamically for PASSWORD_POLICY or USER_SESSION","0","PatchSystemConfigV2 - MAX_CONCURRENT_SESSIONS decimal value","API_Regression_Suite","2026-03-25","skipped","2026-03-25","autochek_api_negative.UserService.UserServiceV2Negative","Autochek_API_Automation","autochek_api_negative.UserService.UserServiceV2Negative","PatchSystemConfigV2"
"Submit Loan Customer Preferences","480","SubmitLoanPreferencesNegative - vehicleDiscount space","API_Regression_Suite","2026-03-25","passed","2026-03-25","autochek_api_negative.OfferSimulation.OfferSimulationNegative","Autochek_API_Automation","autochek_api_negative.OfferSimulation.OfferSimulationNegative","SubmitLoanPreferencesNegative"
"","739","CreateFranchise - email missing '@' symbol","API_Regression_Suite","2026-03-25","passed","2026-03-25","autochek_api_negative.UserService.UserServiceNegative","Autochek_API_Automation","autochek_api_negative.UserService.UserServiceNegative","CreateFranchise"
"Validates GET /v1/inventory/make with dynamic fields filtering","1","GetMakeNegative - Use extremely long random string as field","API_Regression_Suite","2026-03-25","skipped","2026-03-25","autochek_api_negative.InventoryService.DynamicResponseNegative","Autochek_API_Automation","autochek_api_negative.InventoryService.DynamicResponseNegative","GetMakeNegative"
"Validates GET /v1/inventory/car with dynamic parameters - Negative Test","1","GetCarListNegative - Pass SQL injection-like pattern in fields","API_Regression_Suite","2026-03-25","skipped","2026-03-25","autochek_api_negative.InventoryService.DynamicResponseNegative","Autochek_API_Automation","autochek_api_negative.InventoryService.DynamicResponseNegative","GetCarListNegative"
"","426","GetFranchiseByID - decimal number as id","API_Regression_Suite","2026-03-25","passed","2026-03-25","autochek_api_negative.UserService.UserServiceNegative","Autochek_API_Automation","autochek_api_negative.UserService.UserServiceNegative","GetFranchiseByID"
"Get TyreSpecs Details by Car ID","0","GetTyreSpecs - car_id with SQL injection attempt","API_Regression_Suite","2026-03-25","skipped","2026-03-25","autochek_api_negative.DetachTyresSpecification.DetachTyresSpecificationNegative","Autochek_API_Automation","autochek_api_negative.DetachTyresSpecification.DetachTyresSpecificationNegative","GetTyreSpecs"
"Validates GET /v1/inventory/trims with dynamic parameters - Negative Test","0","GetTrimsNegative - Validate response when passing space separated field names","API_Regression_Suite","2026-03-25","skipped","2026-03-25","autochek_api_negative.InventoryService.DynamicResponseNegative","Autochek_API_Automation","autochek_api_negative.InventoryService.DynamicResponseNegative","GetTrimsNegative"
"Create Inspection for the carID generated in Car Creation","0","CreateInspection","API_Regression_Suite","2026-03-25","skipped","2026-03-25","autochek_api_positive.DetachTyreSpecification.DetachTyreSpecificationPositive","Autochek_API_Automation","autochek_api_positive.DetachTyreSpecification.DetachTyreSpecificationPositive","CreateInspection"
"Validates GET /v2/origination/loans with dynamic parameters - Negative Test","456","GetLoansListNegative - country is array","API_Regression_Suite","2026-03-25","passed","2026-03-25","autochek_api_negative.OriginationService.ResponsePayloadReductionV2APIsNegative","Autochek_API_Automation","autochek_api_negative.OriginationService.ResponsePayloadReductionV2APIsNegative","GetLoansListNegative"
"","713","CreateFranchise - latitude = null","API_Regression_Suite","2026-03-25","passed","2026-03-25","autochek_api_negative.UserService.UserServiceNegative","Autochek_API_Automation","autochek_api_negative.UserService.UserServiceNegative","CreateFranchise"
"Update System Config dynamically for PASSWORD_POLICY or USER_SESSION","0","PatchSystemConfigV2 - MAX_CONCURRENT_SESSIONS zero value","API_Regression_Suite","2026-03-25","skipped","2026-03-25","autochek_api_negative.UserService.UserServiceV2Negative","Autochek_API_Automation","autochek_api_negative.UserService.UserServiceV2Negative","PatchSystemConfigV2"
"Submit Loan Customer Preferences","407","SubmitLoanPreferencesNegative - upfrontWarranty blank","API_Regression_Suite","2026-03-25","failed","2026-03-25","autochek_api_negative.OfferSimulation.OfferSimulationNegative","Autochek_API_Automation","autochek_api_negative.OfferSimulation.OfferSimulationNegative","SubmitLoanPreferencesNegative"
"Get Offer Details by LoanID","590","GetOffersByLoanIdNegative - loan_id with valid format plus special characters","API_Regression_Suite","2026-03-25","passed","2026-03-25","autochek_api_negative.OriginationService.ResponsePayloadReductionV2APIsNegative","Autochek_API_Automation","autochek_api_negative.OriginationService.ResponsePayloadReductionV2APIsNegative","GetOffersByLoanIdNegative"
"","0","PostDisableUserV2Negative - Omit userId field entirely","API_Regression_Suite","2026-03-25","skipped","2026-03-25","autochek_api_negative.UserService.UserServiceV2Negative","Autochek_API_Automation","autochek_api_negative.UserService.UserServiceV2Negative","PostDisableUserV2Negative"
"Validates GET /v2/origination/loans with dynamic parameters - Negative Test","508","GetLoansListNegative - page_size is float","API_Regression_Suite","2026-03-25","passed","2026-03-25","autochek_api_negative.OriginationService.ResponsePayloadReductionV2APIsNegative","Autochek_API_Automation","autochek_api_negative.OriginationService.ResponsePayloadReductionV2APIsNegative","GetLoansListNegative"
"Submit Loan Customer Preferences","407","SubmitLoanPreferencesNegative - Residual Percentage invalid string","API_Regression_Suite","2026-03-25","failed","2026-03-25","autochek_api_negative.OfferSimulation.OfferSimulationNegative","Autochek_API_Automation","autochek_api_negative.OfferSimulation.OfferSimulationNegative","SubmitLoanPreferencesNegative"
"","724","CreateFranchise - name has only special characters","API_Regression_Suite","2026-03-25","passed","2026-03-25","autochek_api_negative.UserService.UserServiceNegative","Autochek_API_Automation","autochek_api_negative.UserService.UserServiceNegative","CreateFranchise"
"","709","CreateFranchise - street_name is only numbers","API_Regression_Suite","2026-03-25","passed","2026-03-25","autochek_api_negative.UserService.UserServiceNegative","Autochek_API_Automation","autochek_api_negative.UserService.UserServiceNegative","CreateFranchise"
"Create Inspection for the carID generated in Car Creation","0","PostCreateInspection - Empty car_id","API_Regression_Suite","2026-03-25","skipped","2026-03-25","autochek_api_negative.DetachTyresSpecification.DetachTyresSpecificationNegative","Autochek_API_Automation","autochek_api_negative.DetachTyresSpecification.DetachTyresSpecificationNegative","PostCreateInspection"
"","1322","UpdateFranchise - country is empty","API_Regression_Suite","2026-03-25","passed","2026-03-25","autochek_api_negative.UserService.UserServiceNegative","Autochek_API_Automation","autochek_api_negative.UserService.UserServiceNegative","UpdateFranchise"
"","0","PostDisableUserV2Negative - Send SQL injection string as token","API_Regression_Suite","2026-03-25","skipped","2026-03-25","autochek_api_negative.UserService.UserServiceV2Negative","Autochek_API_Automation","autochek_api_negative.UserService.UserServiceV2Negative","PostDisableUserV2Negative"
"","790","CreateFranchise - city is null","API_Regression_Suite","2026-03-25","passed","2026-03-25","autochek_api_negative.UserService.UserServiceNegative","Autochek_API_Automation","autochek_api_negative.UserService.UserServiceNegative","CreateFranchise"
"Submit Loan Customer Preferences","5393","SubmitLoanPreferencesNegative - upfrontTyres array instead of boolean","API_Regression_Suite","2026-03-25","passed","2026-03-25","autochek_api_negative.OfferSimulation.OfferSimulationNegative","Autochek_API_Automation","autochek_api_negative.OfferSimulation.OfferSimulationNegative","SubmitLoanPreferencesNegative"
"Validates GET /v2/origination/loans/{loan_id}/logbook/booking-info - Negative Test","499","GetBookingInfoForLogbookLoanNegative - Send loan_id as random alphanumeric invalid format","API_Regression_Suite","2026-03-25","passed","2026-03-25","autochek_api_negative.OriginationService.ResponsePayloadReductionV2APIsNegative","Autochek_API_Automation","autochek_api_negative.OriginationService.ResponsePayloadReductionV2APIsNegative","GetBookingInfoForLogbookLoanNegative"
"Rejects all franchises and validates rejection using GET /v1/franchise/{id}","2512","RejectFranchise","API_Regression_Suite","2026-03-25","passed","2026-03-25","autochek_api_positive.UserService.UserService","Autochek_API_Automation","autochek_api_positive.UserService.UserService","RejectFranchise"
"Validates GET /v1/origination/offers/{offer_Id}/loan-document with dynamic parameters - Negative Test","501","GetLoanDocumentsByOfferIdNegative - offer_id with valid format plus special characters","API_Regression_Suite","2026-03-25","passed","2026-03-25","autochek_api_negative.OriginationService.ResponsePayloadReductionV2APIsNegative","Autochek_API_Automation","autochek_api_negative.OriginationService.ResponsePayloadReductionV2APIsNegative","GetLoanDocumentsByOfferIdNegative"
"Submit Loan Customer Preferences","4076","SubmitLoanPreferencesNegative - tyreQuantity SQL injection","API_Regression_Suite","2026-03-25","passed","2026-03-25","autochek_api_negative.OfferSimulation.OfferSimulationNegative","Autochek_API_Automation","autochek_api_negative.OfferSimulation.OfferSimulationNegative","SubmitLoanPreferencesNegative"
"Update Car and Validate Response","0","PutUpdateCar - is_upgraded as null","API_Regression_Suite","2026-03-25","skipped","2026-03-25","autochek_api_negative.DetachTyresSpecification.DetachTyresSpecificationNegative","Autochek_API_Automation","autochek_api_negative.DetachTyresSpecification.DetachTyresSpecificationNegative","PutUpdateCar"
"","447","UpdateFranchise - account_bvn letters","API_Regression_Suite","2026-03-25","passed","2026-03-25","autochek_api_negative.UserService.UserServiceNegative","Autochek_API_Automation","autochek_api_negative.UserService.UserServiceNegative","UpdateFranchise"
"","866","CreateFranchise - phone with more than 9 digits","API_Regression_Suite","2026-03-25","passed","2026-03-25","autochek_api_negative.UserService.UserServiceNegative","Autochek_API_Automation","autochek_api_negative.UserService.UserServiceNegative","CreateFranchise"
"","592","GetFranchiseByID - random alphanumeric not in db","API_Regression_Suite","2026-03-25","passed","2026-03-25","autochek_api_negative.UserService.UserServiceNegative","Autochek_API_Automation","autochek_api_negative.UserService.UserServiceNegative","GetFranchiseByID"
"","444","UpdateFranchise - email with html tag","API_Regression_Suite","2026-03-25","passed","2026-03-25","autochek_api_negative.UserService.UserServiceNegative","Autochek_API_Automation","autochek_api_negative.UserService.UserServiceNegative","UpdateFranchise"
"","948","UpdateFranchise - phone with special characters","API_Regression_Suite","2026-03-25","passed","2026-03-25","autochek_api_negative.UserService.UserServiceNegative","Autochek_API_Automation","autochek_api_negative.UserService.UserServiceNegative","UpdateFranchise"
"Create Car and Validate Response","0","CreateCar - Verify car creation with image_url in .webp format","API_Regression_Suite","2026-03-25","skipped","2026-03-25","autochek_api_positive.DetachTyreSpecification.DetachTyreSpecificationPositive","Autochek_API_Automation","autochek_api_positive.DetachTyreSpecification.DetachTyreSpecificationPositive","CreateCar"
"","443","GetFranchiseByID - integer as id","API_Regression_Suite","2026-03-25","passed","2026-03-25","autochek_api_negative.UserService.UserServiceNegative","Autochek_API_Automation","autochek_api_negative.UserService.UserServiceNegative","GetFranchiseByID"
"Update Car and Validate Response","0","PutUpdateCar - owner_type as empty","API_Regression_Suite","2026-03-25","skipped","2026-03-25","autochek_api_negative.DetachTyresSpecification.DetachTyresSpecificationNegative","Autochek_API_Automation","autochek_api_negative.DetachTyresSpecification.DetachTyresSpecificationNegative","PutUpdateCar"
"Submit Loan Customer Preferences","423","SubmitLoanPreferencesNegative - interestRateType invalid keyword","API_Regression_Suite","2026-03-25","failed","2026-03-25","autochek_api_negative.OfferSimulation.OfferSimulationNegative","Autochek_API_Automation","autochek_api_negative.OfferSimulation.OfferSimulationNegative","SubmitLoanPreferencesNegative"
"","5438","UpdateFranchise - phone is null","API_Regression_Suite","2026-03-25","passed","2026-03-25","autochek_api_negative.UserService.UserServiceNegative","Autochek_API_Automation","autochek_api_negative.UserService.UserServiceNegative","UpdateFranchise"
"Create Inspection for the carID generated in Car Creation","1","PostCreateInspection - Too long car_id","API_Regression_Suite","2026-03-25","skipped","2026-03-25","autochek_api_negative.DetachTyresSpecification.DetachTyresSpecificationNegative","Autochek_API_Automation","autochek_api_negative.DetachTyresSpecification.DetachTyresSpecificationNegative","PostCreateInspection"
"","479","UpdateFranchise - state is empty","API_Regression_Suite","2026-03-25","passed","2026-03-25","autochek_api_negative.UserService.UserServiceNegative","Autochek_API_Automation","autochek_api_negative.UserService.UserServiceNegative","UpdateFranchise"
"","754","CreateFranchise - bank_name is empty","API_Regression_Suite","2026-03-25","passed","2026-03-25","autochek_api_negative.UserService.UserServiceNegative","Autochek_API_Automation","autochek_api_negative.UserService.UserServiceNegative","CreateFranchise"
"Create Inspection for the carID generated in Car Creation","0","PostCreateInspection - Null inspection_request_summary_id","API_Regression_Suite","2026-03-25","skipped","2026-03-25","autochek_api_negative.DetachTyresSpecification.DetachTyresSpecificationNegative","Autochek_API_Automation","autochek_api_negative.DetachTyresSpecification.DetachTyresSpecificationNegative","PostCreateInspection"
"","765","CreateFranchise - zip_code contains letters","API_Regression_Suite","2026-03-25","passed","2026-03-25","autochek_api_negative.UserService.UserServiceNegative","Autochek_API_Automation","autochek_api_negative.UserService.UserServiceNegative","CreateFranchise"
"","443","UpdateFranchise - account_number special chars","API_Regression_Suite","2026-03-25","passed","2026-03-25","autochek_api_negative.UserService.UserServiceNegative","Autochek_API_Automation","autochek_api_negative.UserService.UserServiceNegative","UpdateFranchise"
"","439","UpdateFranchise - nearest_landmark special chars","API_Regression_Suite","2026-03-25","passed","2026-03-25","autochek_api_negative.UserService.UserServiceNegative","Autochek_API_Automation","autochek_api_negative.UserService.UserServiceNegative","UpdateFranchise"
"Create Inspection for the carID generated in Car Creation","0","PostCreateInspection - Script injection","API_Regression_Suite","2026-03-25","skipped","2026-03-25","autochek_api_negative.DetachTyresSpecification.DetachTyresSpecificationNegative","Autochek_API_Automation","autochek_api_negative.DetachTyresSpecification.DetachTyresSpecificationNegative","PostCreateInspection"
"Validates GET /v1/inventory/car with dynamic parameters - Negative Test","1","GetCarListNegative - Pass excluded field that doesn't exist","API_Regression_Suite","2026-03-25","skipped","2026-03-25","autochek_api_negative.InventoryService.DynamicResponseNegative","Autochek_API_Automation","autochek_api_negative.InventoryService.DynamicResponseNegative","GetCarListNegative"
"","432","UpdateFranchise - account_number boolean","API_Regression_Suite","2026-03-25","passed","2026-03-25","autochek_api_negative.UserService.UserServiceNegative","Autochek_API_Automation","autochek_api_negative.UserService.UserServiceNegative","UpdateFranchise"
"Negative test for Create System Config V2","0","PostSystemConfigV2 - Enforce minimum requirement","API_Regression_Suite","2026-03-25","skipped","2026-03-25","autochek_api_negative.UserService.UserServiceV2Negative","Autochek_API_Automation","autochek_api_negative.UserService.UserServiceV2Negative","PostSystemConfigV2"
"Create Inspection for the carID generated in Car Creation","0","PostCreateInspection - Car_id with spaces","API_Regression_Suite","2026-03-25","skipped","2026-03-25","autochek_api_negative.DetachTyresSpecification.DetachTyresSpecificationNegative","Autochek_API_Automation","autochek_api_negative.DetachTyresSpecification.DetachTyresSpecificationNegative","PostCreateInspection"
"","452","UpdateFranchise - phone with more than 9 digits","API_Regression_Suite","2026-03-25","passed","2026-03-25","autochek_api_negative.UserService.UserServiceNegative","Autochek_API_Automation","autochek_api_negative.UserService.UserServiceNegative","UpdateFranchise"
"Submit Loan Customer Preferences","405","SubmitLoanPreferencesNegative - upfrontVehicleTracking numeric instead of boolean","API_Regression_Suite","2026-03-25","failed","2026-03-25","autochek_api_negative.OfferSimulation.OfferSimulationNegative","Autochek_API_Automation","autochek_api_negative.OfferSimulation.OfferSimulationNegative","SubmitLoanPreferencesNegative"
"Validates GET /v1/inventory/model with dynamic parameters - Negative Test","0","GetModelListNegative - Use wrong delimiter","API_Regression_Suite","2026-03-25","skipped","2026-03-25","autochek_api_negative.InventoryService.DynamicResponseNegative","Autochek_API_Automation","autochek_api_negative.InventoryService.DynamicResponseNegative","GetModelListNegative"
"Validates GET /v1/inventory/car with dynamic parameters - Positive Test","1","GetCarList - Validate relations parameter includes model object","API_Regression_Suite","2026-03-25","skipped","2026-03-25","autochek_api_positive.InventoryService.DynamicResponsePositive","Autochek_API_Automation","autochek_api_positive.InventoryService.DynamicResponsePositive","GetCarList"
"Negative test for Create System Config V2","0","PostSystemConfigV2 - REQUIRE_LOWERCASE null value","API_Regression_Suite","2026-03-25","skipped","2026-03-25","autochek_api_negative.UserService.UserServiceV2Negative","Autochek_API_Automation","autochek_api_negative.UserService.UserServiceV2Negative","PostSystemConfigV2"
"","945","UpdateFranchise - display_address html tags","API_Regression_Suite","2026-03-25","passed","2026-03-25","autochek_api_negative.UserService.UserServiceNegative","Autochek_API_Automation","autochek_api_negative.UserService.UserServiceNegative","UpdateFranchise"
"Create Inspection for the carID generated in Car Creation","0","PostCreateInspection - Special characters in value","API_Regression_Suite","2026-03-25","skipped","2026-03-25","autochek_api_negative.DetachTyresSpecification.DetachTyresSpecificationNegative","Autochek_API_Automation","autochek_api_negative.DetachTyresSpecification.DetachTyresSpecificationNegative","PostCreateInspection"
"","571","UpdateFranchise - email is empty string","API_Regression_Suite","2026-03-25","passed","2026-03-25","autochek_api_negative.UserService.UserServiceNegative","Autochek_API_Automation","autochek_api_negative.UserService.UserServiceNegative","UpdateFranchise"
"","442","UpdateFranchise - city ID is a string","API_Regression_Suite","2026-03-25","passed","2026-03-25","autochek_api_negative.UserService.UserServiceNegative","Autochek_API_Automation","autochek_api_negative.UserService.UserServiceNegative","UpdateFranchise"
"","654","CreateFranchise - onboarding_source with special characters","API_Regression_Suite","2026-03-25","passed","2026-03-25","autochek_api_negative.UserService.UserServiceNegative","Autochek_API_Automation","autochek_api_negative.UserService.UserServiceNegative","CreateFranchise"
"","711","CreateFranchise - map_address is boolean","API_Regression_Suite","2026-03-25","passed","2026-03-25","autochek_api_negative.UserService.UserServiceNegative","Autochek_API_Automation","autochek_api_negative.UserService.UserServiceNegative","CreateFranchise"
"Submit Loan Customer Preferences","410","SubmitLoanPreferencesNegative - Residual Percentage invalid value (out of range)","API_Regression_Suite","2026-03-25","failed","2026-03-25","autochek_api_negative.OfferSimulation.OfferSimulationNegative","Autochek_API_Automation","autochek_api_negative.OfferSimulation.OfferSimulationNegative","SubmitLoanPreferencesNegative"
"Submit Loan Customer Preferences","1270","SubmitLoanPreferencesNegative - vehicleDiscount 0%","API_Regression_Suite","2026-03-25","passed","2026-03-25","autochek_api_negative.OfferSimulation.OfferSimulationNegative","Autochek_API_Automation","autochek_api_negative.OfferSimulation.OfferSimulationNegative","SubmitLoanPreferencesNegative"
"Validates GET /v1/inventory/trims with dynamic parameters - Positive Test","0","GetTrims - Validate all fields except name are returned","API_Regression_Suite","2026-03-25","skipped","2026-03-25","autochek_api_positive.InventoryService.DynamicResponsePositive","Autochek_API_Automation","autochek_api_positive.InventoryService.DynamicResponsePositive","GetTrims"
"Validates GET /v2/origination/loans with dynamic parameters - Positive Test","683","GetLoansList - country is KE","API_Regression_Suite","2026-03-25","passed","2026-03-25","autochek_api_positive.OriginationService.ResponsePayloadReductionV2APIs","Autochek_API_Automation","autochek_api_positive.OriginationService.ResponsePayloadReductionV2APIs","GetLoansList"
"Accept Simulation Offer","1196","AcceptOfferNegative - SQL injection with DROP statement","API_Regression_Suite","2026-03-25","passed","2026-03-25","autochek_api_negative.OfferSimulation.OfferSimulationNegative","Autochek_API_Automation","autochek_api_negative.OfferSimulation.OfferSimulationNegative","AcceptOfferNegative"
"Submit Loan Customer Preferences","406","SubmitLoanPreferencesNegative - Upfront Tyres invalid string","API_Regression_Suite","2026-03-25","failed","2026-03-25","autochek_api_negative.OfferSimulation.OfferSimulationNegative","Autochek_API_Automation","autochek_api_negative.OfferSimulation.OfferSimulationNegative","SubmitLoanPreferencesNegative"
"","442","UpdateFranchise - street_name is only numbers","API_Regression_Suite","2026-03-25","passed","2026-03-25","autochek_api_negative.UserService.UserServiceNegative","Autochek_API_Automation","autochek_api_negative.UserService.UserServiceNegative","UpdateFranchise"
"Validates GET /v1/inventory/make with dynamic fields filtering","0","GetMakeNegative - Pass duplicate field values","API_Regression_Suite","2026-03-25","skipped","2026-03-25","autochek_api_negative.InventoryService.DynamicResponseNegative","Autochek_API_Automation","autochek_api_negative.InventoryService.DynamicResponseNegative","GetMakeNegative"
"Validates GET /v1/inspection with dynamic parameters - Negative Test","0","GetInspectionNegative - Pass comma-separated invalid relations","API_Regression_Suite","2026-03-25","skipped","2026-03-25","autochek_api_negative.InventoryService.DynamicResponseNegative","Autochek_API_Automation","autochek_api_negative.InventoryService.DynamicResponseNegative","GetInspectionNegative"
"","0","PostUserSignUpV2Negative - Email is null","API_Regression_Suite","2026-03-25","skipped","2026-03-25","autochek_api_negative.UserService.UserServiceV2Negative","Autochek_API_Automation","autochek_api_negative.UserService.UserServiceV2Negative","PostUserSignUpV2Negative"
"Submit Loan Customer Preferences","404","SubmitLoanPreferencesNegative - dealDiscount null","API_Regression_Suite","2026-03-25","failed","2026-03-25","autochek_api_negative.OfferSimulation.OfferSimulationNegative","Autochek_API_Automation","autochek_api_negative.OfferSimulation.OfferSimulationNegative","SubmitLoanPreferencesNegative"
"","876","CreateFranchise - city ID is a decimal","API_Regression_Suite","2026-03-25","passed","2026-03-25","autochek_api_negative.UserService.UserServiceNegative","Autochek_API_Automation","autochek_api_negative.UserService.UserServiceNegative","CreateFranchise"
"","0","PostUserSignUpV2 - Verify signup with userType = partner","API_Regression_Suite","2026-03-25","skipped","2026-03-25","autochek_api_positive.UserService.UserServiceV2","Autochek_API_Automation","autochek_api_positive.UserService.UserServiceV2","PostUserSignUpV2"
"Update System Config dynamically for PASSWORD_POLICY or USER_SESSION","0","PatchSystemConfigV2 - DISALLOW_WHITESPACES null value","API_Regression_Suite","2026-03-25","skipped","2026-03-25","autochek_api_negative.UserService.UserServiceV2Negative","Autochek_API_Automation","autochek_api_negative.UserService.UserServiceV2Negative","PatchSystemConfigV2"
"","438","UpdateFranchise - account_number is null","API_Regression_Suite","2026-03-25","passed","2026-03-25","autochek_api_negative.UserService.UserServiceNegative","Autochek_API_Automation","autochek_api_negative.UserService.UserServiceNegative","UpdateFranchise"
"Submit Loan Customer Preferences","390","SubmitLoanPreferencesNegative - upfrontMaintenancePlan wrong string true","API_Regression_Suite","2026-03-25","failed","2026-03-25","autochek_api_negative.OfferSimulation.OfferSimulationNegative","Autochek_API_Automation","autochek_api_negative.OfferSimulation.OfferSimulationNegative","SubmitLoanPreferencesNegative"
"Validates GET /v1/inventory/car with dynamic parameters - Positive Test","1","GetCarList - Validate multiple fields id,year are returned","API_Regression_Suite","2026-03-25","skipped","2026-03-25","autochek_api_positive.InventoryService.DynamicResponsePositive","Autochek_API_Automation","autochek_api_positive.InventoryService.DynamicResponsePositive","GetCarList"
"Get Offer Details by OfferID","699","GetOffersByIdNegative - Send offer_id as numeric only","API_Regression_Suite","2026-03-25","passed","2026-03-25","autochek_api_negative.OriginationService.ResponsePayloadReductionV2APIsNegative","Autochek_API_Automation","autochek_api_negative.OriginationService.ResponsePayloadReductionV2APIsNegative","GetOffersByIdNegative"
"Get the list of Tyre brands","408","GetTyreBrandsNegative - Use reserved JS/SQL word","API_Regression_Suite","2026-03-25","passed","2026-03-25","autochek_api_negative.OfferSimulation.OfferSimulationNegative","Autochek_API_Automation","autochek_api_negative.OfferSimulation.OfferSimulationNegative","GetTyreBrandsNegative"
"","1237","GetFranchiseList - page_size is object","API_Regression_Suite","2026-03-25","passed","2026-03-25","autochek_api_negative.UserService.UserServiceNegative","Autochek_API_Automation","autochek_api_negative.UserService.UserServiceNegative","GetFranchiseList"
"Accept Simulation Offer","38056","AcceptOffer","API_Regression_Suite","2026-03-25","failed","2026-03-25","autochek_api_positive.OfferSimulation.OfferSimulationPositive","Autochek_API_Automation","autochek_api_positive.OfferSimulation.OfferSimulationPositive","AcceptOffer"
"Validates GET /v1/inventory/car with dynamic parameters - Negative Test","0","GetCarListNegative - Pass special characters in relations","API_Regression_Suite","2026-03-25","skipped","2026-03-25","autochek_api_negative.InventoryService.DynamicResponseNegative","Autochek_API_Automation","autochek_api_negative.InventoryService.DynamicResponseNegative","GetCarListNegative"
"Get Offer Details by LoanID","900","GetOffersByLoanIdNegative - loan_id with very short string","API_Regression_Suite","2026-03-25","passed","2026-03-25","autochek_api_negative.OriginationService.ResponsePayloadReductionV2APIsNegative","Autochek_API_Automation","autochek_api_negative.OriginationService.ResponsePayloadReductionV2APIsNegative","GetOffersByLoanIdNegative"
"Create Car and Validate Response","1","CreateCar - Verify car creation with tyre_code = TY001 and is_draft = false","API_Regression_Suite","2026-03-25","skipped","2026-03-25","autochek_api_positive.DetachTyreSpecification.DetachTyreSpecificationPositive","Autochek_API_Automation","autochek_api_positive.DetachTyreSpecification.DetachTyreSpecificationPositive","CreateCar"
"","0","PostRefreshV2Negative - Send invalid (tampered) refresh token","API_Regression_Suite","2026-03-25","skipped","2026-03-25","autochek_api_negative.UserService.UserServiceV2Negative","Autochek_API_Automation","autochek_api_negative.UserService.UserServiceV2Negative","PostRefreshV2Negative"
"","435","UpdateFranchise - email is null","API_Regression_Suite","2026-03-25","passed","2026-03-25","autochek_api_negative.UserService.UserServiceNegative","Autochek_API_Automation","autochek_api_negative.UserService.UserServiceNegative","UpdateFranchise"
"","0","PostRefreshV2Negative - SQL injection string as token","API_Regression_Suite","2026-03-25","skipped","2026-03-25","autochek_api_negative.UserService.UserServiceV2Negative","Autochek_API_Automation","autochek_api_negative.UserService.UserServiceV2Negative","PostRefreshV2Negative"
"Submit Loan Customer Preferences","4207","SubmitLoanPreferencesNegative - upfrontWarranty numeric instead of string","API_Regression_Suite","2026-03-25","passed","2026-03-25","autochek_api_negative.OfferSimulation.OfferSimulationNegative","Autochek_API_Automation","autochek_api_negative.OfferSimulation.OfferSimulationNegative","SubmitLoanPreferencesNegative"
"","0","PostLogoutAllAdminNegative - HTML tag injection","API_Regression_Suite","2026-03-25","skipped","2026-03-25","autochek_api_negative.UserService.UserServiceV2Negative","Autochek_API_Automation","autochek_api_negative.UserService.UserServiceV2Negative","PostLogoutAllAdminNegative"
"","443","GetFranchiseByID - boolean true as string","API_Regression_Suite","2026-03-25","passed","2026-03-25","autochek_api_negative.UserService.UserServiceNegative","Autochek_API_Automation","autochek_api_negative.UserService.UserServiceNegative","GetFranchiseByID"
"","430","UpdateFranchise - owner is invalid format (special chars)","API_Regression_Suite","2026-03-25","passed","2026-03-25","autochek_api_negative.UserService.UserServiceNegative","Autochek_API_Automation","autochek_api_negative.UserService.UserServiceNegative","UpdateFranchise"
"Update franchise fields one-by-one using PUT and validate the response","1397","UpdateFranchise - all valid fields","API_Regression_Suite","2026-03-25","passed","2026-03-25","autochek_api_positive.UserService.UserService","Autochek_API_Automation","autochek_api_positive.UserService.UserService","UpdateFranchise"
"Update System Config dynamically for PASSWORD_POLICY or USER_SESSION","0","PatchSystemConfigV2 - MIN_LENGTH non-numeric","API_Regression_Suite","2026-03-25","skipped","2026-03-25","autochek_api_negative.UserService.UserServiceV2Negative","Autochek_API_Automation","autochek_api_negative.UserService.UserServiceV2Negative","PatchSystemConfigV2"
"Validates GET /v2/origination/sources with dynamic parameters - Negative Test","463","GetSourcesListNegative - page_size is negative","API_Regression_Suite","2026-03-25","passed","2026-03-25","autochek_api_negative.OriginationService.ResponsePayloadReductionV2APIsNegative","Autochek_API_Automation","autochek_api_negative.OriginationService.ResponsePayloadReductionV2APIsNegative","GetSourcesListNegative"
"","839","CreateFranchise - country is numeric","API_Regression_Suite","2026-03-25","passed","2026-03-25","autochek_api_negative.UserService.UserServiceNegative","Autochek_API_Automation","autochek_api_negative.UserService.UserServiceNegative","CreateFranchise"
"Update Car and Validate Response","0","PutUpdateCar - address as SQL injection","API_Regression_Suite","2026-03-25","skipped","2026-03-25","autochek_api_negative.DetachTyresSpecification.DetachTyresSpecificationNegative","Autochek_API_Automation","autochek_api_negative.DetachTyresSpecification.DetachTyresSpecificationNegative","PutUpdateCar"
"Update Car and Validate Response","0","PutUpdateCar - state as empty","API_Regression_Suite","2026-03-25","skipped","2026-03-25","autochek_api_negative.DetachTyresSpecification.DetachTyresSpecificationNegative","Autochek_API_Automation","autochek_api_negative.DetachTyresSpecification.DetachTyresSpecificationNegative","PutUpdateCar"
"Submit Loan Customer Preferences","494","SubmitLoanPreferencesNegative - includeLicenceRenewalFees blank","API_Regression_Suite","2026-03-25","passed","2026-03-25","autochek_api_negative.OfferSimulation.OfferSimulationNegative","Autochek_API_Automation","autochek_api_negative.OfferSimulation.OfferSimulationNegative","SubmitLoanPreferencesNegative"
"Get the list of Tyre brands","423","GetTyreBrandsNegative - Attempt SQL injection in country_code","API_Regression_Suite","2026-03-25","passed","2026-03-25","autochek_api_negative.OfferSimulation.OfferSimulationNegative","Autochek_API_Automation","autochek_api_negative.OfferSimulation.OfferSimulationNegative","GetTyreBrandsNegative"
"Get the list of Tyre brands","394","GetTyreBrandsNegative - Include URL special chars","API_Regression_Suite","2026-03-25","passed","2026-03-25","autochek_api_negative.OfferSimulation.OfferSimulationNegative","Autochek_API_Automation","autochek_api_negative.OfferSimulation.OfferSimulationNegative","GetTyreBrandsNegative"
"Validates GET /v2/origination/loans/{loan_id}/logbook/booking-info - Negative Test","434","GetBookingInfoForLogbookLoanNegative - Send loan_id as empty string","API_Regression_Suite","2026-03-25","passed","2026-03-25","autochek_api_negative.OriginationService.ResponsePayloadReductionV2APIsNegative","Autochek_API_Automation","autochek_api_negative.OriginationService.ResponsePayloadReductionV2APIsNegative","GetBookingInfoForLogbookLoanNegative"
"Create Inspection for the carID generated in Car Creation","0","PostCreateInspection - String instead of boolean","API_Regression_Suite","2026-03-25","skipped","2026-03-25","autochek_api_negative.DetachTyresSpecification.DetachTyresSpecificationNegative","Autochek_API_Automation","autochek_api_negative.DetachTyresSpecification.DetachTyresSpecificationNegative","PostCreateInspection"
"Submit Loan Customer Preferences","3863","SubmitLoanPreferencesNegative - upfrontWarranty special characters only","API_Regression_Suite","2026-03-25","passed","2026-03-25","autochek_api_negative.OfferSimulation.OfferSimulationNegative","Autochek_API_Automation","autochek_api_negative.OfferSimulation.OfferSimulationNegative","SubmitLoanPreferencesNegative"
"Create Inspection for the carID generated in Car Creation","0","PostCreateInspection - Null car_id","API_Regression_Suite","2026-03-25","skipped","2026-03-25","autochek_api_negative.DetachTyresSpecification.DetachTyresSpecificationNegative","Autochek_API_Automation","autochek_api_negative.DetachTyresSpecification.DetachTyresSpecificationNegative","PostCreateInspection"
"Create Inspection for the carID generated in Car Creation","1","PostCreateInspection - inspection_type invalid + completed as string","API_Regression_Suite","2026-03-25","skipped","2026-03-25","autochek_api_negative.DetachTyresSpecification.DetachTyresSpecificationNegative","Autochek_API_Automation","autochek_api_negative.DetachTyresSpecification.DetachTyresSpecificationNegative","PostCreateInspection"
"Update System Config dynamically for PASSWORD_POLICY or USER_SESSION","0","PatchSystemConfigV2 - MAX_CONCURRENT_SESSIONS extremely large number","API_Regression_Suite","2026-03-25","skipped","2026-03-25","autochek_api_negative.UserService.UserServiceV2Negative","Autochek_API_Automation","autochek_api_negative.UserService.UserServiceV2Negative","PatchSystemConfigV2"
"","949","UpdateFranchise - account_name as boolean","API_Regression_Suite","2026-03-25","passed","2026-03-25","autochek_api_negative.UserService.UserServiceNegative","Autochek_API_Automation","autochek_api_negative.UserService.UserServiceNegative","UpdateFranchise"
"Create a new franchise with valid data","1781","CreateFranchise - all valid fields","API_Regression_Suite","2026-03-25","passed","2026-03-25","autochek_api_positive.UserService.UserService","Autochek_API_Automation","autochek_api_positive.UserService.UserService","CreateFranchise"
"Validates GET /v2/origination/loans/{loan_id}/logbook/car-details - Negative Test","493","GetLogbookCarDetailsByLoanIdNegative - SQL injection with DROP statement","API_Regression_Suite","2026-03-25","passed","2026-03-25","autochek_api_negative.OriginationService.ResponsePayloadReductionV2APIsNegative","Autochek_API_Automation","autochek_api_negative.OriginationService.ResponsePayloadReductionV2APIsNegative","GetLogbookCarDetailsByLoanIdNegative"
"Validates GET /v1/inventory/model with dynamic parameters - Positive Test","1","GetModelList - Pass empty fields param","API_Regression_Suite","2026-03-25","skipped","2026-03-25","autochek_api_positive.InventoryService.DynamicResponsePositive","Autochek_API_Automation","autochek_api_positive.InventoryService.DynamicResponsePositive","GetModelList"
"","5425","UpdateFranchise - bank_name html","API_Regression_Suite","2026-03-25","passed","2026-03-25","autochek_api_negative.UserService.UserServiceNegative","Autochek_API_Automation","autochek_api_negative.UserService.UserServiceNegative","UpdateFranchise"
"Validates GET /v2/origination/loans/{loan_id}/logbook/car-details - Negative Test","493","GetLogbookCarDetailsByLoanIdNegative - Send loan_id as numeric only","API_Regression_Suite","2026-03-25","passed","2026-03-25","autochek_api_negative.OriginationService.ResponsePayloadReductionV2APIsNegative","Autochek_API_Automation","autochek_api_negative.OriginationService.ResponsePayloadReductionV2APIsNegative","GetLogbookCarDetailsByLoanIdNegative"
"Accept Simulation Offer","461","AcceptOfferNegative - Script injection (XSS attempt)","API_Regression_Suite","2026-03-25","passed","2026-03-25","autochek_api_negative.OfferSimulation.OfferSimulationNegative","Autochek_API_Automation","autochek_api_negative.OfferSimulation.OfferSimulationNegative","AcceptOfferNegative"
"Validates GET /v1/origination/offers/{offer_Id}/loan-document with dynamic parameters - Negative Test","799","GetLoanDocumentsByOfferIdNegative - Script injection (XSS attempt)","API_Regression_Suite","2026-03-25","passed","2026-03-25","autochek_api_negative.OriginationService.ResponsePayloadReductionV2APIsNegative","Autochek_API_Automation","autochek_api_negative.OriginationService.ResponsePayloadReductionV2APIsNegative","GetLoanDocumentsByOfferIdNegative"
"","715","CreateFranchise - nearest_landmark is null","API_Regression_Suite","2026-03-25","passed","2026-03-25","autochek_api_negative.UserService.UserServiceNegative","Autochek_API_Automation","autochek_api_negative.UserService.UserServiceNegative","CreateFranchise"
"Negative test for Create System Config V2","0","PostSystemConfigV2 - REQUIRE_UPPERCASE SQL injection attempt","API_Regression_Suite","2026-03-25","skipped","2026-03-25","autochek_api_negative.UserService.UserServiceV2Negative","Autochek_API_Automation","autochek_api_negative.UserService.UserServiceV2Negative","PostSystemConfigV2"
"","0","PostLookUpV2Negative - Send expired or invalid access token","API_Regression_Suite","2026-03-25","skipped","2026-03-25","autochek_api_negative.UserService.UserServiceV2Negative","Autochek_API_Automation","autochek_api_negative.UserService.UserServiceV2Negative","PostLookUpV2Negative"
"Submit Loan Customer Preferences","768","SubmitLoanPreferencesNegative - Tyre Brand numeric instead of string","API_Regression_Suite","2026-03-25","failed","2026-03-25","autochek_api_negative.OfferSimulation.OfferSimulationNegative","Autochek_API_Automation","autochek_api_negative.OfferSimulation.OfferSimulationNegative","SubmitLoanPreferencesNegative"
"Update System Config dynamically for PASSWORD_POLICY or USER_SESSION","0","PatchSystemConfigV2 - REQUIRE_NUMBER zero value","API_Regression_Suite","2026-03-25","skipped","2026-03-25","autochek_api_negative.UserService.UserServiceV2Negative","Autochek_API_Automation","autochek_api_negative.UserService.UserServiceV2Negative","PatchSystemConfigV2"
"Submit Loan Customer Preferences","4517","SubmitLoanPreferencesNegative - tyreBrand XSS injection","API_Regression_Suite","2026-03-25","passed","2026-03-25","autochek_api_negative.OfferSimulation.OfferSimulationNegative","Autochek_API_Automation","autochek_api_negative.OfferSimulation.OfferSimulationNegative","SubmitLoanPreferencesNegative"
"Update Car and Validate Response","0","PutUpdateCar - address with numbers only","API_Regression_Suite","2026-03-25","skipped","2026-03-25","autochek_api_negative.DetachTyresSpecification.DetachTyresSpecificationNegative","Autochek_API_Automation","autochek_api_negative.DetachTyresSpecification.DetachTyresSpecificationNegative","PutUpdateCar"
"","719","CreateFranchise - city ID as boolean string","API_Regression_Suite","2026-03-25","passed","2026-03-25","autochek_api_negative.UserService.UserServiceNegative","Autochek_API_Automation","autochek_api_negative.UserService.UserServiceNegative","CreateFranchise"
"Submit Loan Customer Preferences","6290","SubmitLoanPreferencesNegative - upfrontTyres numeric instead of boolean","API_Regression_Suite","2026-03-25","passed","2026-03-25","autochek_api_negative.OfferSimulation.OfferSimulationNegative","Autochek_API_Automation","autochek_api_negative.OfferSimulation.OfferSimulationNegative","SubmitLoanPreferencesNegative"
"","444","GetFranchiseByID - too long id (100+ chars)","API_Regression_Suite","2026-03-25","passed","2026-03-25","autochek_api_negative.UserService.UserServiceNegative","Autochek_API_Automation","autochek_api_negative.UserService.UserServiceNegative","GetFranchiseByID"
"","1233","CreateFranchise - state special characters","API_Regression_Suite","2026-03-25","passed","2026-03-25","autochek_api_negative.UserService.UserServiceNegative","Autochek_API_Automation","autochek_api_negative.UserService.UserServiceNegative","CreateFranchise"
"Validates GET /v1/inventory/trims with dynamic parameters - Negative Test","0","GetTrimsNegative - Validate response when passing special characters as field","API_Regression_Suite","2026-03-25","skipped","2026-03-25","autochek_api_negative.InventoryService.DynamicResponseNegative","Autochek_API_Automation","autochek_api_negative.InventoryService.DynamicResponseNegative","GetTrimsNegative"
"","1","PostRefreshV2Negative - No cookie header sent","API_Regression_Suite","2026-03-25","skipped","2026-03-25","autochek_api_negative.UserService.UserServiceV2Negative","Autochek_API_Automation","autochek_api_negative.UserService.UserServiceV2Negative","PostRefreshV2Negative"
"Update System Config dynamically for PASSWORD_POLICY or USER_SESSION","0","PatchSystemConfigV2 - REQUIRE_UPPERCASE object structure passed","API_Regression_Suite","2026-03-25","skipped","2026-03-25","autochek_api_negative.UserService.UserServiceV2Negative","Autochek_API_Automation","autochek_api_negative.UserService.UserServiceV2Negative","PatchSystemConfigV2"
"","2583","CreateFranchise - account_name has numbers","API_Regression_Suite","2026-03-25","passed","2026-03-25","autochek_api_negative.UserService.UserServiceNegative","Autochek_API_Automation","autochek_api_negative.UserService.UserServiceNegative","CreateFranchise"
"Submit Loan Customer Preferences","420","SubmitLoanPreferencesNegative - equityContribution text value","API_Regression_Suite","2026-03-25","failed","2026-03-25","autochek_api_negative.OfferSimulation.OfferSimulationNegative","Autochek_API_Automation","autochek_api_negative.OfferSimulation.OfferSimulationNegative","SubmitLoanPreferencesNegative"
"","438","UpdateFranchise - address as array","API_Regression_Suite","2026-03-25","passed","2026-03-25","autochek_api_negative.UserService.UserServiceNegative","Autochek_API_Automation","autochek_api_negative.UserService.UserServiceNegative","UpdateFranchise"
"","442","UpdateFranchise - city ID is null","API_Regression_Suite","2026-03-25","passed","2026-03-25","autochek_api_negative.UserService.UserServiceNegative","Autochek_API_Automation","autochek_api_negative.UserService.UserServiceNegative","UpdateFranchise"
"","0","PatchUpdatePasswordV2Negative - Send empty newPassword value","API_Regression_Suite","2026-03-25","skipped","2026-03-25","autochek_api_negative.UserService.UserServiceV2Negative","Autochek_API_Automation","autochek_api_negative.UserService.UserServiceV2Negative","PatchUpdatePasswordV2Negative"
"","715","CreateFranchise - city ID is an array","API_Regression_Suite","2026-03-25","passed","2026-03-25","autochek_api_negative.UserService.UserServiceNegative","Autochek_API_Automation","autochek_api_negative.UserService.UserServiceNegative","CreateFranchise"
"","0","PostLookUpV2Negative - Identifier is an empty string","API_Regression_Suite","2026-03-25","skipped","2026-03-25","autochek_api_negative.UserService.UserServiceV2Negative","Autochek_API_Automation","autochek_api_negative.UserService.UserServiceV2Negative","PostLookUpV2Negative"
"","712","CreateFranchise - is_anchor = null","API_Regression_Suite","2026-03-25","passed","2026-03-25","autochek_api_negative.UserService.UserServiceNegative","Autochek_API_Automation","autochek_api_negative.UserService.UserServiceNegative","CreateFranchise"
"","0","PostLoginV2Negative - Password is an empty string","API_Regression_Suite","2026-03-25","skipped","2026-03-25","autochek_api_negative.UserService.UserServiceV2Negative","Autochek_API_Automation","autochek_api_negative.UserService.UserServiceV2Negative","PostLoginV2Negative"
"Get the list of Tyre brands","2867","GetTyreBrands","API_Regression_Suite","2026-03-25","passed","2026-03-25","autochek_api_positive.OfferSimulation.OfferSimulationPositive","Autochek_API_Automation","autochek_api_positive.OfferSimulation.OfferSimulationPositive","GetTyreBrands"
"Update System Config dynamically for PASSWORD_POLICY or USER_SESSION","0","PatchSystemConfigV2 - MAX_LENGTH huge number","API_Regression_Suite","2026-03-25","skipped","2026-03-25","autochek_api_negative.UserService.UserServiceV2Negative","Autochek_API_Automation","autochek_api_negative.UserService.UserServiceV2Negative","PatchSystemConfigV2"
"Update System Config dynamically for PASSWORD_POLICY or USER_SESSION","1","PatchSystemConfigV2 - MAX_CONCURRENT_SESSIONS negative number","API_Regression_Suite","2026-03-25","skipped","2026-03-25","autochek_api_negative.UserService.UserServiceV2Negative","Autochek_API_Automation","autochek_api_negative.UserService.UserServiceV2Negative","PatchSystemConfigV2"
"Submit Loan Customer Preferences","402","SubmitLoanPreferencesNegative - interestRate spaces only","API_Regression_Suite","2026-03-25","failed","2026-03-25","autochek_api_negative.OfferSimulation.OfferSimulationNegative","Autochek_API_Automation","autochek_api_negative.OfferSimulation.OfferSimulationNegative","SubmitLoanPreferencesNegative"
"Validates GET /v2/origination/loans/{loan_id}/logbook/car-details - Negative Test","545","GetLogbookCarDetailsByLoanIdNegative - loan_id with very short string","API_Regression_Suite","2026-03-25","passed","2026-03-25","autochek_api_negative.OriginationService.ResponsePayloadReductionV2APIsNegative","Autochek_API_Automation","autochek_api_negative.OriginationService.ResponsePayloadReductionV2APIsNegative","GetLogbookCarDetailsByLoanIdNegative"
"","897","UpdateFranchise - onboarding_source is numeric","API_Regression_Suite","2026-03-25","passed","2026-03-25","autochek_api_negative.UserService.UserServiceNegative","Autochek_API_Automation","autochek_api_negative.UserService.UserServiceNegative","UpdateFranchise"
"Get Offer Details by OfferID","775","GetOffersByIdNegative - SQL injection with DROP statement","API_Regression_Suite","2026-03-25","passed","2026-03-25","autochek_api_negative.OriginationService.ResponsePayloadReductionV2APIsNegative","Autochek_API_Automation","autochek_api_negative.OriginationService.ResponsePayloadReductionV2APIsNegative","GetOffersByIdNegative"
"Validates GET /v2/origination/offers with dynamic parameters - Positive Test","452","GetOffersListNegative - page_size is zero","API_Regression_Suite","2026-03-25","passed","2026-03-25","autochek_api_negative.OriginationService.ResponsePayloadReductionV2APIsNegative","Autochek_API_Automation","autochek_api_negative.OriginationService.ResponsePayloadReductionV2APIsNegative","GetOffersListNegative"
"Validates GET /v1/franchise with dynamic parameters - Positive Test","1462","GetFranchiseList - valid request with minimum page size","API_Regression_Suite","2026-03-25","passed","2026-03-25","autochek_api_positive.UserService.UserService","Autochek_API_Automation","autochek_api_positive.UserService.UserService","GetFranchiseList"
"Negative test for Create System Config V2","0","PostSystemConfigV2 - REQUIRE_SPECIAL_CHAR numeric instead of boolean","API_Regression_Suite","2026-03-25","skipped","2026-03-25","autochek_api_negative.UserService.UserServiceV2Negative","Autochek_API_Automation","autochek_api_negative.UserService.UserServiceV2Negative","PostSystemConfigV2"
"Create Inspection for the carID generated in Car Creation","0","PostCreateInspection - id special characters + country lowercase","API_Regression_Suite","2026-03-25","skipped","2026-03-25","autochek_api_negative.DetachTyresSpecification.DetachTyresSpecificationNegative","Autochek_API_Automation","autochek_api_negative.DetachTyresSpecification.DetachTyresSpecificationNegative","PostCreateInspection"
"Create Inspection for the carID generated in Car Creation","0","PostCreateInspection - Object instead of boolean","API_Regression_Suite","2026-03-25","skipped","2026-03-25","autochek_api_negative.DetachTyresSpecification.DetachTyresSpecificationNegative","Autochek_API_Automation","autochek_api_negative.DetachTyresSpecification.DetachTyresSpecificationNegative","PostCreateInspection"
"Submit Loan Customer Preferences","454","SubmitLoanPreferencesNegative - vehicleDiscount no %","API_Regression_Suite","2026-03-25","passed","2026-03-25","autochek_api_negative.OfferSimulation.OfferSimulationNegative","Autochek_API_Automation","autochek_api_negative.OfferSimulation.OfferSimulationNegative","SubmitLoanPreferencesNegative"
"Validates GET /v1/origination/offers/{offer_Id}/loan-document with dynamic parameters - Negative Test","497","GetLoanDocumentsByOfferIdNegative - Send offer_id as numeric only","API_Regression_Suite","2026-03-25","passed","2026-03-25","autochek_api_negative.OriginationService.ResponsePayloadReductionV2APIsNegative","Autochek_API_Automation","autochek_api_negative.OriginationService.ResponsePayloadReductionV2APIsNegative","GetLoanDocumentsByOfferIdNegative"
"Update System Config dynamically for PASSWORD_POLICY or USER_SESSION","1","PatchSystemConfigV2 - MIN_LENGTH SQL injection","API_Regression_Suite","2026-03-25","skipped","2026-03-25","autochek_api_negative.UserService.UserServiceV2Negative","Autochek_API_Automation","autochek_api_negative.UserService.UserServiceV2Negative","PatchSystemConfigV2"
"Validates GET /v2/origination/partners with dynamic parameters - Positive Test","425","GetPartnersListNegative - page_size is negative","API_Regression_Suite","2026-03-25","passed","2026-03-25","autochek_api_negative.OriginationService.ResponsePayloadReductionV2APIsNegative","Autochek_API_Automation","autochek_api_negative.OriginationService.ResponsePayloadReductionV2APIsNegative","GetPartnersListNegative"
"Negative test for Create System Config V2","1","PostSystemConfigV2 - MIN_LENGTH greater than MAX_LENGTH","API_Regression_Suite","2026-03-25","skipped","2026-03-25","autochek_api_negative.UserService.UserServiceV2Negative","Autochek_API_Automation","autochek_api_negative.UserService.UserServiceV2Negative","PostSystemConfigV2"
"Get Offer Details by LoanID","796","GetOffersByLoanIdNegative - loan_id in base64 encoded format","API_Regression_Suite","2026-03-25","passed","2026-03-25","autochek_api_negative.OriginationService.ResponsePayloadReductionV2APIsNegative","Autochek_API_Automation","autochek_api_negative.OriginationService.ResponsePayloadReductionV2APIsNegative","GetOffersByLoanIdNegative"
"Validates GET /v1/inventory/make with dynamic fields filtering","0","GetMakeNegative - Pass array instead of comma-separated string","API_Regression_Suite","2026-03-25","skipped","2026-03-25","autochek_api_negative.InventoryService.DynamicResponseNegative","Autochek_API_Automation","autochek_api_negative.InventoryService.DynamicResponseNegative","GetMakeNegative"
"","5638","UpdateFranchise - is_anchor = ""true"" (string)","API_Regression_Suite","2026-03-25","passed","2026-03-25","autochek_api_negative.UserService.UserServiceNegative","Autochek_API_Automation","autochek_api_negative.UserService.UserServiceNegative","UpdateFranchise"
"","0","PostLookUpV2Negative - Identifier has invalid email domain","API_Regression_Suite","2026-03-25","skipped","2026-03-25","autochek_api_negative.UserService.UserServiceV2Negative","Autochek_API_Automation","autochek_api_negative.UserService.UserServiceV2Negative","PostLookUpV2Negative"
"Submit Loan Customer Preferences","603","SubmitLoanPreferencesNegative - term extremely high duration","API_Regression_Suite","2026-03-25","passed","2026-03-25","autochek_api_negative.OfferSimulation.OfferSimulationNegative","Autochek_API_Automation","autochek_api_negative.OfferSimulation.OfferSimulationNegative","SubmitLoanPreferencesNegative"
"Validates GET /v2/origination/banks with dynamic parameters - Positive Test","537","GetBanksList - valid request where page_size is at a boundary value (10)","API_Regression_Suite","2026-03-25","passed","2026-03-25","autochek_api_positive.OriginationService.ResponsePayloadReductionV2APIs","Autochek_API_Automation","autochek_api_positive.OriginationService.ResponsePayloadReductionV2APIs","GetBanksList"
"","0","setUp","API_Regression_Suite","2026-03-25","broken","2026-03-25","autochek_api_positive.DetachTyreSpecification.DetachTyreSpecificationPositive","Autochek_API_Automation","autochek_api_positive.DetachTyreSpecification.DetachTyreSpecificationPositive","setUp"
"Validates GET /v2/origination/sources with dynamic parameters - Negative Test","497","GetBanksListNegative - country is special characters","API_Regression_Suite","2026-03-25","passed","2026-03-25","autochek_api_negative.OriginationService.ResponsePayloadReductionV2APIsNegative","Autochek_API_Automation","autochek_api_negative.OriginationService.ResponsePayloadReductionV2APIsNegative","GetBanksListNegative"
"Validates GET /v1/inspection with dynamic parameters - Positive Test","0","GetInspection - Validate only car(model(id)) field is returned","API_Regression_Suite","2026-03-25","skipped","2026-03-25","autochek_api_positive.InventoryService.DynamicResponsePositive","Autochek_API_Automation","autochek_api_positive.InventoryService.DynamicResponsePositive","GetInspection"
"Update Car and Validate Response","0","PutUpdateCar - city as script injection","API_Regression_Suite","2026-03-25","skipped","2026-03-25","autochek_api_negative.DetachTyresSpecification.DetachTyresSpecificationNegative","Autochek_API_Automation","autochek_api_negative.DetachTyresSpecification.DetachTyresSpecificationNegative","PutUpdateCar"
"","464","UpdateFranchise - account_name html tag","API_Regression_Suite","2026-03-25","passed","2026-03-25","autochek_api_negative.UserService.UserServiceNegative","Autochek_API_Automation","autochek_api_negative.UserService.UserServiceNegative","UpdateFranchise"
"","704","CreateFranchise - address is null","API_Regression_Suite","2026-03-25","passed","2026-03-25","autochek_api_negative.UserService.UserServiceNegative","Autochek_API_Automation","autochek_api_negative.UserService.UserServiceNegative","CreateFranchise"
"Update Car and Validate Response","0","PutUpdateCar - is_upgraded as long string","API_Regression_Suite","2026-03-25","skipped","2026-03-25","autochek_api_negative.DetachTyresSpecification.DetachTyresSpecificationNegative","Autochek_API_Automation","autochek_api_negative.DetachTyresSpecification.DetachTyresSpecificationNegative","PutUpdateCar"
"Validates GET /v2/origination/partners with dynamic parameters - Positive Test","486","GetPartnersListNegative - page_size is array","API_Regression_Suite","2026-03-25","passed","2026-03-25","autochek_api_negative.OriginationService.ResponsePayloadReductionV2APIsNegative","Autochek_API_Automation","autochek_api_negative.OriginationService.ResponsePayloadReductionV2APIsNegative","GetPartnersListNegative"
"Get TyreSpecs Details by Car ID","1","GetTyreSpecs","API_Regression_Suite","2026-03-25","skipped","2026-03-25","autochek_api_positive.DetachTyreSpecification.DetachTyreSpecificationPositive","Autochek_API_Automation","autochek_api_positive.DetachTyreSpecification.DetachTyreSpecificationPositive","GetTyreSpecs"
"Validates GET /v2/origination/loans/{loan_id}/logbook/booking-info - Negative Test","506","GetBookingInfoForLogbookLoanNegative - loan_id with valid format plus special characters","API_Regression_Suite","2026-03-25","passed","2026-03-25","autochek_api_negative.OriginationService.ResponsePayloadReductionV2APIsNegative","Autochek_API_Automation","autochek_api_negative.OriginationService.ResponsePayloadReductionV2APIsNegative","GetBookingInfoForLogbookLoanNegative"
"","0","PostLogoutAllAdminNegative - Send SQL injection string as token","API_Regression_Suite","2026-03-25","skipped","2026-03-25","autochek_api_negative.UserService.UserServiceV2Negative","Autochek_API_Automation","autochek_api_negative.UserService.UserServiceV2Negative","PostLogoutAllAdminNegative"
"Negative test for Create System Config V2","0","PostSystemConfigV2 - MIN_LENGTH zero","API_Regression_Suite","2026-03-25","skipped","2026-03-25","autochek_api_negative.UserService.UserServiceV2Negative","Autochek_API_Automation","autochek_api_negative.UserService.UserServiceV2Negative","PostSystemConfigV2"
"Create Inspection for the carID generated in Car Creation","1","PostCreateInspection - Boolean value for country","API_Regression_Suite","2026-03-25","skipped","2026-03-25","autochek_api_negative.DetachTyresSpecification.DetachTyresSpecificationNegative","Autochek_API_Automation","autochek_api_negative.DetachTyresSpecification.DetachTyresSpecificationNegative","PostCreateInspection"
"Submit Loan Customer Preferences","397","SubmitLoanPreferencesNegative - upfrontVehicleRegistration XSS attempt","API_Regression_Suite","2026-03-25","failed","2026-03-25","autochek_api_negative.OfferSimulation.OfferSimulationNegative","Autochek_API_Automation","autochek_api_negative.OfferSimulation.OfferSimulationNegative","SubmitLoanPreferencesNegative"
"","444","UpdateFranchise - country is null","API_Regression_Suite","2026-03-25","passed","2026-03-25","autochek_api_negative.UserService.UserServiceNegative","Autochek_API_Automation","autochek_api_negative.UserService.UserServiceNegative","UpdateFranchise"
"Negative test for Create System Config V2","0","PostSystemConfigV2 - DISALLOW_WHITESPACES numeric instead of boolean","API_Regression_Suite","2026-03-25","skipped","2026-03-25","autochek_api_negative.UserService.UserServiceV2Negative","Autochek_API_Automation","autochek_api_negative.UserService.UserServiceV2Negative","PostSystemConfigV2"
"","446","GetFranchiseByID - tab character as id","API_Regression_Suite","2026-03-25","passed","2026-03-25","autochek_api_negative.UserService.UserServiceNegative","Autochek_API_Automation","autochek_api_negative.UserService.UserServiceNegative","GetFranchiseByID"
"Update System Config dynamically for PASSWORD_POLICY or USER_SESSION","0","PatchSystemConfigV2 - REQUIRE_SPECIAL_CHAR zero value","API_Regression_Suite","2026-03-25","skipped","2026-03-25","autochek_api_negative.UserService.UserServiceV2Negative","Autochek_API_Automation","autochek_api_negative.UserService.UserServiceV2Negative","PatchSystemConfigV2"
"","2084","submitLoanPreference - Omit upfrontInsurance","API_Regression_Suite","2026-03-25","passed","2026-03-25","autochek_api_positive.OfferSimulation.OfferSimulationPositive","Autochek_API_Automation","autochek_api_positive.OfferSimulation.OfferSimulationPositive","submitLoanPreference"
"","0","PostDisableUserV2 - Send valid userId that exists and is currently enabled","API_Regression_Suite","2026-03-25","skipped","2026-03-25","autochek_api_positive.UserService.UserServiceV2","Autochek_API_Automation","autochek_api_positive.UserService.UserServiceV2","PostDisableUserV2"
"","0","PostLogoutAllAdminNegative - userId with trailing space","API_Regression_Suite","2026-03-25","skipped","2026-03-25","autochek_api_negative.UserService.UserServiceV2Negative","Autochek_API_Automation","autochek_api_negative.UserService.UserServiceV2Negative","PostLogoutAllAdminNegative"
"Update System Config dynamically for PASSWORD_POLICY or USER_SESSION","0","PatchSystemConfigV2 - DISALLOW_WHITESPACES object structure passed","API_Regression_Suite","2026-03-25","skipped","2026-03-25","autochek_api_negative.UserService.UserServiceV2Negative","Autochek_API_Automation","autochek_api_negative.UserService.UserServiceV2Negative","PatchSystemConfigV2"
"","1185","CreateFranchise - display_address html tags","API_Regression_Suite","2026-03-25","passed","2026-03-25","autochek_api_negative.UserService.UserServiceNegative","Autochek_API_Automation","autochek_api_negative.UserService.UserServiceNegative","CreateFranchise"
"Validates GET /v1/inspection with dynamic parameters - Negative Test","0","GetInspectionNegative - Pass numeric in relations","API_Regression_Suite","2026-03-25","skipped","2026-03-25","autochek_api_negative.InventoryService.DynamicResponseNegative","Autochek_API_Automation","autochek_api_negative.InventoryService.DynamicResponseNegative","GetInspectionNegative"
"Negative test for Create System Config V2","0","PostSystemConfigV2 - MAX_LENGTH special chars","API_Regression_Suite","2026-03-25","skipped","2026-03-25","autochek_api_negative.UserService.UserServiceV2Negative","Autochek_API_Automation","autochek_api_negative.UserService.UserServiceV2Negative","PostSystemConfigV2"
"Get TyreSpecs Details by Car ID","0","GetTyreSpecs - car_id as empty","API_Regression_Suite","2026-03-25","skipped","2026-03-25","autochek_api_negative.DetachTyresSpecification.DetachTyresSpecificationNegative","Autochek_API_Automation","autochek_api_negative.DetachTyresSpecification.DetachTyresSpecificationNegative","GetTyreSpecs"
"","457","UpdateFranchise - account_name is empty string","API_Regression_Suite","2026-03-25","passed","2026-03-25","autochek_api_negative.UserService.UserServiceNegative","Autochek_API_Automation","autochek_api_negative.UserService.UserServiceNegative","UpdateFranchise"
"","422","UpdateFranchise - longitude is boolean false","API_Regression_Suite","2026-03-25","passed","2026-03-25","autochek_api_negative.UserService.UserServiceNegative","Autochek_API_Automation","autochek_api_negative.UserService.UserServiceNegative","UpdateFranchise"
"Validates GET /v2/origination/offers with dynamic parameters - Positive Test","490","GetOffersListNegative - page_size is negative","API_Regression_Suite","2026-03-25","passed","2026-03-25","autochek_api_negative.OriginationService.ResponsePayloadReductionV2APIsNegative","Autochek_API_Automation","autochek_api_negative.OriginationService.ResponsePayloadReductionV2APIsNegative","GetOffersListNegative"
"","0","PostLookUpV2 - Identifier is valid and existing email address","API_Regression_Suite","2026-03-25","skipped","2026-03-25","autochek_api_positive.UserService.UserServiceV2","Autochek_API_Automation","autochek_api_positive.UserService.UserServiceV2","PostLookUpV2"
"","0","PostLogoutV2Negative - Send refresh token containing SQL injection string","API_Regression_Suite","2026-03-25","skipped","2026-03-25","autochek_api_negative.UserService.UserServiceV2Negative","Autochek_API_Automation","autochek_api_negative.UserService.UserServiceV2Negative","PostLogoutV2Negative"
"Update Car and Validate Response","1","PutUpdateCar - created_by special characters","API_Regression_Suite","2026-03-25","skipped","2026-03-25","autochek_api_negative.DetachTyresSpecification.DetachTyresSpecificationNegative","Autochek_API_Automation","autochek_api_negative.DetachTyresSpecification.DetachTyresSpecificationNegative","PutUpdateCar"
"Submit Loan Customer Preferences","61095","SubmitLoanPreferencesNegative - Tyre Quantity zero not allowed","API_Regression_Suite","2026-03-25","passed","2026-03-25","autochek_api_negative.OfferSimulation.OfferSimulationNegative","Autochek_API_Automation","autochek_api_negative.OfferSimulation.OfferSimulationNegative","SubmitLoanPreferencesNegative"
"Submit Loan Customer Preferences","399","SubmitLoanPreferencesNegative - upfrontInsurance wrong keyword string yes","API_Regression_Suite","2026-03-25","failed","2026-03-25","autochek_api_negative.OfferSimulation.OfferSimulationNegative","Autochek_API_Automation","autochek_api_negative.OfferSimulation.OfferSimulationNegative","SubmitLoanPreferencesNegative"
"Negative test for Create System Config V2","1","PostSystemConfigV2 - MAX_LENGTH empty","API_Regression_Suite","2026-03-25","skipped","2026-03-25","autochek_api_negative.UserService.UserServiceV2Negative","Autochek_API_Automation","autochek_api_negative.UserService.UserServiceV2Negative","PostSystemConfigV2"
"","441","UpdateFranchise - name contains script tag (xss)","API_Regression_Suite","2026-03-25","passed","2026-03-25","autochek_api_negative.UserService.UserServiceNegative","Autochek_API_Automation","autochek_api_negative.UserService.UserServiceNegative","UpdateFranchise"
"Validates GET /v1/inventory/car with dynamic parameters - Negative Test","0","GetCarListNegative - Validate API fails when passing relation path with invalid nesting format","API_Regression_Suite","2026-03-25","skipped","2026-03-25","autochek_api_negative.InventoryService.DynamicResponseNegative","Autochek_API_Automation","autochek_api_negative.InventoryService.DynamicResponseNegative","GetCarListNegative"
"Get Offer Details by OfferID","1000","GetOffersByIdNegative - Send offer_id as null","API_Regression_Suite","2026-03-25","passed","2026-03-25","autochek_api_negative.OriginationService.ResponsePayloadReductionV2APIsNegative","Autochek_API_Automation","autochek_api_negative.OriginationService.ResponsePayloadReductionV2APIsNegative","GetOffersByIdNegative"
"","1","PostLogoutAllAdminNegative - userId as empty string","API_Regression_Suite","2026-03-25","skipped","2026-03-25","autochek_api_negative.UserService.UserServiceV2Negative","Autochek_API_Automation","autochek_api_negative.UserService.UserServiceV2Negative","PostLogoutAllAdminNegative"
"Submit Loan Customer Preferences","569","SubmitLoanPreferencesNegative - residualPercentage decimal value","API_Regression_Suite","2026-03-25","failed","2026-03-25","autochek_api_negative.OfferSimulation.OfferSimulationNegative","Autochek_API_Automation","autochek_api_negative.OfferSimulation.OfferSimulationNegative","SubmitLoanPreferencesNegative"
"","1","PostUserSignUpV2 - Verify signup with country = GH","API_Regression_Suite","2026-03-25","skipped","2026-03-25","autochek_api_positive.UserService.UserServiceV2","Autochek_API_Automation","autochek_api_positive.UserService.UserServiceV2","PostUserSignUpV2"
"Validates GET /v1/inventory/body_type with dynamic parameters - Negative Test","0","GetBodyTypeNegative - Pass SQL injection-like pattern","API_Regression_Suite","2026-03-25","skipped","2026-03-25","autochek_api_negative.InventoryService.DynamicResponseNegative","Autochek_API_Automation","autochek_api_negative.InventoryService.DynamicResponseNegative","GetBodyTypeNegative"
"Submit Loan Customer Preferences","398","SubmitLoanPreferencesNegative - interestRateType special characters","API_Regression_Suite","2026-03-25","failed","2026-03-25","autochek_api_negative.OfferSimulation.OfferSimulationNegative","Autochek_API_Automation","autochek_api_negative.OfferSimulation.OfferSimulationNegative","SubmitLoanPreferencesNegative"
"Validates GET /v1/inventory/make with dynamic fields filtering - Positive Test","0","GetMake - Verify response returns name, imageUrl and excludes id","API_Regression_Suite","2026-03-25","skipped","2026-03-25","autochek_api_positive.InventoryService.DynamicResponsePositive","Autochek_API_Automation","autochek_api_positive.InventoryService.DynamicResponsePositive","GetMake"
"","726","CreateFranchise - account_name has special characters","API_Regression_Suite","2026-03-25","passed","2026-03-25","autochek_api_negative.UserService.UserServiceNegative","Autochek_API_Automation","autochek_api_negative.UserService.UserServiceNegative","CreateFranchise"
"Validates GET /v1/inventory/obds with dynamic parameters - Negative Test","0","GetObdsNegative - Use spaces in field parameter","API_Regression_Suite","2026-03-25","skipped","2026-03-25","autochek_api_negative.InventoryService.DynamicResponseNegative","Autochek_API_Automation","autochek_api_negative.InventoryService.DynamicResponseNegative","GetObdsNegative"
"Update Car and Validate Response","0","PutUpdateCar - address too long (200+ chars)","API_Regression_Suite","2026-03-25","skipped","2026-03-25","autochek_api_negative.DetachTyresSpecification.DetachTyresSpecificationNegative","Autochek_API_Automation","autochek_api_negative.DetachTyresSpecification.DetachTyresSpecificationNegative","PutUpdateCar"
"Create Inspection for the carID generated in Car Creation","0","PostCreateInspection - Value with leading/trailing spaces","API_Regression_Suite","2026-03-25","skipped","2026-03-25","autochek_api_negative.DetachTyresSpecification.DetachTyresSpecificationNegative","Autochek_API_Automation","autochek_api_negative.DetachTyresSpecification.DetachTyresSpecificationNegative","PostCreateInspection"
"","715","CreateFranchise - account_number as array","API_Regression_Suite","2026-03-25","passed","2026-03-25","autochek_api_negative.UserService.UserServiceNegative","Autochek_API_Automation","autochek_api_negative.UserService.UserServiceNegative","CreateFranchise"
"","510","UpdateFranchise - city ID with new line","API_Regression_Suite","2026-03-25","passed","2026-03-25","autochek_api_negative.UserService.UserServiceNegative","Autochek_API_Automation","autochek_api_negative.UserService.UserServiceNegative","UpdateFranchise"
"","712","CreateFranchise - phone with special characters","API_Regression_Suite","2026-03-25","passed","2026-03-25","autochek_api_negative.UserService.UserServiceNegative","Autochek_API_Automation","autochek_api_negative.UserService.UserServiceNegative","CreateFranchise"
"Validates GET /v1/inventory/car with dynamic parameters - Negative Test","0","GetCarListNegative - Validate API fails when requesting invalid field name","API_Regression_Suite","2026-03-25","skipped","2026-03-25","autochek_api_negative.InventoryService.DynamicResponseNegative","Autochek_API_Automation","autochek_api_negative.InventoryService.DynamicResponseNegative","GetCarListNegative"
"","443","UpdateFranchise - address is null","API_Regression_Suite","2026-03-25","passed","2026-03-25","autochek_api_negative.UserService.UserServiceNegative","Autochek_API_Automation","autochek_api_negative.UserService.UserServiceNegative","UpdateFranchise"
"Submit Loan Customer Preferences","399","SubmitLoanPreferencesNegative - upfrontVehicleRegistration unsupported keyword","API_Regression_Suite","2026-03-25","failed","2026-03-25","autochek_api_negative.OfferSimulation.OfferSimulationNegative","Autochek_API_Automation","autochek_api_negative.OfferSimulation.OfferSimulationNegative","SubmitLoanPreferencesNegative"
"Validates GET /v1/inventory/obds with dynamic parameters - Negative Test","0","GetObdsNegative - Special characters with valid field","API_Regression_Suite","2026-03-25","skipped","2026-03-25","autochek_api_negative.InventoryService.DynamicResponseNegative","Autochek_API_Automation","autochek_api_negative.InventoryService.DynamicResponseNegative","GetObdsNegative"
"Submit Loan Customer Preferences","13370","SubmitLoanPreferencesNegative - tyreQuantity decimal","API_Regression_Suite","2026-03-25","passed","2026-03-25","autochek_api_negative.OfferSimulation.OfferSimulationNegative","Autochek_API_Automation","autochek_api_negative.OfferSimulation.OfferSimulationNegative","SubmitLoanPreferencesNegative"
"","437","CreateFranchise - owner has leading/trailing whitespaces","API_Regression_Suite","2026-03-25","passed","2026-03-25","autochek_api_negative.UserService.UserServiceNegative","Autochek_API_Automation","autochek_api_negative.UserService.UserServiceNegative","CreateFranchise"
"Validates GET /v1/inventory/inspection_request with dynamic parameters - Negative Test","0","GetInspectionRequestNegative - Pass field names in wrong casing (case-sensitive scenario)","API_Regression_Suite","2026-03-25","skipped","2026-03-25","autochek_api_negative.InventoryService.DynamicResponseNegative","Autochek_API_Automation","autochek_api_negative.InventoryService.DynamicResponseNegative","GetInspectionRequestNegative"
"","733","CreateFranchise - name is too long","API_Regression_Suite","2026-03-25","passed","2026-03-25","autochek_api_negative.UserService.UserServiceNegative","Autochek_API_Automation","autochek_api_negative.UserService.UserServiceNegative","CreateFranchise"
"Submit Loan Customer Preferences","401","SubmitLoanPreferencesNegative - upfrontVehicleRegistration very long string","API_Regression_Suite","2026-03-25","failed","2026-03-25","autochek_api_negative.OfferSimulation.OfferSimulationNegative","Autochek_API_Automation","autochek_api_negative.OfferSimulation.OfferSimulationNegative","SubmitLoanPreferencesNegative"
"","441","UpdateFranchise - map_address is special characters","API_Regression_Suite","2026-03-25","passed","2026-03-25","autochek_api_negative.UserService.UserServiceNegative","Autochek_API_Automation","autochek_api_negative.UserService.UserServiceNegative","UpdateFranchise"
"","0","PostEnableUserV2Negative - Send userId in invalid alphanumeric format","API_Regression_Suite","2026-03-25","skipped","2026-03-25","autochek_api_negative.UserService.UserServiceV2Negative","Autochek_API_Automation","autochek_api_negative.UserService.UserServiceV2Negative","PostEnableUserV2Negative"
"Update System Config dynamically for PASSWORD_POLICY or USER_SESSION","0","PatchSystemConfigV2 - MAX_LENGTH negative","API_Regression_Suite","2026-03-25","skipped","2026-03-25","autochek_api_negative.UserService.UserServiceV2Negative","Autochek_API_Automation","autochek_api_negative.UserService.UserServiceV2Negative","PatchSystemConfigV2"
"","937","CreateFranchise - phone with less than 9 digits","API_Regression_Suite","2026-03-25","passed","2026-03-25","autochek_api_negative.UserService.UserServiceNegative","Autochek_API_Automation","autochek_api_negative.UserService.UserServiceNegative","CreateFranchise"
"","440","UpdateFranchise - onboarding_source too long (>255 chars)","API_Regression_Suite","2026-03-25","passed","2026-03-25","autochek_api_negative.UserService.UserServiceNegative","Autochek_API_Automation","autochek_api_negative.UserService.UserServiceNegative","UpdateFranchise"
"Submit Loan Customer Preferences","388","SubmitLoanPreferencesNegative - Term not in allowed set","API_Regression_Suite","2026-03-25","failed","2026-03-25","autochek_api_negative.OfferSimulation.OfferSimulationNegative","Autochek_API_Automation","autochek_api_negative.OfferSimulation.OfferSimulationNegative","SubmitLoanPreferencesNegative"
"Submit Loan Customer Preferences","405","SubmitLoanPreferencesNegative - upfrontInsurance JSON object instead of boolean","API_Regression_Suite","2026-03-25","failed","2026-03-25","autochek_api_negative.OfferSimulation.OfferSimulationNegative","Autochek_API_Automation","autochek_api_negative.OfferSimulation.OfferSimulationNegative","SubmitLoanPreferencesNegative"
"","426","UpdateFranchise - house_no too long string","API_Regression_Suite","2026-03-25","passed","2026-03-25","autochek_api_negative.UserService.UserServiceNegative","Autochek_API_Automation","autochek_api_negative.UserService.UserServiceNegative","UpdateFranchise"
"","715","CreateFranchise - nearest_landmark special chars","API_Regression_Suite","2026-03-25","passed","2026-03-25","autochek_api_negative.UserService.UserServiceNegative","Autochek_API_Automation","autochek_api_negative.UserService.UserServiceNegative","CreateFranchise"
"","1194","submitLoanPreference - Omit monthlyPayment","API_Regression_Suite","2026-03-25","passed","2026-03-25","autochek_api_positive.OfferSimulation.OfferSimulationPositive","Autochek_API_Automation","autochek_api_positive.OfferSimulation.OfferSimulationPositive","submitLoanPreference"
"Submit Loan Customer Preferences","704","SubmitLoanPreferencesNegative - tyreBrand numeric instead of string","API_Regression_Suite","2026-03-25","passed","2026-03-25","autochek_api_negative.OfferSimulation.OfferSimulationNegative","Autochek_API_Automation","autochek_api_negative.OfferSimulation.OfferSimulationNegative","SubmitLoanPreferencesNegative"
"Create Inspection for the carID generated in Car Creation","0","PostCreateInspection - SQL injection attempt in location","API_Regression_Suite","2026-03-25","skipped","2026-03-25","autochek_api_negative.DetachTyresSpecification.DetachTyresSpecificationNegative","Autochek_API_Automation","autochek_api_negative.DetachTyresSpecification.DetachTyresSpecificationNegative","PostCreateInspection"
"Negative test for Create System Config V2","0","PostSystemConfigV2 - REQUIRE_SPECIAL_CHAR string true instead of boolean","API_Regression_Suite","2026-03-25","skipped","2026-03-25","autochek_api_negative.UserService.UserServiceV2Negative","Autochek_API_Automation","autochek_api_negative.UserService.UserServiceV2Negative","PostSystemConfigV2"
"Validates GET /v2/origination/offers with dynamic parameters - Positive Test","487","GetOffersListNegative - country is null","API_Regression_Suite","2026-03-25","passed","2026-03-25","autochek_api_negative.OriginationService.ResponsePayloadReductionV2APIsNegative","Autochek_API_Automation","autochek_api_negative.OriginationService.ResponsePayloadReductionV2APIsNegative","GetOffersListNegative"
"","0","PostLookUpV2Negative - Identifier contains special characters in phone number","API_Regression_Suite","2026-03-25","skipped","2026-03-25","autochek_api_negative.UserService.UserServiceV2Negative","Autochek_API_Automation","autochek_api_negative.UserService.UserServiceV2Negative","PostLookUpV2Negative"
"Update Car and Validate Response","0","PutUpdateCar - address as empty","API_Regression_Suite","2026-03-25","skipped","2026-03-25","autochek_api_negative.DetachTyresSpecification.DetachTyresSpecificationNegative","Autochek_API_Automation","autochek_api_negative.DetachTyresSpecification.DetachTyresSpecificationNegative","PutUpdateCar"
"Submit Loan Customer Preferences","400","SubmitLoanPreferencesNegative - upfrontVehicleRegistration blank","API_Regression_Suite","2026-03-25","failed","2026-03-25","autochek_api_negative.OfferSimulation.OfferSimulationNegative","Autochek_API_Automation","autochek_api_negative.OfferSimulation.OfferSimulationNegative","SubmitLoanPreferencesNegative"
"","450","UpdateFranchise - phone with less than 9 digits","API_Regression_Suite","2026-03-25","passed","2026-03-25","autochek_api_negative.UserService.UserServiceNegative","Autochek_API_Automation","autochek_api_negative.UserService.UserServiceNegative","UpdateFranchise"
"Validates GET /v2/origination/loans/{loan_id}/accepted-offer - Negative Test","497","GetAcceptedOfferByLoanIdNegative - Send offer_id as random alphanumeric invalid format","API_Regression_Suite","2026-03-25","passed","2026-03-25","autochek_api_negative.OriginationService.ResponsePayloadReductionV2APIsNegative","Autochek_API_Automation","autochek_api_negative.OriginationService.ResponsePayloadReductionV2APIsNegative","GetAcceptedOfferByLoanIdNegative"
"Submit Loan Customer Preferences","386","SubmitLoanPreferencesNegative - upfrontVehicleTracking blank","API_Regression_Suite","2026-03-25","failed","2026-03-25","autochek_api_negative.OfferSimulation.OfferSimulationNegative","Autochek_API_Automation","autochek_api_negative.OfferSimulation.OfferSimulationNegative","SubmitLoanPreferencesNegative"
"","442","UpdateFranchise - owner with new line characters","API_Regression_Suite","2026-03-25","passed","2026-03-25","autochek_api_negative.UserService.UserServiceNegative","Autochek_API_Automation","autochek_api_negative.UserService.UserServiceNegative","UpdateFranchise"
"Submit Loan Customer Preferences","433","SubmitLoanPreferencesNegative - includeLicenceRenewalFees null","API_Regression_Suite","2026-03-25","failed","2026-03-25","autochek_api_negative.OfferSimulation.OfferSimulationNegative","Autochek_API_Automation","autochek_api_negative.OfferSimulation.OfferSimulationNegative","SubmitLoanPreferencesNegative"
"Get the list of Tyre brands","391","GetTyreBrandsNegative - Send encoded malicious payload","API_Regression_Suite","2026-03-25","passed","2026-03-25","autochek_api_negative.OfferSimulation.OfferSimulationNegative","Autochek_API_Automation","autochek_api_negative.OfferSimulation.OfferSimulationNegative","GetTyreBrandsNegative"
"","542","UpdateFranchise - latitude = """"","API_Regression_Suite","2026-03-25","passed","2026-03-25","autochek_api_negative.UserService.UserServiceNegative","Autochek_API_Automation","autochek_api_negative.UserService.UserServiceNegative","UpdateFranchise"
"Validates GET /v1/inventory/model with dynamic parameters - Negative Test","1","GetModelListNegative - Pass valid + invalid relation","API_Regression_Suite","2026-03-25","skipped","2026-03-25","autochek_api_negative.InventoryService.DynamicResponseNegative","Autochek_API_Automation","autochek_api_negative.InventoryService.DynamicResponseNegative","GetModelListNegative"
"Validates GET /v1/inventory/body_type with dynamic parameters - Positive Test","0","GetBodyType - Validate only imageUrl field is returned","API_Regression_Suite","2026-03-25","skipped","2026-03-25","autochek_api_positive.InventoryService.DynamicResponsePositive","Autochek_API_Automation","autochek_api_positive.InventoryService.DynamicResponsePositive","GetBodyType"
"Submit Loan Customer Preferences","485","SubmitLoanPreferencesNegative - desiredLoanCurrency numeric","API_Regression_Suite","2026-03-25","failed","2026-03-25","autochek_api_negative.OfferSimulation.OfferSimulationNegative","Autochek_API_Automation","autochek_api_negative.OfferSimulation.OfferSimulationNegative","SubmitLoanPreferencesNegative"
"Negative test for Create System Config V2","0","PostSystemConfigV2 - REQUIRE_LOWERCASE empty value","API_Regression_Suite","2026-03-25","skipped","2026-03-25","autochek_api_negative.UserService.UserServiceV2Negative","Autochek_API_Automation","autochek_api_negative.UserService.UserServiceV2Negative","PostSystemConfigV2"
"Negative test for Create System Config V2","0","PostSystemConfigV2 - REQUIRE_NUMBER null value","API_Regression_Suite","2026-03-25","skipped","2026-03-25","autochek_api_negative.UserService.UserServiceV2Negative","Autochek_API_Automation","autochek_api_negative.UserService.UserServiceV2Negative","PostSystemConfigV2"
"Create Inspection for the carID generated in Car Creation","0","PostCreateInspection - Null form_id","API_Regression_Suite","2026-03-25","skipped","2026-03-25","autochek_api_negative.DetachTyresSpecification.DetachTyresSpecificationNegative","Autochek_API_Automation","autochek_api_negative.DetachTyresSpecification.DetachTyresSpecificationNegative","PostCreateInspection"
"","1066","submitLoanPreference - Omit desiredLoanCurrency","API_Regression_Suite","2026-03-25","passed","2026-03-25","autochek_api_positive.OfferSimulation.OfferSimulationPositive","Autochek_API_Automation","autochek_api_positive.OfferSimulation.OfferSimulationPositive","submitLoanPreference"
"Update System Config dynamically for PASSWORD_POLICY or USER_SESSION","1","PatchSystemConfigV2 - Enforce minimum requirement","API_Regression_Suite","2026-03-25","skipped","2026-03-25","autochek_api_negative.UserService.UserServiceV2Negative","Autochek_API_Automation","autochek_api_negative.UserService.UserServiceV2Negative","PatchSystemConfigV2"
"Negative test for Create System Config V2","1","PostSystemConfigV2 - MAX_CONCURRENT_SESSIONS decimal value","API_Regression_Suite","2026-03-25","skipped","2026-03-25","autochek_api_negative.UserService.UserServiceV2Negative","Autochek_API_Automation","autochek_api_negative.UserService.UserServiceV2Negative","PostSystemConfigV2"
"Submit Loan Customer Preferences","418","SubmitLoanPreferencesNegative - residualPercentage without % symbol","API_Regression_Suite","2026-03-25","failed","2026-03-25","autochek_api_negative.OfferSimulation.OfferSimulationNegative","Autochek_API_Automation","autochek_api_negative.OfferSimulation.OfferSimulationNegative","SubmitLoanPreferencesNegative"
"Submit Loan Customer Preferences","399","SubmitLoanPreferencesNegative - includeLicenceRenewalFees unsupported option n","API_Regression_Suite","2026-03-25","failed","2026-03-25","autochek_api_negative.OfferSimulation.OfferSimulationNegative","Autochek_API_Automation","autochek_api_negative.OfferSimulation.OfferSimulationNegative","SubmitLoanPreferencesNegative"
"","3078","submitLoanPreference - Omit dealDiscount","API_Regression_Suite","2026-03-25","passed","2026-03-25","autochek_api_positive.OfferSimulation.OfferSimulationPositive","Autochek_API_Automation","autochek_api_positive.OfferSimulation.OfferSimulationPositive","submitLoanPreference"
"Submit Loan Customer Preferences","447","SubmitLoanPreferencesNegative - desiredLoanCurrency blank","API_Regression_Suite","2026-03-25","failed","2026-03-25","autochek_api_negative.OfferSimulation.OfferSimulationNegative","Autochek_API_Automation","autochek_api_negative.OfferSimulation.OfferSimulationNegative","SubmitLoanPreferencesNegative"
"Submit Loan Customer Preferences","419","SubmitLoanPreferencesNegative - upfrontMaintenancePlan special characters","API_Regression_Suite","2026-03-25","failed","2026-03-25","autochek_api_negative.OfferSimulation.OfferSimulationNegative","Autochek_API_Automation","autochek_api_negative.OfferSimulation.OfferSimulationNegative","SubmitLoanPreferencesNegative"
"Update System Config dynamically for PASSWORD_POLICY or USER_SESSION","0","PatchSystemConfigV2 - MAX_CONCURRENT_SESSIONS special characters","API_Regression_Suite","2026-03-25","skipped","2026-03-25","autochek_api_negative.UserService.UserServiceV2Negative","Autochek_API_Automation","autochek_api_negative.UserService.UserServiceV2Negative","PatchSystemConfigV2"
"","790","CreateFranchise - address as number","API_Regression_Suite","2026-03-25","passed","2026-03-25","autochek_api_negative.UserService.UserServiceNegative","Autochek_API_Automation","autochek_api_negative.UserService.UserServiceNegative","CreateFranchise"
"Submit Loan Customer Preferences","401","SubmitLoanPreferencesNegative - interestRate decimal value","API_Regression_Suite","2026-03-25","failed","2026-03-25","autochek_api_negative.OfferSimulation.OfferSimulationNegative","Autochek_API_Automation","autochek_api_negative.OfferSimulation.OfferSimulationNegative","SubmitLoanPreferencesNegative"
"","1213","CreateFranchise - zip_code is boolean","API_Regression_Suite","2026-03-25","passed","2026-03-25","autochek_api_negative.UserService.UserServiceNegative","Autochek_API_Automation","autochek_api_negative.UserService.UserServiceNegative","CreateFranchise"
"","434","UpdateFranchise - owner is boolean string","API_Regression_Suite","2026-03-25","passed","2026-03-25","autochek_api_negative.UserService.UserServiceNegative","Autochek_API_Automation","autochek_api_negative.UserService.UserServiceNegative","UpdateFranchise"
"Create Inspection for the carID generated in Car Creation","1","PostCreateInspection - SQL injection attempt in id","API_Regression_Suite","2026-03-25","skipped","2026-03-25","autochek_api_negative.DetachTyresSpecification.DetachTyresSpecificationNegative","Autochek_API_Automation","autochek_api_negative.DetachTyresSpecification.DetachTyresSpecificationNegative","PostCreateInspection"
"Validates GET /v1/inventory/inspection_request with dynamic parameters - Negative Test","1","GetInspectionRequestNegative - Pass numeric field names (expect schema validation error)","API_Regression_Suite","2026-03-25","skipped","2026-03-25","autochek_api_negative.InventoryService.DynamicResponseNegative","Autochek_API_Automation","autochek_api_negative.InventoryService.DynamicResponseNegative","GetInspectionRequestNegative"
"Update Car and Validate Response","0","PutUpdateCar - is_upgraded as special characters","API_Regression_Suite","2026-03-25","skipped","2026-03-25","autochek_api_negative.DetachTyresSpecification.DetachTyresSpecificationNegative","Autochek_API_Automation","autochek_api_negative.DetachTyresSpecification.DetachTyresSpecificationNegative","PutUpdateCar"
"","422","GetFranchiseList - page_size valid, country valid, status invalid enum","API_Regression_Suite","2026-03-25","passed","2026-03-25","autochek_api_negative.UserService.UserServiceNegative","Autochek_API_Automation","autochek_api_negative.UserService.UserServiceNegative","GetFranchiseList"
"Submit Loan Customer Preferences","470","SubmitLoanPreferencesNegative - interestRateType lowercase only","API_Regression_Suite","2026-03-25","failed","2026-03-25","autochek_api_negative.OfferSimulation.OfferSimulationNegative","Autochek_API_Automation","autochek_api_negative.OfferSimulation.OfferSimulationNegative","SubmitLoanPreferencesNegative"
"","443","GetFranchiseByID - too short id (1 char)","API_Regression_Suite","2026-03-25","passed","2026-03-25","autochek_api_negative.UserService.UserServiceNegative","Autochek_API_Automation","autochek_api_negative.UserService.UserServiceNegative","GetFranchiseByID"
"Create Inspection for the carID generated in Car Creation","1","PostCreateInspection - car_id null + country invalid","API_Regression_Suite","2026-03-25","skipped","2026-03-25","autochek_api_negative.DetachTyresSpecification.DetachTyresSpecificationNegative","Autochek_API_Automation","autochek_api_negative.DetachTyresSpecification.DetachTyresSpecificationNegative","PostCreateInspection"
"Create Inspection for the carID generated in Car Creation","0","PostCreateInspection - Script injection attempt in wheel_type","API_Regression_Suite","2026-03-25","skipped","2026-03-25","autochek_api_negative.DetachTyresSpecification.DetachTyresSpecificationNegative","Autochek_API_Automation","autochek_api_negative.DetachTyresSpecification.DetachTyresSpecificationNegative","PostCreateInspection"
"Create Inspection for the carID generated in Car Creation","0","PostCreateInspection - Lowercase instead of uppercase code","API_Regression_Suite","2026-03-25","skipped","2026-03-25","autochek_api_negative.DetachTyresSpecification.DetachTyresSpecificationNegative","Autochek_API_Automation","autochek_api_negative.DetachTyresSpecification.DetachTyresSpecificationNegative","PostCreateInspection"
"Create Inspection for the carID generated in Car Creation","1","PostCreateInspection - Numeric only value","API_Regression_Suite","2026-03-25","skipped","2026-03-25","autochek_api_negative.DetachTyresSpecification.DetachTyresSpecificationNegative","Autochek_API_Automation","autochek_api_negative.DetachTyresSpecification.DetachTyresSpecificationNegative","PostCreateInspection"
"","445","UpdateFranchise - state with spaces only","API_Regression_Suite","2026-03-25","passed","2026-03-25","autochek_api_negative.UserService.UserServiceNegative","Autochek_API_Automation","autochek_api_negative.UserService.UserServiceNegative","UpdateFranchise"
"Validates GET /v2/origination/loans/{loan_id}/logbook/car-details - Negative Test","494","GetLogbookCarDetailsByLoanIdNegative - Send loan_id as whitespace only","API_Regression_Suite","2026-03-25","passed","2026-03-25","autochek_api_negative.OriginationService.ResponsePayloadReductionV2APIsNegative","Autochek_API_Automation","autochek_api_negative.OriginationService.ResponsePayloadReductionV2APIsNegative","GetLogbookCarDetailsByLoanIdNegative"
"","0","PostLogoutAllAdminNegative - userId with script injection","API_Regression_Suite","2026-03-25","skipped","2026-03-25","autochek_api_negative.UserService.UserServiceV2Negative","Autochek_API_Automation","autochek_api_negative.UserService.UserServiceV2Negative","PostLogoutAllAdminNegative"
"Validates GET /v1/inventory/car with dynamic parameters - Negative Test","0","GetCarListNegative - Pass special chars in fields","API_Regression_Suite","2026-03-25","skipped","2026-03-25","autochek_api_negative.InventoryService.DynamicResponseNegative","Autochek_API_Automation","autochek_api_negative.InventoryService.DynamicResponseNegative","GetCarListNegative"
"","951","UpdateFranchise - account_number as array","API_Regression_Suite","2026-03-25","passed","2026-03-25","autochek_api_negative.UserService.UserServiceNegative","Autochek_API_Automation","autochek_api_negative.UserService.UserServiceNegative","UpdateFranchise"
"Validates GET /v1/inventory/model with dynamic parameters - Positive Test","0","GetModelList - Validate exclusion of name field while including id","API_Regression_Suite","2026-03-25","skipped","2026-03-25","autochek_api_positive.InventoryService.DynamicResponsePositive","Autochek_API_Automation","autochek_api_positive.InventoryService.DynamicResponsePositive","GetModelList"
"","718","CreateFranchise - city ID is null","API_Regression_Suite","2026-03-25","passed","2026-03-25","autochek_api_negative.UserService.UserServiceNegative","Autochek_API_Automation","autochek_api_negative.UserService.UserServiceNegative","CreateFranchise"
"Validates GET /v2/origination/loans with dynamic parameters - Negative Test","652","GetLoansListNegative - country is one character","API_Regression_Suite","2026-03-25","passed","2026-03-25","autochek_api_negative.OriginationService.ResponsePayloadReductionV2APIsNegative","Autochek_API_Automation","autochek_api_negative.OriginationService.ResponsePayloadReductionV2APIsNegative","GetLoansListNegative"
"Create Inspection for the carID generated in Car Creation","1","PostCreateInspection - car_id injection + tyreCode injection","API_Regression_Suite","2026-03-25","skipped","2026-03-25","autochek_api_negative.DetachTyresSpecification.DetachTyresSpecificationNegative","Autochek_API_Automation","autochek_api_negative.DetachTyresSpecification.DetachTyresSpecificationNegative","PostCreateInspection"
"","0","PostUserSignUpV2Negative - Country has an invalid code","API_Regression_Suite","2026-03-25","skipped","2026-03-25","autochek_api_negative.UserService.UserServiceV2Negative","Autochek_API_Automation","autochek_api_negative.UserService.UserServiceV2Negative","PostUserSignUpV2Negative"
"Submit Loan Customer Preferences","4203","SubmitLoanPreferencesNegative - upfrontTyres XSS injection","API_Regression_Suite","2026-03-25","passed","2026-03-25","autochek_api_negative.OfferSimulation.OfferSimulationNegative","Autochek_API_Automation","autochek_api_negative.OfferSimulation.OfferSimulationNegative","SubmitLoanPreferencesNegative"
"","0","PostUserSignUpV2 - Verify signup with userType = workshop","API_Regression_Suite","2026-03-25","skipped","2026-03-25","autochek_api_positive.UserService.UserServiceV2","Autochek_API_Automation","autochek_api_positive.UserService.UserServiceV2","PostUserSignUpV2"
"","446","UpdateFranchise - city is empty","API_Regression_Suite","2026-03-25","passed","2026-03-25","autochek_api_negative.UserService.UserServiceNegative","Autochek_API_Automation","autochek_api_negative.UserService.UserServiceNegative","UpdateFranchise"
"Submit Loan Customer Preferences","424","SubmitLoanPreferencesNegative - upfrontInsurance null","API_Regression_Suite","2026-03-25","failed","2026-03-25","autochek_api_negative.OfferSimulation.OfferSimulationNegative","Autochek_API_Automation","autochek_api_negative.OfferSimulation.OfferSimulationNegative","SubmitLoanPreferencesNegative"
"Validates GET /v1/inventory/inspection_request with dynamic parameters - Negative Test","0","GetInspectionRequestNegative - Try script injection payload","API_Regression_Suite","2026-03-25","skipped","2026-03-25","autochek_api_negative.InventoryService.DynamicResponseNegative","Autochek_API_Automation","autochek_api_negative.InventoryService.DynamicResponseNegative","GetInspectionRequestNegative"
"","0","PostLogoutV2 - Valid refresh token with ""all"": false — logout current session only","API_Regression_Suite","2026-03-25","skipped","2026-03-25","autochek_api_positive.UserService.UserServiceV2","Autochek_API_Automation","autochek_api_positive.UserService.UserServiceV2","PostLogoutV2"
"Validates GET /v1/inventory/model with dynamic parameters - Positive Test","0","GetModelList - Validate exclusion of make.name while including make.id","API_Regression_Suite","2026-03-25","skipped","2026-03-25","autochek_api_positive.InventoryService.DynamicResponsePositive","Autochek_API_Automation","autochek_api_positive.InventoryService.DynamicResponsePositive","GetModelList"
"Validates GET /v1/inventory/trims with dynamic parameters - Negative Test","0","GetTrimsNegative - Validate response when passing null as field","API_Regression_Suite","2026-03-25","skipped","2026-03-25","autochek_api_negative.InventoryService.DynamicResponseNegative","Autochek_API_Automation","autochek_api_negative.InventoryService.DynamicResponseNegative","GetTrimsNegative"
"","419","GetFranchiseList - status is special characters","API_Regression_Suite","2026-03-25","passed","2026-03-25","autochek_api_negative.UserService.UserServiceNegative","Autochek_API_Automation","autochek_api_negative.UserService.UserServiceNegative","GetFranchiseList"
"","449","UpdateFranchise - address as boolean","API_Regression_Suite","2026-03-25","passed","2026-03-25","autochek_api_negative.UserService.UserServiceNegative","Autochek_API_Automation","autochek_api_negative.UserService.UserServiceNegative","UpdateFranchise"
"","1","PostLookUpV2Negative - Send XSS payload as token","API_Regression_Suite","2026-03-25","skipped","2026-03-25","autochek_api_negative.UserService.UserServiceV2Negative","Autochek_API_Automation","autochek_api_negative.UserService.UserServiceV2Negative","PostLookUpV2Negative"
"","7734","CreateFranchise - latitude = special char","API_Regression_Suite","2026-03-25","passed","2026-03-25","autochek_api_negative.UserService.UserServiceNegative","Autochek_API_Automation","autochek_api_negative.UserService.UserServiceNegative","CreateFranchise"
"","659","CreateFranchise - onboarding_source is array","API_Regression_Suite","2026-03-25","passed","2026-03-25","autochek_api_negative.UserService.UserServiceNegative","Autochek_API_Automation","autochek_api_negative.UserService.UserServiceNegative","CreateFranchise"
"Update System Config dynamically for PASSWORD_POLICY or USER_SESSION","0","PatchSystemConfigV2 - REQUIRE_SPECIAL_CHAR special characters","API_Regression_Suite","2026-03-25","skipped","2026-03-25","autochek_api_negative.UserService.UserServiceV2Negative","Autochek_API_Automation","autochek_api_negative.UserService.UserServiceV2Negative","PatchSystemConfigV2"
"Validates GET /v1/inspection with dynamic parameters - Negative Test","0","GetInspectionNegative - Validate API fails when using special characters in fields","API_Regression_Suite","2026-03-25","skipped","2026-03-25","autochek_api_negative.InventoryService.DynamicResponseNegative","Autochek_API_Automation","autochek_api_negative.InventoryService.DynamicResponseNegative","GetInspectionNegative"
"","595","UpdateFranchise - house_no is boolean true","API_Regression_Suite","2026-03-25","passed","2026-03-25","autochek_api_negative.UserService.UserServiceNegative","Autochek_API_Automation","autochek_api_negative.UserService.UserServiceNegative","UpdateFranchise"
"Validates GET /v1/inventory/model with dynamic parameters - Positive Test","1","GetModelList - Validate both fields and relations used together","API_Regression_Suite","2026-03-25","skipped","2026-03-25","autochek_api_positive.InventoryService.DynamicResponsePositive","Autochek_API_Automation","autochek_api_positive.InventoryService.DynamicResponsePositive","GetModelList"
"","0","PostLogoutV2Negative - Send special characters as refreshToken","API_Regression_Suite","2026-03-25","skipped","2026-03-25","autochek_api_negative.UserService.UserServiceV2Negative","Autochek_API_Automation","autochek_api_negative.UserService.UserServiceV2Negative","PostLogoutV2Negative"
"Get Offer Details by OfferID","506","GetOffersByIdNegative - offer_id with only special characters","API_Regression_Suite","2026-03-25","passed","2026-03-25","autochek_api_negative.OriginationService.ResponsePayloadReductionV2APIsNegative","Autochek_API_Automation","autochek_api_negative.OriginationService.ResponsePayloadReductionV2APIsNegative","GetOffersByIdNegative"
"Submit Loan Customer Preferences","506","SubmitLoanPreferencesNegative - monthlyPayment alphanumeric","API_Regression_Suite","2026-03-25","failed","2026-03-25","autochek_api_negative.OfferSimulation.OfferSimulationNegative","Autochek_API_Automation","autochek_api_negative.OfferSimulation.OfferSimulationNegative","SubmitLoanPreferencesNegative"
"","789","CreateFranchise - owner is boolean string","API_Regression_Suite","2026-03-25","passed","2026-03-25","autochek_api_negative.UserService.UserServiceNegative","Autochek_API_Automation","autochek_api_negative.UserService.UserServiceNegative","CreateFranchise"
"Submit Loan Customer Preferences","397","SubmitLoanPreferencesNegative - monthlyPayment very large number","API_Regression_Suite","2026-03-25","failed","2026-03-25","autochek_api_negative.OfferSimulation.OfferSimulationNegative","Autochek_API_Automation","autochek_api_negative.OfferSimulation.OfferSimulationNegative","SubmitLoanPreferencesNegative"
"Update System Config dynamically for PASSWORD_POLICY or USER_SESSION","0","PatchSystemConfigV2 - REQUIRE_UPPERCASE special characters","API_Regression_Suite","2026-03-25","skipped","2026-03-25","autochek_api_negative.UserService.UserServiceV2Negative","Autochek_API_Automation","autochek_api_negative.UserService.UserServiceV2Negative","PatchSystemConfigV2"
"Validates GET /v1/inventory/make with dynamic fields filtering - Positive Test","0","GetMake - Verify response returns only id, name fields (exclude imageUrl)","API_Regression_Suite","2026-03-25","skipped","2026-03-25","autochek_api_positive.InventoryService.DynamicResponsePositive","Autochek_API_Automation","autochek_api_positive.InventoryService.DynamicResponsePositive","GetMake"
"Create Inspection for the carID generated in Car Creation","0","PostCreateInspection - Too short inspection_request_id","API_Regression_Suite","2026-03-25","skipped","2026-03-25","autochek_api_negative.DetachTyresSpecification.DetachTyresSpecificationNegative","Autochek_API_Automation","autochek_api_negative.DetachTyresSpecification.DetachTyresSpecificationNegative","PostCreateInspection"
"Update System Config dynamically for PASSWORD_POLICY or USER_SESSION","0","PatchSystemConfigV2 - REQUIRE_NUMBER special characters","API_Regression_Suite","2026-03-25","skipped","2026-03-25","autochek_api_negative.UserService.UserServiceV2Negative","Autochek_API_Automation","autochek_api_negative.UserService.UserServiceV2Negative","PatchSystemConfigV2"
"Negative test for Create System Config V2","0","PostSystemConfigV2 - Update maximum concurrent sessions to 2","API_Regression_Suite","2026-03-25","skipped","2026-03-25","autochek_api_negative.UserService.UserServiceV2Negative","Autochek_API_Automation","autochek_api_negative.UserService.UserServiceV2Negative","PostSystemConfigV2"
"Submit Loan Customer Preferences","393","SubmitLoanPreferencesNegative - equityContribution decimal value","API_Regression_Suite","2026-03-25","failed","2026-03-25","autochek_api_negative.OfferSimulation.OfferSimulationNegative","Autochek_API_Automation","autochek_api_negative.OfferSimulation.OfferSimulationNegative","SubmitLoanPreferencesNegative"
"Create Inspection for the carID generated in Car Creation","0","PostCreateInspection - Invalid code shorter than 2 chars","API_Regression_Suite","2026-03-25","skipped","2026-03-25","autochek_api_negative.DetachTyresSpecification.DetachTyresSpecificationNegative","Autochek_API_Automation","autochek_api_negative.DetachTyresSpecification.DetachTyresSpecificationNegative","PostCreateInspection"
"Update System Config dynamically for PASSWORD_POLICY or USER_SESSION","1","PatchSystemConfigV2 - MIN_LENGTH empty","API_Regression_Suite","2026-03-25","skipped","2026-03-25","autochek_api_negative.UserService.UserServiceV2Negative","Autochek_API_Automation","autochek_api_negative.UserService.UserServiceV2Negative","PatchSystemConfigV2"
"","449","UpdateFranchise - latitude = false","API_Regression_Suite","2026-03-25","passed","2026-03-25","autochek_api_negative.UserService.UserServiceNegative","Autochek_API_Automation","autochek_api_negative.UserService.UserServiceNegative","UpdateFranchise"
"","457","UpdateFranchise - city ID is an array","API_Regression_Suite","2026-03-25","passed","2026-03-25","autochek_api_negative.UserService.UserServiceNegative","Autochek_API_Automation","autochek_api_negative.UserService.UserServiceNegative","UpdateFranchise"
"","417","CreateFranchise - owner with comma-separated string","API_Regression_Suite","2026-03-25","passed","2026-03-25","autochek_api_negative.UserService.UserServiceNegative","Autochek_API_Automation","autochek_api_negative.UserService.UserServiceNegative","CreateFranchise"
"Validates GET /v1/inventory/car with dynamic parameters - Negative Test","0","GetCarListNegative - Pass invalid structure in relations","API_Regression_Suite","2026-03-25","skipped","2026-03-25","autochek_api_negative.InventoryService.DynamicResponseNegative","Autochek_API_Automation","autochek_api_negative.InventoryService.DynamicResponseNegative","GetCarListNegative"
"Submit Loan Customer Preferences","12099","SubmitLoanPreferencesNegative - upfrontTyres SQL injection","API_Regression_Suite","2026-03-25","passed","2026-03-25","autochek_api_negative.OfferSimulation.OfferSimulationNegative","Autochek_API_Automation","autochek_api_negative.OfferSimulation.OfferSimulationNegative","SubmitLoanPreferencesNegative"
"","717","CreateFranchise - email with invalid characters","API_Regression_Suite","2026-03-25","passed","2026-03-25","autochek_api_negative.UserService.UserServiceNegative","Autochek_API_Automation","autochek_api_negative.UserService.UserServiceNegative","CreateFranchise"
"Negative test for Create System Config V2","0","PostSystemConfigV2 - MAX_LENGTH less than MIN_LENGTH","API_Regression_Suite","2026-03-25","skipped","2026-03-25","autochek_api_negative.UserService.UserServiceV2Negative","Autochek_API_Automation","autochek_api_negative.UserService.UserServiceV2Negative","PostSystemConfigV2"
"Validates GET /v1/inventory/model with dynamic parameters - Positive Test","0","GetModelList - Validate multiple fields id,name are returned","API_Regression_Suite","2026-03-25","skipped","2026-03-25","autochek_api_positive.InventoryService.DynamicResponsePositive","Autochek_API_Automation","autochek_api_positive.InventoryService.DynamicResponsePositive","GetModelList"
"","753","CreateFranchise - latitude = object","API_Regression_Suite","2026-03-25","passed","2026-03-25","autochek_api_negative.UserService.UserServiceNegative","Autochek_API_Automation","autochek_api_negative.UserService.UserServiceNegative","CreateFranchise"
"Validates GET /v2/origination/partners with dynamic parameters - Positive Test","4518","GetPartnersListNegative - country is special characters","API_Regression_Suite","2026-03-25","passed","2026-03-25","autochek_api_negative.OriginationService.ResponsePayloadReductionV2APIsNegative","Autochek_API_Automation","autochek_api_negative.OriginationService.ResponsePayloadReductionV2APIsNegative","GetPartnersListNegative"
"Validates GET /v1/inventory/car with dynamic parameters - Negative Test","1","GetCarListNegative - Validate API fails when mixing valid and invalid relation paths","API_Regression_Suite","2026-03-25","skipped","2026-03-25","autochek_api_negative.InventoryService.DynamicResponseNegative","Autochek_API_Automation","autochek_api_negative.InventoryService.DynamicResponseNegative","GetCarListNegative"
"","754","submitLoanPreference - Omit tyreQuantity","API_Regression_Suite","2026-03-25","passed","2026-03-25","autochek_api_positive.OfferSimulation.OfferSimulationPositive","Autochek_API_Automation","autochek_api_positive.OfferSimulation.OfferSimulationPositive","submitLoanPreference"
"","483","UpdateFranchise - is_anchor = {}","API_Regression_Suite","2026-03-25","passed","2026-03-25","autochek_api_negative.UserService.UserServiceNegative","Autochek_API_Automation","autochek_api_negative.UserService.UserServiceNegative","UpdateFranchise"
"","0","PostRefreshV2Negative - Send refresh token containing special characters","API_Regression_Suite","2026-03-25","skipped","2026-03-25","autochek_api_negative.UserService.UserServiceV2Negative","Autochek_API_Automation","autochek_api_negative.UserService.UserServiceV2Negative","PostRefreshV2Negative"
"Validates GET /v1/inventory/model with dynamic parameters - Positive Test","0","GetModelList - Validate relations parameter includes make object","API_Regression_Suite","2026-03-25","skipped","2026-03-25","autochek_api_positive.InventoryService.DynamicResponsePositive","Autochek_API_Automation","autochek_api_positive.InventoryService.DynamicResponsePositive","GetModelList"
"Update System Config dynamically for PASSWORD_POLICY or USER_SESSION","0","PatchSystemConfigV2 - MAX_LENGTH less than MIN_LENGTH","API_Regression_Suite","2026-03-25","skipped","2026-03-25","autochek_api_negative.UserService.UserServiceV2Negative","Autochek_API_Automation","autochek_api_negative.UserService.UserServiceV2Negative","PatchSystemConfigV2"
"Update Car and Validate Response","0","PutUpdateCar - is_draft as empty","API_Regression_Suite","2026-03-25","skipped","2026-03-25","autochek_api_negative.DetachTyresSpecification.DetachTyresSpecificationNegative","Autochek_API_Automation","autochek_api_negative.DetachTyresSpecification.DetachTyresSpecificationNegative","PutUpdateCar"
"","714","CreateFranchise - street_name is null","API_Regression_Suite","2026-03-25","passed","2026-03-25","autochek_api_negative.UserService.UserServiceNegative","Autochek_API_Automation","autochek_api_negative.UserService.UserServiceNegative","CreateFranchise"
"Validates GET /v1/inventory/model with dynamic parameters - Positive Test","0","GetModelList - Validate only make.name is returned inside make","API_Regression_Suite","2026-03-25","skipped","2026-03-25","autochek_api_positive.InventoryService.DynamicResponsePositive","Autochek_API_Automation","autochek_api_positive.InventoryService.DynamicResponsePositive","GetModelList"
"Create Inspection for the carID generated in Car Creation","0","PostCreateInspection - Decimal number","API_Regression_Suite","2026-03-25","skipped","2026-03-25","autochek_api_negative.DetachTyresSpecification.DetachTyresSpecificationNegative","Autochek_API_Automation","autochek_api_negative.DetachTyresSpecification.DetachTyresSpecificationNegative","PostCreateInspection"
"Update System Config dynamically for PASSWORD_POLICY or USER_SESSION","0","PatchSystemConfigV2 - REQUIRE_LOWERCASE null value","API_Regression_Suite","2026-03-25","skipped","2026-03-25","autochek_api_negative.UserService.UserServiceV2Negative","Autochek_API_Automation","autochek_api_negative.UserService.UserServiceV2Negative","PatchSystemConfigV2"
"Create Inspection for the carID generated in Car Creation","0","PostCreateInspection - Trailing spaces in form_id","API_Regression_Suite","2026-03-25","skipped","2026-03-25","autochek_api_negative.DetachTyresSpecification.DetachTyresSpecificationNegative","Autochek_API_Automation","autochek_api_negative.DetachTyresSpecification.DetachTyresSpecificationNegative","PostCreateInspection"
"Validates GET /v1/inventory/model with dynamic parameters - Negative Test","0","GetModelListNegative - Pass special chars in relation","API_Regression_Suite","2026-03-25","skipped","2026-03-25","autochek_api_negative.InventoryService.DynamicResponseNegative","Autochek_API_Automation","autochek_api_negative.InventoryService.DynamicResponseNegative","GetModelListNegative"
"Validates GET /v2/origination/partners with dynamic parameters - Positive Test","486","GetPartnersListNegative - page_size is zero","API_Regression_Suite","2026-03-25","passed","2026-03-25","autochek_api_negative.OriginationService.ResponsePayloadReductionV2APIsNegative","Autochek_API_Automation","autochek_api_negative.OriginationService.ResponsePayloadReductionV2APIsNegative","GetPartnersListNegative"
"Negative test for Create System Config V2","0","PostSystemConfigV2 - REQUIRE_UPPERCASE array structure passed","API_Regression_Suite","2026-03-25","skipped","2026-03-25","autochek_api_negative.UserService.UserServiceV2Negative","Autochek_API_Automation","autochek_api_negative.UserService.UserServiceV2Negative","PostSystemConfigV2"
"","2757","CreateFranchise - onboarding_source is boolean false","API_Regression_Suite","2026-03-25","passed","2026-03-25","autochek_api_negative.UserService.UserServiceNegative","Autochek_API_Automation","autochek_api_negative.UserService.UserServiceNegative","CreateFranchise"
"","0","PostLogoutAllAdminNegative - userId as null","API_Regression_Suite","2026-03-25","skipped","2026-03-25","autochek_api_negative.UserService.UserServiceV2Negative","Autochek_API_Automation","autochek_api_negative.UserService.UserServiceV2Negative","PostLogoutAllAdminNegative"
"Submit Loan Customer Preferences","8503","SubmitLoanPreferencesNegative - upfrontTyres special characters","API_Regression_Suite","2026-03-25","passed","2026-03-25","autochek_api_negative.OfferSimulation.OfferSimulationNegative","Autochek_API_Automation","autochek_api_negative.OfferSimulation.OfferSimulationNegative","SubmitLoanPreferencesNegative"
"Submit Loan Customer Preferences","381","SubmitLoanPreferencesNegative - dealDiscount no %","API_Regression_Suite","2026-03-25","failed","2026-03-25","autochek_api_negative.OfferSimulation.OfferSimulationNegative","Autochek_API_Automation","autochek_api_negative.OfferSimulation.OfferSimulationNegative","SubmitLoanPreferencesNegative"
"Update System Config dynamically for PASSWORD_POLICY or USER_SESSION","0","PatchSystemConfigV2 - REQUIRE_SPECIAL_CHAR empty value","API_Regression_Suite","2026-03-25","skipped","2026-03-25","autochek_api_negative.UserService.UserServiceV2Negative","Autochek_API_Automation","autochek_api_negative.UserService.UserServiceV2Negative","PatchSystemConfigV2"
"Create Car and Validate Response","0","CreateCar - Verify car creation with fuel type diesel","API_Regression_Suite","2026-03-25","skipped","2026-03-25","autochek_api_positive.DetachTyreSpecification.DetachTyreSpecificationPositive","Autochek_API_Automation","autochek_api_positive.DetachTyreSpecification.DetachTyreSpecificationPositive","CreateCar"
"Validates GET /v1/inventory/make with dynamic fields filtering","0","GetMakeNegative - Pass excluded field that doesn’t exist","API_Regression_Suite","2026-03-25","skipped","2026-03-25","autochek_api_negative.InventoryService.DynamicResponseNegative","Autochek_API_Automation","autochek_api_negative.InventoryService.DynamicResponseNegative","GetMakeNegative"
"","441","UpdateFranchise - city is null","API_Regression_Suite","2026-03-25","passed","2026-03-25","autochek_api_negative.UserService.UserServiceNegative","Autochek_API_Automation","autochek_api_negative.UserService.UserServiceNegative","UpdateFranchise"
"","718","CreateFranchise - phone is null","API_Regression_Suite","2026-03-25","passed","2026-03-25","autochek_api_negative.UserService.UserServiceNegative","Autochek_API_Automation","autochek_api_negative.UserService.UserServiceNegative","CreateFranchise"
"","410","GetFranchiseList - country is array","API_Regression_Suite","2026-03-25","passed","2026-03-25","autochek_api_negative.UserService.UserServiceNegative","Autochek_API_Automation","autochek_api_negative.UserService.UserServiceNegative","GetFranchiseList"
"Validates GET /v1/inspection with dynamic parameters - Negative Test","1","GetInspectionNegative - Validate API fails when requesting invalid relation path","API_Regression_Suite","2026-03-25","skipped","2026-03-25","autochek_api_negative.InventoryService.DynamicResponseNegative","Autochek_API_Automation","autochek_api_negative.InventoryService.DynamicResponseNegative","GetInspectionNegative"
"Validates GET /v1/inventory/body_type with dynamic parameters - Negative Test","0","GetBodyTypeNegative - Mix case sensitivity (upper vs lower)","API_Regression_Suite","2026-03-25","skipped","2026-03-25","autochek_api_negative.InventoryService.DynamicResponseNegative","Autochek_API_Automation","autochek_api_negative.InventoryService.DynamicResponseNegative","GetBodyTypeNegative"
"Validates GET /v1/inventory/inspection_request with dynamic parameters - Positive Test","0","GetInspectionRequest - Validate only id field is returned","API_Regression_Suite","2026-03-25","skipped","2026-03-25","autochek_api_positive.InventoryService.DynamicResponsePositive","Autochek_API_Automation","autochek_api_positive.InventoryService.DynamicResponsePositive","GetInspectionRequest"
"","395","submitLoanPreference - Upfront vehicle registration FALSE","API_Regression_Suite","2026-03-25","passed","2026-03-25","autochek_api_positive.OfferSimulation.OfferSimulationPositive","Autochek_API_Automation","autochek_api_positive.OfferSimulation.OfferSimulationPositive","submitLoanPreference"
"Update System Config dynamically for PASSWORD_POLICY or USER_SESSION","0","PatchSystemConfigV2 - DISALLOW_WHITESPACES zero value","API_Regression_Suite","2026-03-25","skipped","2026-03-25","autochek_api_negative.UserService.UserServiceV2Negative","Autochek_API_Automation","autochek_api_negative.UserService.UserServiceV2Negative","PatchSystemConfigV2"
"Submit Loan Customer Preferences","467","SubmitLoanPreferencesNegative - upfrontCreditLifeInsurance blank","API_Regression_Suite","2026-03-25","failed","2026-03-25","autochek_api_negative.OfferSimulation.OfferSimulationNegative","Autochek_API_Automation","autochek_api_negative.OfferSimulation.OfferSimulationNegative","SubmitLoanPreferencesNegative"
"Submit Loan Customer Preferences","405","SubmitLoanPreferencesNegative - upfrontVehicleRegistration random text","API_Regression_Suite","2026-03-25","failed","2026-03-25","autochek_api_negative.OfferSimulation.OfferSimulationNegative","Autochek_API_Automation","autochek_api_negative.OfferSimulation.OfferSimulationNegative","SubmitLoanPreferencesNegative"
"Submit Loan Customer Preferences","597","SubmitLoanPreferencesNegative - upfrontVehicleRegistration numeric 1","API_Regression_Suite","2026-03-25","failed","2026-03-25","autochek_api_negative.OfferSimulation.OfferSimulationNegative","Autochek_API_Automation","autochek_api_negative.OfferSimulation.OfferSimulationNegative","SubmitLoanPreferencesNegative"
"Accept Simulation Offer","500","AcceptOfferNegative - Send loan_id as numeric only","API_Regression_Suite","2026-03-25","passed","2026-03-25","autochek_api_negative.OfferSimulation.OfferSimulationNegative","Autochek_API_Automation","autochek_api_negative.OfferSimulation.OfferSimulationNegative","AcceptOfferNegative"
"Submit Loan Customer Preferences","969","SubmitLoanPreferencesNegative - upfrontVehicleRegistration string instead boolean","API_Regression_Suite","2026-03-25","failed","2026-03-25","autochek_api_negative.OfferSimulation.OfferSimulationNegative","Autochek_API_Automation","autochek_api_negative.OfferSimulation.OfferSimulationNegative","SubmitLoanPreferencesNegative"
"","944","UpdateFranchise - name is too long","API_Regression_Suite","2026-03-25","passed","2026-03-25","autochek_api_negative.UserService.UserServiceNegative","Autochek_API_Automation","autochek_api_negative.UserService.UserServiceNegative","UpdateFranchise"
"Submit Loan Customer Preferences","475","SubmitLoanPreferencesNegative - monthlyPayment blank","API_Regression_Suite","2026-03-25","failed","2026-03-25","autochek_api_negative.OfferSimulation.OfferSimulationNegative","Autochek_API_Automation","autochek_api_negative.OfferSimulation.OfferSimulationNegative","SubmitLoanPreferencesNegative"
"","769","CreateFranchise - address is empty","API_Regression_Suite","2026-03-25","passed","2026-03-25","autochek_api_negative.UserService.UserServiceNegative","Autochek_API_Automation","autochek_api_negative.UserService.UserServiceNegative","CreateFranchise"
"Create Inspection for the carID generated in Car Creation","1","PostCreateInspection - Invalid code longer than 2 chars","API_Regression_Suite","2026-03-25","skipped","2026-03-25","autochek_api_negative.DetachTyresSpecification.DetachTyresSpecificationNegative","Autochek_API_Automation","autochek_api_negative.DetachTyresSpecification.DetachTyresSpecificationNegative","PostCreateInspection"
"Fetching loan by ID","521","GetLoanByIdNegative - Send loan_id as numeric only","API_Regression_Suite","2026-03-25","passed","2026-03-25","autochek_api_negative.OriginationService.ResponsePayloadReductionV2APIsNegative","Autochek_API_Automation","autochek_api_negative.OriginationService.ResponsePayloadReductionV2APIsNegative","GetLoanByIdNegative"
"","794","CreateFranchise - longitude is null","API_Regression_Suite","2026-03-25","passed","2026-03-25","autochek_api_negative.UserService.UserServiceNegative","Autochek_API_Automation","autochek_api_negative.UserService.UserServiceNegative","CreateFranchise"
"","1","PostLogoutAllAdmin - User sends valid userId","API_Regression_Suite","2026-03-25","skipped","2026-03-25","autochek_api_positive.UserService.UserServiceV2","Autochek_API_Automation","autochek_api_positive.UserService.UserServiceV2","PostLogoutAllAdmin"
"Submit Loan Customer Preferences","8504","SubmitLoanPreferencesNegative - tyreQuantity blank","API_Regression_Suite","2026-03-25","passed","2026-03-25","autochek_api_negative.OfferSimulation.OfferSimulationNegative","Autochek_API_Automation","autochek_api_negative.OfferSimulation.OfferSimulationNegative","SubmitLoanPreferencesNegative"
"Validates GET /v1/inventory/body_type with dynamic parameters - Positive Test","0","GetBodyType - Validate id and name fields are returned","API_Regression_Suite","2026-03-25","skipped","2026-03-25","autochek_api_positive.InventoryService.DynamicResponsePositive","Autochek_API_Automation","autochek_api_positive.InventoryService.DynamicResponsePositive","GetBodyType"
"Create Car and Validate Response","1","CreateCar - Verify car creation with image_url in .jpg format","API_Regression_Suite","2026-03-25","skipped","2026-03-25","autochek_api_positive.DetachTyreSpecification.DetachTyreSpecificationPositive","Autochek_API_Automation","autochek_api_positive.DetachTyreSpecification.DetachTyreSpecificationPositive","CreateCar"
"Negative test for Create System Config V2","0","PostSystemConfigV2 - MAX_LENGTH huge number","API_Regression_Suite","2026-03-25","skipped","2026-03-25","autochek_api_negative.UserService.UserServiceV2Negative","Autochek_API_Automation","autochek_api_negative.UserService.UserServiceV2Negative","PostSystemConfigV2"
"","662","CreateFranchise - onboarding_source is numeric","API_Regression_Suite","2026-03-25","passed","2026-03-25","autochek_api_negative.UserService.UserServiceNegative","Autochek_API_Automation","autochek_api_negative.UserService.UserServiceNegative","CreateFranchise"
"","435","UpdateFranchise - name has only special characters","API_Regression_Suite","2026-03-25","passed","2026-03-25","autochek_api_negative.UserService.UserServiceNegative","Autochek_API_Automation","autochek_api_negative.UserService.UserServiceNegative","UpdateFranchise"
"Validates GET /v1/inventory/car with dynamic parameters - Positive Test","0","GetCarList - Validate response contains only top-level fields (id,year) without relations","API_Regression_Suite","2026-03-25","skipped","2026-03-25","autochek_api_positive.InventoryService.DynamicResponsePositive","Autochek_API_Automation","autochek_api_positive.InventoryService.DynamicResponsePositive","GetCarList"
"","796","CreateFranchise - country is null","API_Regression_Suite","2026-03-25","passed","2026-03-25","autochek_api_negative.UserService.UserServiceNegative","Autochek_API_Automation","autochek_api_negative.UserService.UserServiceNegative","CreateFranchise"
"Validates GET /v1/inventory/obds with dynamic parameters - Negative Test","0","GetObdsNegative - SQL injection in fields","API_Regression_Suite","2026-03-25","skipped","2026-03-25","autochek_api_negative.InventoryService.DynamicResponseNegative","Autochek_API_Automation","autochek_api_negative.InventoryService.DynamicResponseNegative","GetObdsNegative"
"Negative test for Create System Config V2","0","PostSystemConfigV2 - DISALLOW_WHITESPACES special characters","API_Regression_Suite","2026-03-25","skipped","2026-03-25","autochek_api_negative.UserService.UserServiceV2Negative","Autochek_API_Automation","autochek_api_negative.UserService.UserServiceV2Negative","PostSystemConfigV2"
"","441","GetFranchiseByID - boolean false as string","API_Regression_Suite","2026-03-25","passed","2026-03-25","autochek_api_negative.UserService.UserServiceNegative","Autochek_API_Automation","autochek_api_negative.UserService.UserServiceNegative","GetFranchiseByID"
"Create Inspection for the carID generated in Car Creation","1","PostCreateInspection - Special characters only","API_Regression_Suite","2026-03-25","skipped","2026-03-25","autochek_api_negative.DetachTyresSpecification.DetachTyresSpecificationNegative","Autochek_API_Automation","autochek_api_negative.DetachTyresSpecification.DetachTyresSpecificationNegative","PostCreateInspection"
"Submit Loan Customer Preferences","9627","SubmitLoanPreferencesNegative - tyreQuantity extremely large number","API_Regression_Suite","2026-03-25","passed","2026-03-25","autochek_api_negative.OfferSimulation.OfferSimulationNegative","Autochek_API_Automation","autochek_api_negative.OfferSimulation.OfferSimulationNegative","SubmitLoanPreferencesNegative"
"Negative test for Create System Config V2","0","PostSystemConfigV2 - MAX_LENGTH null","API_Regression_Suite","2026-03-25","skipped","2026-03-25","autochek_api_negative.UserService.UserServiceV2Negative","Autochek_API_Automation","autochek_api_negative.UserService.UserServiceV2Negative","PostSystemConfigV2"
"","432","UpdateFranchise - latitude = special char","API_Regression_Suite","2026-03-25","passed","2026-03-25","autochek_api_negative.UserService.UserServiceNegative","Autochek_API_Automation","autochek_api_negative.UserService.UserServiceNegative","UpdateFranchise"
"","734","CreateFranchise - latitude = array","API_Regression_Suite","2026-03-25","passed","2026-03-25","autochek_api_negative.UserService.UserServiceNegative","Autochek_API_Automation","autochek_api_negative.UserService.UserServiceNegative","CreateFranchise"
"","435","UpdateFranchise - address as object","API_Regression_Suite","2026-03-25","passed","2026-03-25","autochek_api_negative.UserService.UserServiceNegative","Autochek_API_Automation","autochek_api_negative.UserService.UserServiceNegative","UpdateFranchise"
"Validates GET /v2/origination/loans with dynamic parameters - Negative Test","484","GetLoansListNegative - page_size is null","API_Regression_Suite","2026-03-25","passed","2026-03-25","autochek_api_negative.OriginationService.ResponsePayloadReductionV2APIsNegative","Autochek_API_Automation","autochek_api_negative.OriginationService.ResponsePayloadReductionV2APIsNegative","GetLoansListNegative"
"","762","CreateFranchise - state is numeric","API_Regression_Suite","2026-03-25","passed","2026-03-25","autochek_api_negative.UserService.UserServiceNegative","Autochek_API_Automation","autochek_api_negative.UserService.UserServiceNegative","CreateFranchise"
"Negative test for Create System Config V2","1","PostSystemConfigV2 - REQUIRE_UPPERCASE string true instead of boolean","API_Regression_Suite","2026-03-25","skipped","2026-03-25","autochek_api_negative.UserService.UserServiceV2Negative","Autochek_API_Automation","autochek_api_negative.UserService.UserServiceV2Negative","PostSystemConfigV2"
"Validates GET /v1/inventory/body_type with dynamic parameters - Negative Test","0","GetBodyTypeNegative - Pass only whitespace in fields","API_Regression_Suite","2026-03-25","skipped","2026-03-25","autochek_api_negative.InventoryService.DynamicResponseNegative","Autochek_API_Automation","autochek_api_negative.InventoryService.DynamicResponseNegative","GetBodyTypeNegative"
"","427","UpdateFranchise - bank_name with newline","API_Regression_Suite","2026-03-25","passed","2026-03-25","autochek_api_negative.UserService.UserServiceNegative","Autochek_API_Automation","autochek_api_negative.UserService.UserServiceNegative","UpdateFranchise"
"Validates GET /v2/origination/offers with dynamic parameters - Positive Test","795","GetOffersList - country is UG","API_Regression_Suite","2026-03-25","passed","2026-03-25","autochek_api_positive.OriginationService.ResponsePayloadReductionV2APIs","Autochek_API_Automation","autochek_api_positive.OriginationService.ResponsePayloadReductionV2APIs","GetOffersList"
"Submit Loan Customer Preferences","410","SubmitLoanPreferencesNegative - desiredLoanCurrency mixed invalid","API_Regression_Suite","2026-03-25","failed","2026-03-25","autochek_api_negative.OfferSimulation.OfferSimulationNegative","Autochek_API_Automation","autochek_api_negative.OfferSimulation.OfferSimulationNegative","SubmitLoanPreferencesNegative"
"Delete USER_SESSION and PASSWORD_POLICY using stored IDs","0","DeleteSystemConfigs","API_Regression_Suite","2026-03-25","skipped","2026-03-25","autochek_api_positive.UserService.UserServiceV2","Autochek_API_Automation","autochek_api_positive.UserService.UserServiceV2","DeleteSystemConfigs"
"Delete USER_SESSION and PASSWORD_POLICY using stored IDs","0","deleteSystemConfigs - Delete with leading/trailing spaces in ID","API_Regression_Suite","2026-03-25","skipped","2026-03-25","autochek_api_negative.UserService.UserServiceV2Negative","Autochek_API_Automation","autochek_api_negative.UserService.UserServiceV2Negative","deleteSystemConfigs"
"Update Car and Validate Response","1","PutUpdateCar - license_plate as script injection","API_Regression_Suite","2026-03-25","skipped","2026-03-25","autochek_api_negative.DetachTyresSpecification.DetachTyresSpecificationNegative","Autochek_API_Automation","autochek_api_negative.DetachTyresSpecification.DetachTyresSpecificationNegative","PutUpdateCar"
"","0","GetMeV2 - Send valid access token in cookie → should return user profile details","API_Regression_Suite","2026-03-25","skipped","2026-03-25","autochek_api_positive.UserService.UserServiceV2","Autochek_API_Automation","autochek_api_positive.UserService.UserServiceV2","GetMeV2"
"Submit Loan Customer Preferences","398","SubmitLoanPreferencesNegative - residualPercentage null","API_Regression_Suite","2026-03-25","failed","2026-03-25","autochek_api_negative.OfferSimulation.OfferSimulationNegative","Autochek_API_Automation","autochek_api_negative.OfferSimulation.OfferSimulationNegative","SubmitLoanPreferencesNegative"
"","644","CreateFranchise - onboarding_source with whitespace only","API_Regression_Suite","2026-03-25","passed","2026-03-25","autochek_api_negative.UserService.UserServiceNegative","Autochek_API_Automation","autochek_api_negative.UserService.UserServiceNegative","CreateFranchise"
"Update System Config dynamically for PASSWORD_POLICY or USER_SESSION","0","PatchSystemConfigV2 - REQUIRE_LOWERCASE special characters","API_Regression_Suite","2026-03-25","skipped","2026-03-25","autochek_api_negative.UserService.UserServiceV2Negative","Autochek_API_Automation","autochek_api_negative.UserService.UserServiceV2Negative","PatchSystemConfigV2"
"Get the list of Tyre brands","409","GetTyreBrandsNegative - Send boolean value","API_Regression_Suite","2026-03-25","passed","2026-03-25","autochek_api_negative.OfferSimulation.OfferSimulationNegative","Autochek_API_Automation","autochek_api_negative.OfferSimulation.OfferSimulationNegative","GetTyreBrandsNegative"
"","1","GetMeV2Negative - Send invalid (tampered) access token","API_Regression_Suite","2026-03-25","skipped","2026-03-25","autochek_api_negative.UserService.UserServiceV2Negative","Autochek_API_Automation","autochek_api_negative.UserService.UserServiceV2Negative","GetMeV2Negative"
"Get TyreSpecs Details by Car ID","0","GetTyreSpecs - car_id invalid mix of symbols and letters","API_Regression_Suite","2026-03-25","skipped","2026-03-25","autochek_api_negative.DetachTyresSpecification.DetachTyresSpecificationNegative","Autochek_API_Automation","autochek_api_negative.DetachTyresSpecification.DetachTyresSpecificationNegative","GetTyreSpecs"
"Accept Simulation Offer","701","AcceptOfferNegative - HTML tag injection","API_Regression_Suite","2026-03-25","passed","2026-03-25","autochek_api_negative.OfferSimulation.OfferSimulationNegative","Autochek_API_Automation","autochek_api_negative.OfferSimulation.OfferSimulationNegative","AcceptOfferNegative"
"Update System Config dynamically for PASSWORD_POLICY or USER_SESSION","0","PatchSystemConfigV2 - REQUIRE_SPECIAL_CHAR string true instead of boolean","API_Regression_Suite","2026-03-25","skipped","2026-03-25","autochek_api_negative.UserService.UserServiceV2Negative","Autochek_API_Automation","autochek_api_negative.UserService.UserServiceV2Negative","PatchSystemConfigV2"
"","0","PostDisableUserV2Negative - Send XSS payload as userId","API_Regression_Suite","2026-03-25","skipped","2026-03-25","autochek_api_negative.UserService.UserServiceV2Negative","Autochek_API_Automation","autochek_api_negative.UserService.UserServiceV2Negative","PostDisableUserV2Negative"
"Validates GET /v1/inventory/inspection_request with dynamic parameters - Positive Test","0","GetInspectionRequest - Validate only id and carTitle fields are returned","API_Regression_Suite","2026-03-25","skipped","2026-03-25","autochek_api_positive.InventoryService.DynamicResponsePositive","Autochek_API_Automation","autochek_api_positive.InventoryService.DynamicResponsePositive","GetInspectionRequest"
"","716","CreateFranchise - city ID is empty string","API_Regression_Suite","2026-03-25","passed","2026-03-25","autochek_api_negative.UserService.UserServiceNegative","Autochek_API_Automation","autochek_api_negative.UserService.UserServiceNegative","CreateFranchise"
"Validates GET /v2/origination/loans/{loan_id}/accepted-offer - Negative Test","493","GetAcceptedOfferByLoanIdNegative - Script injection (XSS attempt)","API_Regression_Suite","2026-03-25","passed","2026-03-25","autochek_api_negative.OriginationService.ResponsePayloadReductionV2APIsNegative","Autochek_API_Automation","autochek_api_negative.OriginationService.ResponsePayloadReductionV2APIsNegative","GetAcceptedOfferByLoanIdNegative"
"","435","UpdateFranchise - latitude = null","API_Regression_Suite","2026-03-25","passed","2026-03-25","autochek_api_negative.UserService.UserServiceNegative","Autochek_API_Automation","autochek_api_negative.UserService.UserServiceNegative","UpdateFranchise"
"Create Inspection for the carID generated in Car Creation","0","PostCreateInspection - Too short format","API_Regression_Suite","2026-03-25","skipped","2026-03-25","autochek_api_negative.DetachTyresSpecification.DetachTyresSpecificationNegative","Autochek_API_Automation","autochek_api_negative.DetachTyresSpecification.DetachTyresSpecificationNegative","PostCreateInspection"
"Update Car and Validate Response","0","PutUpdateCar - address with whitespace only","API_Regression_Suite","2026-03-25","skipped","2026-03-25","autochek_api_negative.DetachTyresSpecification.DetachTyresSpecificationNegative","Autochek_API_Automation","autochek_api_negative.DetachTyresSpecification.DetachTyresSpecificationNegative","PutUpdateCar"
"","754","CreateFranchise - display_address whitespace only","API_Regression_Suite","2026-03-25","passed","2026-03-25","autochek_api_negative.UserService.UserServiceNegative","Autochek_API_Automation","autochek_api_negative.UserService.UserServiceNegative","CreateFranchise"
"Validates GET /v2/origination/sources with dynamic parameters - Negative Test","500","GetSourcesListNegative - country is lowercase","API_Regression_Suite","2026-03-25","passed","2026-03-25","autochek_api_negative.OriginationService.ResponsePayloadReductionV2APIsNegative","Autochek_API_Automation","autochek_api_negative.OriginationService.ResponsePayloadReductionV2APIsNegative","GetSourcesListNegative"
"Update Car and Validate Response","1","PutUpdateCar - created_by invalid format with symbols","API_Regression_Suite","2026-03-25","skipped","2026-03-25","autochek_api_negative.DetachTyresSpecification.DetachTyresSpecificationNegative","Autochek_API_Automation","autochek_api_negative.DetachTyresSpecification.DetachTyresSpecificationNegative","PutUpdateCar"
"","708","CreateFranchise - account_bvn letters","API_Regression_Suite","2026-03-25","passed","2026-03-25","autochek_api_negative.UserService.UserServiceNegative","Autochek_API_Automation","autochek_api_negative.UserService.UserServiceNegative","CreateFranchise"
"","697","CreateFranchise - address as object","API_Regression_Suite","2026-03-25","passed","2026-03-25","autochek_api_negative.UserService.UserServiceNegative","Autochek_API_Automation","autochek_api_negative.UserService.UserServiceNegative","CreateFranchise"
"Submit Loan Customer Preferences","1104","SubmitLoanPreferencesNegative - upfrontWarranty SQL injection attempt","API_Regression_Suite","2026-03-25","passed","2026-03-25","autochek_api_negative.OfferSimulation.OfferSimulationNegative","Autochek_API_Automation","autochek_api_negative.OfferSimulation.OfferSimulationNegative","SubmitLoanPreferencesNegative"
"","437","CreateFranchise - owner is null","API_Regression_Suite","2026-03-25","passed","2026-03-25","autochek_api_negative.UserService.UserServiceNegative","Autochek_API_Automation","autochek_api_negative.UserService.UserServiceNegative","CreateFranchise"
"Reset PASSWORD_POLICY and USER_SESSION to original stored values","0","ResetSystemConfigsToOriginal","API_Regression_Suite","2026-03-25","skipped","2026-03-25","autochek_api_positive.UserService.UserServiceV2","Autochek_API_Automation","autochek_api_positive.UserService.UserServiceV2","ResetSystemConfigsToOriginal"
"","823","UpdateFranchise - display_address as number","API_Regression_Suite","2026-03-25","passed","2026-03-25","autochek_api_negative.UserService.UserServiceNegative","Autochek_API_Automation","autochek_api_negative.UserService.UserServiceNegative","UpdateFranchise"
"Update System Config dynamically for PASSWORD_POLICY or USER_SESSION","0","PatchSystemConfigV2 - DISALLOW_WHITESPACES special characters","API_Regression_Suite","2026-03-25","skipped","2026-03-25","autochek_api_negative.UserService.UserServiceV2Negative","Autochek_API_Automation","autochek_api_negative.UserService.UserServiceV2Negative","PatchSystemConfigV2"
"","446","GetFranchiseByID - sql injection attempt","API_Regression_Suite","2026-03-25","failed","2026-03-25","autochek_api_negative.UserService.UserServiceNegative","Autochek_API_Automation","autochek_api_negative.UserService.UserServiceNegative","GetFranchiseByID"
"Update Car and Validate Response","0","PutUpdateCar - state with numbers only","API_Regression_Suite","2026-03-25","skipped","2026-03-25","autochek_api_negative.DetachTyresSpecification.DetachTyresSpecificationNegative","Autochek_API_Automation","autochek_api_negative.DetachTyresSpecification.DetachTyresSpecificationNegative","PutUpdateCar"
"Create Inspection for the carID generated in Car Creation","0","PostCreateInspection - Numeric instead of boolean","API_Regression_Suite","2026-03-25","skipped","2026-03-25","autochek_api_negative.DetachTyresSpecification.DetachTyresSpecificationNegative","Autochek_API_Automation","autochek_api_negative.DetachTyresSpecification.DetachTyresSpecificationNegative","PostCreateInspection"
"Negative test for Create System Config V2","1","PostSystemConfigV2 - REQUIRE_SPECIAL_CHAR empty value","API_Regression_Suite","2026-03-25","skipped","2026-03-25","autochek_api_negative.UserService.UserServiceV2Negative","Autochek_API_Automation","autochek_api_negative.UserService.UserServiceV2Negative","PostSystemConfigV2"
"Validates GET /v1/inspection with dynamic parameters - Positive Test","1","GetInspection - Validate only id field is returned","API_Regression_Suite","2026-03-25","skipped","2026-03-25","autochek_api_positive.InventoryService.DynamicResponsePositive","Autochek_API_Automation","autochek_api_positive.InventoryService.DynamicResponsePositive","GetInspection"
"Submit Loan Customer Preferences","398","SubmitLoanPreferencesNegative - upfrontCreditLifeInsurance numeric instead of boolean","API_Regression_Suite","2026-03-25","failed","2026-03-25","autochek_api_negative.OfferSimulation.OfferSimulationNegative","Autochek_API_Automation","autochek_api_negative.OfferSimulation.OfferSimulationNegative","SubmitLoanPreferencesNegative"
"Update Car and Validate Response","0","PutUpdateCar - is_draft as null","API_Regression_Suite","2026-03-25","skipped","2026-03-25","autochek_api_negative.DetachTyresSpecification.DetachTyresSpecificationNegative","Autochek_API_Automation","autochek_api_negative.DetachTyresSpecification.DetachTyresSpecificationNegative","PutUpdateCar"
"","517","submitLoanPreference - Monthly payment less than 500000 (300000)","API_Regression_Suite","2026-03-25","passed","2026-03-25","autochek_api_positive.OfferSimulation.OfferSimulationPositive","Autochek_API_Automation","autochek_api_positive.OfferSimulation.OfferSimulationPositive","submitLoanPreference"
"","0","PostRefreshV2Negative - Send expired refresh token","API_Regression_Suite","2026-03-25","skipped","2026-03-25","autochek_api_negative.UserService.UserServiceV2Negative","Autochek_API_Automation","autochek_api_negative.UserService.UserServiceV2Negative","PostRefreshV2Negative"
"Get Offer Details by LoanID","1309","GetOffersByLoanId","API_Regression_Suite","2026-03-25","passed","2026-03-25","autochek_api_positive.OriginationService.ResponsePayloadReductionV2APIs","Autochek_API_Automation","autochek_api_positive.OriginationService.ResponsePayloadReductionV2APIs","GetOffersByLoanId"
"Submit Loan Customer Preferences","457","SubmitLoanPreferencesNegative - upfrontMaintenancePlan XSS injection","API_Regression_Suite","2026-03-25","failed","2026-03-25","autochek_api_negative.OfferSimulation.OfferSimulationNegative","Autochek_API_Automation","autochek_api_negative.OfferSimulation.OfferSimulationNegative","SubmitLoanPreferencesNegative"
"Update Car and Validate Response","0","PutUpdateCar - license_plate as numeric only","API_Regression_Suite","2026-03-25","skipped","2026-03-25","autochek_api_negative.DetachTyresSpecification.DetachTyresSpecificationNegative","Autochek_API_Automation","autochek_api_negative.DetachTyresSpecification.DetachTyresSpecificationNegative","PutUpdateCar"
"Delete USER_SESSION and PASSWORD_POLICY using stored IDs","0","deleteSystemConfigs - Delete with blank space ID","API_Regression_Suite","2026-03-25","skipped","2026-03-25","autochek_api_negative.UserService.UserServiceV2Negative","Autochek_API_Automation","autochek_api_negative.UserService.UserServiceV2Negative","deleteSystemConfigs"
"Validates GET /v1/inventory/body_type with dynamic parameters - Negative Test","0","GetBodyTypeNegative - Use extremely long random string as field","API_Regression_Suite","2026-03-25","skipped","2026-03-25","autochek_api_negative.InventoryService.DynamicResponseNegative","Autochek_API_Automation","autochek_api_negative.InventoryService.DynamicResponseNegative","GetBodyTypeNegative"
"Validates GET /v1/inventory/make with dynamic fields filtering - Positive Test","0","GetMake - Verify response returns id, name and excludes imageUrl","API_Regression_Suite","2026-03-25","skipped","2026-03-25","autochek_api_positive.InventoryService.DynamicResponsePositive","Autochek_API_Automation","autochek_api_positive.InventoryService.DynamicResponsePositive","GetMake"
"","732","CreateFranchise - name is too short","API_Regression_Suite","2026-03-25","passed","2026-03-25","autochek_api_negative.UserService.UserServiceNegative","Autochek_API_Automation","autochek_api_negative.UserService.UserServiceNegative","CreateFranchise"
"Update Car and Validate Response","0","PutUpdateCar - engine_number only special characters","API_Regression_Suite","2026-03-25","skipped","2026-03-25","autochek_api_negative.DetachTyresSpecification.DetachTyresSpecificationNegative","Autochek_API_Automation","autochek_api_negative.DetachTyresSpecification.DetachTyresSpecificationNegative","PutUpdateCar"
"","708","CreateFranchise - latitude = """"","API_Regression_Suite","2026-03-25","passed","2026-03-25","autochek_api_negative.UserService.UserServiceNegative","Autochek_API_Automation","autochek_api_negative.UserService.UserServiceNegative","CreateFranchise"
"","713","CreateFranchise - account_name is empty","API_Regression_Suite","2026-03-25","passed","2026-03-25","autochek_api_negative.UserService.UserServiceNegative","Autochek_API_Automation","autochek_api_negative.UserService.UserServiceNegative","CreateFranchise"
"Validates GET /v1/inventory/model with dynamic parameters - Negative Test","1","GetModelListNegative - Pass special chars in fields","API_Regression_Suite","2026-03-25","skipped","2026-03-25","autochek_api_negative.InventoryService.DynamicResponseNegative","Autochek_API_Automation","autochek_api_negative.InventoryService.DynamicResponseNegative","GetModelListNegative"
"Submit Loan Customer Preferences","394","SubmitLoanPreferencesNegative - interestRate alphanumeric mix","API_Regression_Suite","2026-03-25","failed","2026-03-25","autochek_api_negative.OfferSimulation.OfferSimulationNegative","Autochek_API_Automation","autochek_api_negative.OfferSimulation.OfferSimulationNegative","SubmitLoanPreferencesNegative"
"","0","PostEnableUserV2Negative - Send userId containing special characters","API_Regression_Suite","2026-03-25","skipped","2026-03-25","autochek_api_negative.UserService.UserServiceV2Negative","Autochek_API_Automation","autochek_api_negative.UserService.UserServiceV2Negative","PostEnableUserV2Negative"
"","1497","UpdateFranchise - city ID as boolean string","API_Regression_Suite","2026-03-25","passed","2026-03-25","autochek_api_negative.UserService.UserServiceNegative","Autochek_API_Automation","autochek_api_negative.UserService.UserServiceNegative","UpdateFranchise"
"Create Inspection for the carID generated in Car Creation","0","PostCreateInspection - Empty country","API_Regression_Suite","2026-03-25","skipped","2026-03-25","autochek_api_negative.DetachTyresSpecification.DetachTyresSpecificationNegative","Autochek_API_Automation","autochek_api_negative.DetachTyresSpecification.DetachTyresSpecificationNegative","PostCreateInspection"
"Validates GET /v1/inventory/make with dynamic fields filtering - Positive Test","0","GetMake - Verify response returns only imageUrl field","API_Regression_Suite","2026-03-25","skipped","2026-03-25","autochek_api_positive.InventoryService.DynamicResponsePositive","Autochek_API_Automation","autochek_api_positive.InventoryService.DynamicResponsePositive","GetMake"
"","491","UpdateFranchise - account_bvn too short","API_Regression_Suite","2026-03-25","passed","2026-03-25","autochek_api_negative.UserService.UserServiceNegative","Autochek_API_Automation","autochek_api_negative.UserService.UserServiceNegative","UpdateFranchise"
"Validates GET /v2/origination/offers with dynamic parameters - Positive Test","458","GetOffersListNegative - page_size is special characters","API_Regression_Suite","2026-03-25","passed","2026-03-25","autochek_api_negative.OriginationService.ResponsePayloadReductionV2APIsNegative","Autochek_API_Automation","autochek_api_negative.OriginationService.ResponsePayloadReductionV2APIsNegative","GetOffersListNegative"
"","712","CreateFranchise - account_name as boolean string","API_Regression_Suite","2026-03-25","passed","2026-03-25","autochek_api_negative.UserService.UserServiceNegative","Autochek_API_Automation","autochek_api_negative.UserService.UserServiceNegative","CreateFranchise"
"Validates GET /v2/origination/sources with dynamic parameters - Negative Test","577","GetBanksListNegative - page_size is special characters","API_Regression_Suite","2026-03-25","passed","2026-03-25","autochek_api_negative.OriginationService.ResponsePayloadReductionV2APIsNegative","Autochek_API_Automation","autochek_api_negative.OriginationService.ResponsePayloadReductionV2APIsNegative","GetBanksListNegative"
"Validates GET /v2/origination/offers with dynamic parameters - Positive Test","796","GetOffersList - valid request where page_size is at a boundary value (10)","API_Regression_Suite","2026-03-25","passed","2026-03-25","autochek_api_positive.OriginationService.ResponsePayloadReductionV2APIs","Autochek_API_Automation","autochek_api_positive.OriginationService.ResponsePayloadReductionV2APIs","GetOffersList"
"","401","GetFranchiseList - all params as null","API_Regression_Suite","2026-03-25","passed","2026-03-25","autochek_api_negative.UserService.UserServiceNegative","Autochek_API_Automation","autochek_api_negative.UserService.UserServiceNegative","GetFranchiseList"
"Create Car and Validate Response","0","CreateCar - Verify car creation with valid VIN of 17 characters","API_Regression_Suite","2026-03-25","skipped","2026-03-25","autochek_api_negative.DetachTyresSpecification.DetachTyresSpecificationNegative","Autochek_API_Automation","autochek_api_negative.DetachTyresSpecification.DetachTyresSpecificationNegative","CreateCar"
"Update System Config dynamically for PASSWORD_POLICY or USER_SESSION","1","PatchSystemConfigV2 - MAX_LENGTH decimal","API_Regression_Suite","2026-03-25","skipped","2026-03-25","autochek_api_negative.UserService.UserServiceV2Negative","Autochek_API_Automation","autochek_api_negative.UserService.UserServiceV2Negative","PatchSystemConfigV2"
"Validates GET /v1/inventory/trims with dynamic parameters - Negative Test","0","GetTrimsNegative - Validate response when passing SQL injection using comment style","API_Regression_Suite","2026-03-25","skipped","2026-03-25","autochek_api_negative.InventoryService.DynamicResponseNegative","Autochek_API_Automation","autochek_api_negative.InventoryService.DynamicResponseNegative","GetTrimsNegative"
"","1","PostEnableUserV2Negative - Send XSS payload as userId","API_Regression_Suite","2026-03-25","skipped","2026-03-25","autochek_api_negative.UserService.UserServiceV2Negative","Autochek_API_Automation","autochek_api_negative.UserService.UserServiceV2Negative","PostEnableUserV2Negative"
"Submit Loan Customer Preferences","403","SubmitLoanPreferencesNegative - interestRate non-numeric string","API_Regression_Suite","2026-03-25","failed","2026-03-25","autochek_api_negative.OfferSimulation.OfferSimulationNegative","Autochek_API_Automation","autochek_api_negative.OfferSimulation.OfferSimulationNegative","SubmitLoanPreferencesNegative"
"","0","PostUserSignUpV2Negative - PhoneNumber has an invalid format (missing + or country code)","API_Regression_Suite","2026-03-25","skipped","2026-03-25","autochek_api_negative.UserService.UserServiceV2Negative","Autochek_API_Automation","autochek_api_negative.UserService.UserServiceV2Negative","PostUserSignUpV2Negative"
"","449","UpdateFranchise - city ID is empty string","API_Regression_Suite","2026-03-25","passed","2026-03-25","autochek_api_negative.UserService.UserServiceNegative","Autochek_API_Automation","autochek_api_negative.UserService.UserServiceNegative","UpdateFranchise"
"Submit Loan Customer Preferences","7005","SubmitLoanPreferencesNegative - tyreQuantity string","API_Regression_Suite","2026-03-25","passed","2026-03-25","autochek_api_negative.OfferSimulation.OfferSimulationNegative","Autochek_API_Automation","autochek_api_negative.OfferSimulation.OfferSimulationNegative","SubmitLoanPreferencesNegative"
"","705","CreateFranchise - bank_name too short","API_Regression_Suite","2026-03-25","passed","2026-03-25","autochek_api_negative.UserService.UserServiceNegative","Autochek_API_Automation","autochek_api_negative.UserService.UserServiceNegative","CreateFranchise"
"","0","PostLookUpV2Negative - Identifier is too short to be valid phone number","API_Regression_Suite","2026-03-25","skipped","2026-03-25","autochek_api_negative.UserService.UserServiceV2Negative","Autochek_API_Automation","autochek_api_negative.UserService.UserServiceV2Negative","PostLookUpV2Negative"
"","705","UpdateFranchise - is_anchor = ""false"" (string)","API_Regression_Suite","2026-03-25","passed","2026-03-25","autochek_api_negative.UserService.UserServiceNegative","Autochek_API_Automation","autochek_api_negative.UserService.UserServiceNegative","UpdateFranchise"
"Create Car and Validate Response","0","CreateCar - Verify car creation with fuel type petrol","API_Regression_Suite","2026-03-25","skipped","2026-03-25","autochek_api_positive.DetachTyreSpecification.DetachTyreSpecificationPositive","Autochek_API_Automation","autochek_api_positive.DetachTyreSpecification.DetachTyreSpecificationPositive","CreateCar"
"Negative test for Create System Config V2","0","PostSystemConfigV2 - REQUIRE_NUMBER decimal value","API_Regression_Suite","2026-03-25","skipped","2026-03-25","autochek_api_negative.UserService.UserServiceV2Negative","Autochek_API_Automation","autochek_api_negative.UserService.UserServiceV2Negative","PostSystemConfigV2"
"Submit Loan Customer Preferences","399","SubmitLoanPreferencesNegative - Fee Payment Method numeric instead of string","API_Regression_Suite","2026-03-25","failed","2026-03-25","autochek_api_negative.OfferSimulation.OfferSimulationNegative","Autochek_API_Automation","autochek_api_negative.OfferSimulation.OfferSimulationNegative","SubmitLoanPreferencesNegative"
"","801","CreateFranchise - account_name is only whitespace","API_Regression_Suite","2026-03-25","passed","2026-03-25","autochek_api_negative.UserService.UserServiceNegative","Autochek_API_Automation","autochek_api_negative.UserService.UserServiceNegative","CreateFranchise"
"Create Inspection for the carID generated in Car Creation","1","PostCreateInspection - Empty inspection_request_summary_id","API_Regression_Suite","2026-03-25","skipped","2026-03-25","autochek_api_negative.DetachTyresSpecification.DetachTyresSpecificationNegative","Autochek_API_Automation","autochek_api_negative.DetachTyresSpecification.DetachTyresSpecificationNegative","PostCreateInspection"
"","0","PostDisableUserV2Negative - Send userId that doesn’t exist in system","API_Regression_Suite","2026-03-25","skipped","2026-03-25","autochek_api_negative.UserService.UserServiceV2Negative","Autochek_API_Automation","autochek_api_negative.UserService.UserServiceV2Negative","PostDisableUserV2Negative"
"Submit Loan Customer Preferences","403","SubmitLoanPreferencesNegative - dealDiscount float","API_Regression_Suite","2026-03-25","failed","2026-03-25","autochek_api_negative.OfferSimulation.OfferSimulationNegative","Autochek_API_Automation","autochek_api_negative.OfferSimulation.OfferSimulationNegative","SubmitLoanPreferencesNegative"
"","440","UpdateFranchise - email missing '@' symbol","API_Regression_Suite","2026-03-25","passed","2026-03-25","autochek_api_negative.UserService.UserServiceNegative","Autochek_API_Automation","autochek_api_negative.UserService.UserServiceNegative","UpdateFranchise"
"Update Car and Validate Response","0","PutUpdateCar - engine_number with SQL injection attempt","API_Regression_Suite","2026-03-25","skipped","2026-03-25","autochek_api_negative.DetachTyresSpecification.DetachTyresSpecificationNegative","Autochek_API_Automation","autochek_api_negative.DetachTyresSpecification.DetachTyresSpecificationNegative","PutUpdateCar"
"Validates GET /v1/inventory/model with dynamic parameters - Positive Test","1","GetModelList - Validate only imageUrl field is returned","API_Regression_Suite","2026-03-25","skipped","2026-03-25","autochek_api_positive.InventoryService.DynamicResponsePositive","Autochek_API_Automation","autochek_api_positive.InventoryService.DynamicResponsePositive","GetModelList"
"Create Inspection for the carID generated in Car Creation","0","PostCreateInspection - Invalid latitude format","API_Regression_Suite","2026-03-25","skipped","2026-03-25","autochek_api_negative.DetachTyresSpecification.DetachTyresSpecificationNegative","Autochek_API_Automation","autochek_api_negative.DetachTyresSpecification.DetachTyresSpecificationNegative","PostCreateInspection"
"Create Car and Validate Response","0","CreateCar - Verify car creation with is_draft = false","API_Regression_Suite","2026-03-25","skipped","2026-03-25","autochek_api_positive.DetachTyreSpecification.DetachTyreSpecificationPositive","Autochek_API_Automation","autochek_api_positive.DetachTyreSpecification.DetachTyreSpecificationPositive","CreateCar"
"Delete USER_SESSION and PASSWORD_POLICY using stored IDs","0","deleteSystemConfigs - Delete with SQL injection attempt","API_Regression_Suite","2026-03-25","skipped","2026-03-25","autochek_api_negative.UserService.UserServiceV2Negative","Autochek_API_Automation","autochek_api_negative.UserService.UserServiceV2Negative","deleteSystemConfigs"
"Submit Loan Customer Preferences","997","SubmitLoanPreferencesNegative - upfrontTyres blank","API_Regression_Suite","2026-03-25","passed","2026-03-25","autochek_api_negative.OfferSimulation.OfferSimulationNegative","Autochek_API_Automation","autochek_api_negative.OfferSimulation.OfferSimulationNegative","SubmitLoanPreferencesNegative"
"Validates GET /v1/inventory/model with dynamic parameters - Positive Test","0","GetModelList - Validate response contains only top-level fields id,name without relations","API_Regression_Suite","2026-03-25","skipped","2026-03-25","autochek_api_positive.InventoryService.DynamicResponsePositive","Autochek_API_Automation","autochek_api_positive.InventoryService.DynamicResponsePositive","GetModelList"
"GetCar Details to fetch Car ID","1258","GetCarDetailsNegative","API_Regression_Suite","2026-03-25","passed","2026-03-25","autochek_api_negative.OfferSimulation.OfferSimulationNegative","Autochek_API_Automation","autochek_api_negative.OfferSimulation.OfferSimulationNegative","GetCarDetailsNegative"
"","0","PostDisableUserV2Negative - Send null userId","API_Regression_Suite","2026-03-25","skipped","2026-03-25","autochek_api_negative.UserService.UserServiceV2Negative","Autochek_API_Automation","autochek_api_negative.UserService.UserServiceV2Negative","PostDisableUserV2Negative"
"Get the list of Tyre brands","414","GetTyreBrandsNegative - Send only numeric value instead of country code","API_Regression_Suite","2026-03-25","passed","2026-03-25","autochek_api_negative.OfferSimulation.OfferSimulationNegative","Autochek_API_Automation","autochek_api_negative.OfferSimulation.OfferSimulationNegative","GetTyreBrandsNegative"
"","0","PatchUpdatePasswordV2Negative - Omit newPassword field entirely","API_Regression_Suite","2026-03-25","skipped","2026-03-25","autochek_api_negative.UserService.UserServiceV2Negative","Autochek_API_Automation","autochek_api_negative.UserService.UserServiceV2Negative","PatchUpdatePasswordV2Negative"
"Validates GET /v1/inventory/body_type with dynamic parameters - Negative Test","0","GetBodyTypeNegative - Use semicolon instead of comma for separation","API_Regression_Suite","2026-03-25","skipped","2026-03-25","autochek_api_negative.InventoryService.DynamicResponseNegative","Autochek_API_Automation","autochek_api_negative.InventoryService.DynamicResponseNegative","GetBodyTypeNegative"
"Submit Loan Customer Preferences","498","SubmitLoanPreferencesNegative - Interest Rate below allowed range","API_Regression_Suite","2026-03-25","passed","2026-03-25","autochek_api_negative.OfferSimulation.OfferSimulationNegative","Autochek_API_Automation","autochek_api_negative.OfferSimulation.OfferSimulationNegative","SubmitLoanPreferencesNegative"
"Validates GET /v1/inventory/obds with dynamic parameters - Negative Test","0","GetObdsNegative - Pass very long string as field value","API_Regression_Suite","2026-03-25","skipped","2026-03-25","autochek_api_negative.InventoryService.DynamicResponseNegative","Autochek_API_Automation","autochek_api_negative.InventoryService.DynamicResponseNegative","GetObdsNegative"
"Validates GET /v1/inventory/trims with dynamic parameters - Negative Test","1","GetTrimsNegative - Validate response when passing numeric value as field","API_Regression_Suite","2026-03-25","skipped","2026-03-25","autochek_api_negative.InventoryService.DynamicResponseNegative","Autochek_API_Automation","autochek_api_negative.InventoryService.DynamicResponseNegative","GetTrimsNegative"
"","721","CreateFranchise - city too long","API_Regression_Suite","2026-03-25","passed","2026-03-25","autochek_api_negative.UserService.UserServiceNegative","Autochek_API_Automation","autochek_api_negative.UserService.UserServiceNegative","CreateFranchise"
"","0","PostUserSignUpV2Negative - FirstName is null","API_Regression_Suite","2026-03-25","skipped","2026-03-25","autochek_api_negative.UserService.UserServiceV2Negative","Autochek_API_Automation","autochek_api_negative.UserService.UserServiceV2Negative","PostUserSignUpV2Negative"
"Submit Loan Customer Preferences","464","SubmitLoanPreferencesNegative - Tyre Quantity negative value","API_Regression_Suite","2026-03-25","passed","2026-03-25","autochek_api_negative.OfferSimulation.OfferSimulationNegative","Autochek_API_Automation","autochek_api_negative.OfferSimulation.OfferSimulationNegative","SubmitLoanPreferencesNegative"
"Create Inspection for the carID generated in Car Creation","1","PostCreateInspection - Empty location should be rejected","API_Regression_Suite","2026-03-25","skipped","2026-03-25","autochek_api_negative.DetachTyresSpecification.DetachTyresSpecificationNegative","Autochek_API_Automation","autochek_api_negative.DetachTyresSpecification.DetachTyresSpecificationNegative","PostCreateInspection"
"","0","PostLogoutAllAdminNegative - userId as boolean false","API_Regression_Suite","2026-03-25","skipped","2026-03-25","autochek_api_negative.UserService.UserServiceV2Negative","Autochek_API_Automation","autochek_api_negative.UserService.UserServiceV2Negative","PostLogoutAllAdminNegative"
"Update System Config dynamically for PASSWORD_POLICY or USER_SESSION","1","PatchSystemConfigV2 - REQUIRE_SPECIAL_CHAR array structure passed","API_Regression_Suite","2026-03-25","skipped","2026-03-25","autochek_api_negative.UserService.UserServiceV2Negative","Autochek_API_Automation","autochek_api_negative.UserService.UserServiceV2Negative","PatchSystemConfigV2"
"Submit Loan Customer Preferences","500","SubmitLoanPreferencesNegative - term alphanumeric junk","API_Regression_Suite","2026-03-25","passed","2026-03-25","autochek_api_negative.OfferSimulation.OfferSimulationNegative","Autochek_API_Automation","autochek_api_negative.OfferSimulation.OfferSimulationNegative","SubmitLoanPreferencesNegative"
"","2385","CreateFranchise - account_bvn array","API_Regression_Suite","2026-03-25","passed","2026-03-25","autochek_api_negative.UserService.UserServiceNegative","Autochek_API_Automation","autochek_api_negative.UserService.UserServiceNegative","CreateFranchise"
"Submit Loan Customer Preferences","470","SubmitLoanPreferencesNegative - interestRateType null","API_Regression_Suite","2026-03-25","failed","2026-03-25","autochek_api_negative.OfferSimulation.OfferSimulationNegative","Autochek_API_Automation","autochek_api_negative.OfferSimulation.OfferSimulationNegative","SubmitLoanPreferencesNegative"
"","722","CreateFranchise - email with sql injection attempt","API_Regression_Suite","2026-03-25","passed","2026-03-25","autochek_api_negative.UserService.UserServiceNegative","Autochek_API_Automation","autochek_api_negative.UserService.UserServiceNegative","CreateFranchise"
"","713","CreateFranchise - bank_name as array","API_Regression_Suite","2026-03-25","passed","2026-03-25","autochek_api_negative.UserService.UserServiceNegative","Autochek_API_Automation","autochek_api_negative.UserService.UserServiceNegative","CreateFranchise"
"Validates GET /v2/origination/loans/{loan_id}/accepted-offer - Negative Test","1696","GetAcceptedOfferByLoanIdNegative - offer_id with Unicode characters","API_Regression_Suite","2026-03-25","passed","2026-03-25","autochek_api_negative.OriginationService.ResponsePayloadReductionV2APIsNegative","Autochek_API_Automation","autochek_api_negative.OriginationService.ResponsePayloadReductionV2APIsNegative","GetAcceptedOfferByLoanIdNegative"
"Create Inspection for the carID generated in Car Creation","1","PostCreateInspection - Too long format","API_Regression_Suite","2026-03-25","skipped","2026-03-25","autochek_api_negative.DetachTyresSpecification.DetachTyresSpecificationNegative","Autochek_API_Automation","autochek_api_negative.DetachTyresSpecification.DetachTyresSpecificationNegative","PostCreateInspection"
"Negative test for Create System Config V2","0","PostSystemConfigV2 - MIN_LENGTH decimal","API_Regression_Suite","2026-03-25","skipped","2026-03-25","autochek_api_negative.UserService.UserServiceV2Negative","Autochek_API_Automation","autochek_api_negative.UserService.UserServiceV2Negative","PostSystemConfigV2"
"Submit Loan Customer Preferences","403","SubmitLoanPreferencesNegative - Term invalid text value","API_Regression_Suite","2026-03-25","failed","2026-03-25","autochek_api_negative.OfferSimulation.OfferSimulationNegative","Autochek_API_Automation","autochek_api_negative.OfferSimulation.OfferSimulationNegative","SubmitLoanPreferencesNegative"
"","946","UpdateFranchise - longitude with alphanumeric","API_Regression_Suite","2026-03-25","passed","2026-03-25","autochek_api_negative.UserService.UserServiceNegative","Autochek_API_Automation","autochek_api_negative.UserService.UserServiceNegative","UpdateFranchise"
"","443","UpdateFranchise - onboarding_source is empty string","API_Regression_Suite","2026-03-25","passed","2026-03-25","autochek_api_negative.UserService.UserServiceNegative","Autochek_API_Automation","autochek_api_negative.UserService.UserServiceNegative","UpdateFranchise"
"Validates GET /v2/origination/loans/{loan_id}/accepted-offer - Negative Test","498","GetAcceptedOfferByLoanIdNegative - offer_id with valid format plus special characters","API_Regression_Suite","2026-03-25","passed","2026-03-25","autochek_api_negative.OriginationService.ResponsePayloadReductionV2APIsNegative","Autochek_API_Automation","autochek_api_negative.OriginationService.ResponsePayloadReductionV2APIsNegative","GetAcceptedOfferByLoanIdNegative"
"Submit Loan Customer Preferences","8266","SubmitLoanPreferencesNegative - tyreQuantity null","API_Regression_Suite","2026-03-25","passed","2026-03-25","autochek_api_negative.OfferSimulation.OfferSimulationNegative","Autochek_API_Automation","autochek_api_negative.OfferSimulation.OfferSimulationNegative","SubmitLoanPreferencesNegative"
"Submit Loan Customer Preferences","586","SubmitLoanPreferencesNegative - Tyre Brand unsupported value","API_Regression_Suite","2026-03-25","failed","2026-03-25","autochek_api_negative.OfferSimulation.OfferSimulationNegative","Autochek_API_Automation","autochek_api_negative.OfferSimulation.OfferSimulationNegative","SubmitLoanPreferencesNegative"
"Update Car and Validate Response","0","PutUpdateCar - is_upgraded as empty","API_Regression_Suite","2026-03-25","skipped","2026-03-25","autochek_api_negative.DetachTyresSpecification.DetachTyresSpecificationNegative","Autochek_API_Automation","autochek_api_negative.DetachTyresSpecification.DetachTyresSpecificationNegative","PutUpdateCar"
"Validates GET /v1/inventory/body_type with dynamic parameters - Negative Test","0","GetBodyTypeNegative - Exclude all valid fields with minus sign but invalid key","API_Regression_Suite","2026-03-25","skipped","2026-03-25","autochek_api_negative.InventoryService.DynamicResponseNegative","Autochek_API_Automation","autochek_api_negative.InventoryService.DynamicResponseNegative","GetBodyTypeNegative"
"Update System Config dynamically for PASSWORD_POLICY or USER_SESSION","0","PatchSystemConfigV2 - MAX_LENGTH empty","API_Regression_Suite","2026-03-25","skipped","2026-03-25","autochek_api_negative.UserService.UserServiceV2Negative","Autochek_API_Automation","autochek_api_negative.UserService.UserServiceV2Negative","PatchSystemConfigV2"
"","422","UpdateFranchise - longitude as object","API_Regression_Suite","2026-03-25","passed","2026-03-25","autochek_api_negative.UserService.UserServiceNegative","Autochek_API_Automation","autochek_api_negative.UserService.UserServiceNegative","UpdateFranchise"
"Validates GET /v1/inventory/car with dynamic parameters - Negative Test","0","GetCarListNegative - Validate API handles when passing blank fields value","API_Regression_Suite","2026-03-25","skipped","2026-03-25","autochek_api_negative.InventoryService.DynamicResponseNegative","Autochek_API_Automation","autochek_api_negative.InventoryService.DynamicResponseNegative","GetCarListNegative"
"Validates GET /v1/origination/offers/{offer_Id}/loan-document with dynamic parameters - Negative Test","534","GetLoanDocumentsByOfferIdNegative - Send offer_id as empty string","API_Regression_Suite","2026-03-25","passed","2026-03-25","autochek_api_negative.OriginationService.ResponsePayloadReductionV2APIsNegative","Autochek_API_Automation","autochek_api_negative.OriginationService.ResponsePayloadReductionV2APIsNegative","GetLoanDocumentsByOfferIdNegative"
"","448","UpdateFranchise - account_name with html tag (xss)","API_Regression_Suite","2026-03-25","passed","2026-03-25","autochek_api_negative.UserService.UserServiceNegative","Autochek_API_Automation","autochek_api_negative.UserService.UserServiceNegative","UpdateFranchise"
"Submit Loan Customer Preferences","6099","SubmitLoanPreferencesNegative - requestedWarrantyPlan null","API_Regression_Suite","2026-03-25","passed","2026-03-25","autochek_api_negative.OfferSimulation.OfferSimulationNegative","Autochek_API_Automation","autochek_api_negative.OfferSimulation.OfferSimulationNegative","SubmitLoanPreferencesNegative"
"Create Inspection for the carID generated in Car Creation","0","PostCreateInspection - Null id","API_Regression_Suite","2026-03-25","skipped","2026-03-25","autochek_api_negative.DetachTyresSpecification.DetachTyresSpecificationNegative","Autochek_API_Automation","autochek_api_negative.DetachTyresSpecification.DetachTyresSpecificationNegative","PostCreateInspection"
"Create Inspection for the carID generated in Car Creation","0","PostCreateInspection - Only latitude without longitude","API_Regression_Suite","2026-03-25","skipped","2026-03-25","autochek_api_negative.DetachTyresSpecification.DetachTyresSpecificationNegative","Autochek_API_Automation","autochek_api_negative.DetachTyresSpecification.DetachTyresSpecificationNegative","PostCreateInspection"
"","720","CreateFranchise - display_address is null","API_Regression_Suite","2026-03-25","passed","2026-03-25","autochek_api_negative.UserService.UserServiceNegative","Autochek_API_Automation","autochek_api_negative.UserService.UserServiceNegative","CreateFranchise"
"","719","CreateFranchise - account_name html tag","API_Regression_Suite","2026-03-25","passed","2026-03-25","autochek_api_negative.UserService.UserServiceNegative","Autochek_API_Automation","autochek_api_negative.UserService.UserServiceNegative","CreateFranchise"
"Submit Loan Customer Preferences","3902","SubmitLoanPreferencesNegative - tyreBrand blank","API_Regression_Suite","2026-03-25","passed","2026-03-25","autochek_api_negative.OfferSimulation.OfferSimulationNegative","Autochek_API_Automation","autochek_api_negative.OfferSimulation.OfferSimulationNegative","SubmitLoanPreferencesNegative"
"Negative test for Create System Config V2","0","PostSystemConfigV2 - DISALLOW_WHITESPACES SQL injection attempt","API_Regression_Suite","2026-03-25","skipped","2026-03-25","autochek_api_negative.UserService.UserServiceV2Negative","Autochek_API_Automation","autochek_api_negative.UserService.UserServiceV2Negative","PostSystemConfigV2"
"Validates GET /v1/inventory/make with dynamic fields filtering - Positive Test","0","GetMake - Verify response returns only id field","API_Regression_Suite","2026-03-25","skipped","2026-03-25","autochek_api_positive.InventoryService.DynamicResponsePositive","Autochek_API_Automation","autochek_api_positive.InventoryService.DynamicResponsePositive","GetMake"
"Get Offer Details by LoanID","599","GetOffersByLoanIdNegative - HTML tag injection","API_Regression_Suite","2026-03-25","passed","2026-03-25","autochek_api_negative.OriginationService.ResponsePayloadReductionV2APIsNegative","Autochek_API_Automation","autochek_api_negative.OriginationService.ResponsePayloadReductionV2APIsNegative","GetOffersByLoanIdNegative"
"","1","PostUserSignUpV2Negative - PhoneNumber contains letters or special characters","API_Regression_Suite","2026-03-25","skipped","2026-03-25","autochek_api_negative.UserService.UserServiceV2Negative","Autochek_API_Automation","autochek_api_negative.UserService.UserServiceV2Negative","PostUserSignUpV2Negative"
"Validates GET /v1/inventory/trims with dynamic parameters - Negative Test","0","GetTrimsNegative - Validate response when passing boolean as field","API_Regression_Suite","2026-03-25","skipped","2026-03-25","autochek_api_negative.InventoryService.DynamicResponseNegative","Autochek_API_Automation","autochek_api_negative.InventoryService.DynamicResponseNegative","GetTrimsNegative"
"","408","submitLoanPreference - Include licence renewal fees Yes","API_Regression_Suite","2026-03-25","passed","2026-03-25","autochek_api_positive.OfferSimulation.OfferSimulationPositive","Autochek_API_Automation","autochek_api_positive.OfferSimulation.OfferSimulationPositive","submitLoanPreference"
"Validates GET /v2/origination/partners with dynamic parameters - Positive Test","527","GetPartnersListNegative - page_size is float","API_Regression_Suite","2026-03-25","passed","2026-03-25","autochek_api_negative.OriginationService.ResponsePayloadReductionV2APIsNegative","Autochek_API_Automation","autochek_api_negative.OriginationService.ResponsePayloadReductionV2APIsNegative","GetPartnersListNegative"
"Get the list of Tyre brands","864","GetTyreBrandsNegative - Input is all spaces","API_Regression_Suite","2026-03-25","passed","2026-03-25","autochek_api_negative.OfferSimulation.OfferSimulationNegative","Autochek_API_Automation","autochek_api_negative.OfferSimulation.OfferSimulationNegative","GetTyreBrandsNegative"
"","873","CreateFranchise - is_anchor = {}","API_Regression_Suite","2026-03-25","passed","2026-03-25","autochek_api_negative.UserService.UserServiceNegative","Autochek_API_Automation","autochek_api_negative.UserService.UserServiceNegative","CreateFranchise"
"Validates GET /v2/origination/loans with dynamic parameters - Positive Test","499","GetLoansList - country is GH","API_Regression_Suite","2026-03-25","passed","2026-03-25","autochek_api_positive.OriginationService.ResponsePayloadReductionV2APIs","Autochek_API_Automation","autochek_api_positive.OriginationService.ResponsePayloadReductionV2APIs","GetLoansList"
"Validates GET /v1/inventory/make with dynamic fields filtering - Positive Test","0","GetMake - Verify response with all fields in different order","API_Regression_Suite","2026-03-25","skipped","2026-03-25","autochek_api_positive.InventoryService.DynamicResponsePositive","Autochek_API_Automation","autochek_api_positive.InventoryService.DynamicResponsePositive","GetMake"
"Validates GET /v2/origination/loans/{loan_id}/accepted-offer - Negative Test","497","GetAcceptedOfferByLoanIdNegative - Send offer_id as null","API_Regression_Suite","2026-03-25","passed","2026-03-25","autochek_api_negative.OriginationService.ResponsePayloadReductionV2APIsNegative","Autochek_API_Automation","autochek_api_negative.OriginationService.ResponsePayloadReductionV2APIsNegative","GetAcceptedOfferByLoanIdNegative"
"Update Car and Validate Response","1","PutUpdateCar - state as SQL injection","API_Regression_Suite","2026-03-25","skipped","2026-03-25","autochek_api_negative.DetachTyresSpecification.DetachTyresSpecificationNegative","Autochek_API_Automation","autochek_api_negative.DetachTyresSpecification.DetachTyresSpecificationNegative","PutUpdateCar"
"Submit Loan Customer Preferences","414","SubmitLoanPreferencesNegative - upfrontMaintenancePlan very long string","API_Regression_Suite","2026-03-25","failed","2026-03-25","autochek_api_negative.OfferSimulation.OfferSimulationNegative","Autochek_API_Automation","autochek_api_negative.OfferSimulation.OfferSimulationNegative","SubmitLoanPreferencesNegative"
"","0","PostLookUpV2Negative - Identifier has only domain without name","API_Regression_Suite","2026-03-25","skipped","2026-03-25","autochek_api_negative.UserService.UserServiceV2Negative","Autochek_API_Automation","autochek_api_negative.UserService.UserServiceV2Negative","PostLookUpV2Negative"
"Submit Loan Customer Preferences","398","SubmitLoanPreferencesNegative - Upfront Warranty invalid value","API_Regression_Suite","2026-03-25","failed","2026-03-25","autochek_api_negative.OfferSimulation.OfferSimulationNegative","Autochek_API_Automation","autochek_api_negative.OfferSimulation.OfferSimulationNegative","SubmitLoanPreferencesNegative"
"Get TyreSpecs Details by Car ID","0","GetTyreSpecs - car_id too short (1 char)","API_Regression_Suite","2026-03-25","skipped","2026-03-25","autochek_api_negative.DetachTyresSpecification.DetachTyresSpecificationNegative","Autochek_API_Automation","autochek_api_negative.DetachTyresSpecification.DetachTyresSpecificationNegative","GetTyreSpecs"
"","421","UpdateFranchise - phone with leading/trailing spaces","API_Regression_Suite","2026-03-25","passed","2026-03-25","autochek_api_negative.UserService.UserServiceNegative","Autochek_API_Automation","autochek_api_negative.UserService.UserServiceNegative","UpdateFranchise"
"Validates GET /v2/origination/loans/{loan_id}/accepted-offer - Negative Test","603","GetAcceptedOfferByLoanIdNegative - offer_id in base64 encoded format","API_Regression_Suite","2026-03-25","passed","2026-03-25","autochek_api_negative.OriginationService.ResponsePayloadReductionV2APIsNegative","Autochek_API_Automation","autochek_api_negative.OriginationService.ResponsePayloadReductionV2APIsNegative","GetAcceptedOfferByLoanIdNegative"
"","712","CreateFranchise - email missing domain","API_Regression_Suite","2026-03-25","passed","2026-03-25","autochek_api_negative.UserService.UserServiceNegative","Autochek_API_Automation","autochek_api_negative.UserService.UserServiceNegative","CreateFranchise"
"Submit Loan Customer Preferences","393","SubmitLoanPreferencesNegative - feePaymentMethod XSS attempt","API_Regression_Suite","2026-03-25","failed","2026-03-25","autochek_api_negative.OfferSimulation.OfferSimulationNegative","Autochek_API_Automation","autochek_api_negative.OfferSimulation.OfferSimulationNegative","SubmitLoanPreferencesNegative"
"Update System Config dynamically for PASSWORD_POLICY or USER_SESSION","1","PatchSystemConfigV2 - MAX_LENGTH special chars","API_Regression_Suite","2026-03-25","skipped","2026-03-25","autochek_api_negative.UserService.UserServiceV2Negative","Autochek_API_Automation","autochek_api_negative.UserService.UserServiceV2Negative","PatchSystemConfigV2"
"","448","UpdateFranchise - account_number all letters","API_Regression_Suite","2026-03-25","passed","2026-03-25","autochek_api_negative.UserService.UserServiceNegative","Autochek_API_Automation","autochek_api_negative.UserService.UserServiceNegative","UpdateFranchise"
"Create Inspection for the carID generated in Car Creation","0","PostCreateInspection - Script injection attempt in id","API_Regression_Suite","2026-03-25","skipped","2026-03-25","autochek_api_negative.DetachTyresSpecification.DetachTyresSpecificationNegative","Autochek_API_Automation","autochek_api_negative.DetachTyresSpecification.DetachTyresSpecificationNegative","PostCreateInspection"
"Get Offer Details by LoanID","505","GetOffersByLoanIdNegative - Send loan_id as numeric only","API_Regression_Suite","2026-03-25","passed","2026-03-25","autochek_api_negative.OriginationService.ResponsePayloadReductionV2APIsNegative","Autochek_API_Automation","autochek_api_negative.OriginationService.ResponsePayloadReductionV2APIsNegative","GetOffersByLoanIdNegative"
"","0","PostLoginV2Negative - Password is null","API_Regression_Suite","2026-03-25","skipped","2026-03-25","autochek_api_negative.UserService.UserServiceV2Negative","Autochek_API_Automation","autochek_api_negative.UserService.UserServiceV2Negative","PostLoginV2Negative"
"","0","GetMeV2Negative - Send XSS payload as token","API_Regression_Suite","2026-03-25","skipped","2026-03-25","autochek_api_negative.UserService.UserServiceV2Negative","Autochek_API_Automation","autochek_api_negative.UserService.UserServiceV2Negative","GetMeV2Negative"
"","388","submitLoanPreference - Upfront Credit Life Insurance TRUE","API_Regression_Suite","2026-03-25","passed","2026-03-25","autochek_api_positive.OfferSimulation.OfferSimulationPositive","Autochek_API_Automation","autochek_api_positive.OfferSimulation.OfferSimulationPositive","submitLoanPreference"
"Validates GET /v2/origination/loans/{loan_id}/logbook/booking-info - Negative Test","592","GetBookingInfoForLogbookLoanNegative - Send loan_id as whitespace only","API_Regression_Suite","2026-03-25","passed","2026-03-25","autochek_api_negative.OriginationService.ResponsePayloadReductionV2APIsNegative","Autochek_API_Automation","autochek_api_negative.OriginationService.ResponsePayloadReductionV2APIsNegative","GetBookingInfoForLogbookLoanNegative"
"Validates GET /v1/inventory/model with dynamic parameters - Positive Test","0","GetModelList - Validate make(id,name,imageUrl) is returned","API_Regression_Suite","2026-03-25","skipped","2026-03-25","autochek_api_positive.InventoryService.DynamicResponsePositive","Autochek_API_Automation","autochek_api_positive.InventoryService.DynamicResponsePositive","GetModelList"
"","430","UpdateFranchise - bank_name is null","API_Regression_Suite","2026-03-25","passed","2026-03-25","autochek_api_negative.UserService.UserServiceNegative","Autochek_API_Automation","autochek_api_negative.UserService.UserServiceNegative","UpdateFranchise"
"","845","CreateFranchise - account_name is empty string","API_Regression_Suite","2026-03-25","passed","2026-03-25","autochek_api_negative.UserService.UserServiceNegative","Autochek_API_Automation","autochek_api_negative.UserService.UserServiceNegative","CreateFranchise"
"Validates GET /v1/inventory/body_type with dynamic parameters - Negative Test","0","GetBodyTypeNegative - Pass empty fields param","API_Regression_Suite","2026-03-25","skipped","2026-03-25","autochek_api_negative.InventoryService.DynamicResponseNegative","Autochek_API_Automation","autochek_api_negative.InventoryService.DynamicResponseNegative","GetBodyTypeNegative"
"Get the list of Tyre brands","410","GetTyreBrandsNegative - Input contains tab or newline","API_Regression_Suite","2026-03-25","passed","2026-03-25","autochek_api_negative.OfferSimulation.OfferSimulationNegative","Autochek_API_Automation","autochek_api_negative.OfferSimulation.OfferSimulationNegative","GetTyreBrandsNegative"
"Validates GET /v2/origination/sources with dynamic parameters - Positive Test","501","GetSourcesList - country is NG","API_Regression_Suite","2026-03-25","passed","2026-03-25","autochek_api_positive.OriginationService.ResponsePayloadReductionV2APIs","Autochek_API_Automation","autochek_api_positive.OriginationService.ResponsePayloadReductionV2APIs","GetSourcesList"
"Validates GET /v2/origination/offers with dynamic parameters - Positive Test","489","GetOffersListNegative - country is boolean","API_Regression_Suite","2026-03-25","passed","2026-03-25","autochek_api_negative.OriginationService.ResponsePayloadReductionV2APIsNegative","Autochek_API_Automation","autochek_api_negative.OriginationService.ResponsePayloadReductionV2APIsNegative","GetOffersListNegative"
"","453","UpdateFranchise - phone with letters","API_Regression_Suite","2026-03-25","passed","2026-03-25","autochek_api_negative.UserService.UserServiceNegative","Autochek_API_Automation","autochek_api_negative.UserService.UserServiceNegative","UpdateFranchise"
"Submit Loan Customer Preferences","429","SubmitLoanPreferencesNegative - Interest Rate above allowed range","API_Regression_Suite","2026-03-25","failed","2026-03-25","autochek_api_negative.OfferSimulation.OfferSimulationNegative","Autochek_API_Automation","autochek_api_negative.OfferSimulation.OfferSimulationNegative","SubmitLoanPreferencesNegative"
"","0","PostLoginV2Negative - Username invalid email domain","API_Regression_Suite","2026-03-25","skipped","2026-03-25","autochek_api_negative.UserService.UserServiceV2Negative","Autochek_API_Automation","autochek_api_negative.UserService.UserServiceV2Negative","PostLoginV2Negative"
"Update System Config dynamically for PASSWORD_POLICY or USER_SESSION","1","PatchSystemConfigV2 - REQUIRE_UPPERCASE SQL injection attempt","API_Regression_Suite","2026-03-25","skipped","2026-03-25","autochek_api_negative.UserService.UserServiceV2Negative","Autochek_API_Automation","autochek_api_negative.UserService.UserServiceV2Negative","PatchSystemConfigV2"
"Submit Loan Customer Preferences","448","SubmitLoanPreferencesNegative - vehicleDiscount symbol","API_Regression_Suite","2026-03-25","passed","2026-03-25","autochek_api_negative.OfferSimulation.OfferSimulationNegative","Autochek_API_Automation","autochek_api_negative.OfferSimulation.OfferSimulationNegative","SubmitLoanPreferencesNegative"
"Validates GET /v2/origination/loans with dynamic parameters - Negative Test","444","GetLoansListNegative - page_size is array","API_Regression_Suite","2026-03-25","passed","2026-03-25","autochek_api_negative.OriginationService.ResponsePayloadReductionV2APIsNegative","Autochek_API_Automation","autochek_api_negative.OriginationService.ResponsePayloadReductionV2APIsNegative","GetLoansListNegative"
"Update System Config dynamically for PASSWORD_POLICY or USER_SESSION","0","PatchSystemConfigV2 - REQUIRE_UPPERCASE string true instead of boolean","API_Regression_Suite","2026-03-25","skipped","2026-03-25","autochek_api_negative.UserService.UserServiceV2Negative","Autochek_API_Automation","autochek_api_negative.UserService.UserServiceV2Negative","PatchSystemConfigV2"
"Validates GET /v1/inventory/body_type with dynamic parameters - Negative Test","0","GetBodyTypeNegative - Pass object instead of string","API_Regression_Suite","2026-03-25","skipped","2026-03-25","autochek_api_negative.InventoryService.DynamicResponseNegative","Autochek_API_Automation","autochek_api_negative.InventoryService.DynamicResponseNegative","GetBodyTypeNegative"
"Submit Loan Customer Preferences","398","SubmitLoanPreferencesNegative - upfrontInsurance wrong keyword string false","API_Regression_Suite","2026-03-25","failed","2026-03-25","autochek_api_negative.OfferSimulation.OfferSimulationNegative","Autochek_API_Automation","autochek_api_negative.OfferSimulation.OfferSimulationNegative","SubmitLoanPreferencesNegative"
"Submit Loan Customer Preferences","397","SubmitLoanPreferencesNegative - feePaymentMethod boolean true","API_Regression_Suite","2026-03-25","failed","2026-03-25","autochek_api_negative.OfferSimulation.OfferSimulationNegative","Autochek_API_Automation","autochek_api_negative.OfferSimulation.OfferSimulationNegative","SubmitLoanPreferencesNegative"
"","428","GetFranchiseList - country is boolean","API_Regression_Suite","2026-03-25","passed","2026-03-25","autochek_api_negative.UserService.UserServiceNegative","Autochek_API_Automation","autochek_api_negative.UserService.UserServiceNegative","GetFranchiseList"
"Create Inspection for the carID generated in Car Creation","0","PostCreateInspection - Special characters in country","API_Regression_Suite","2026-03-25","skipped","2026-03-25","autochek_api_negative.DetachTyresSpecification.DetachTyresSpecificationNegative","Autochek_API_Automation","autochek_api_negative.DetachTyresSpecification.DetachTyresSpecificationNegative","PostCreateInspection"
"Negative test for Create System Config V2","1","PostSystemConfigV2 - REQUIRE_UPPERCASE decimal value","API_Regression_Suite","2026-03-25","skipped","2026-03-25","autochek_api_negative.UserService.UserServiceV2Negative","Autochek_API_Automation","autochek_api_negative.UserService.UserServiceV2Negative","PostSystemConfigV2"
"Validates GET /v1/inventory/car with dynamic parameters - Positive Test","0","GetCarList - Validate nested model fields with only make.id","API_Regression_Suite","2026-03-25","skipped","2026-03-25","autochek_api_positive.InventoryService.DynamicResponsePositive","Autochek_API_Automation","autochek_api_positive.InventoryService.DynamicResponsePositive","GetCarList"
"","1","PostUserSignUpV2Negative - Email is an empty string","API_Regression_Suite","2026-03-25","skipped","2026-03-25","autochek_api_negative.UserService.UserServiceV2Negative","Autochek_API_Automation","autochek_api_negative.UserService.UserServiceV2Negative","PostUserSignUpV2Negative"
"","699","UpdateFranchise - country is numeric","API_Regression_Suite","2026-03-25","passed","2026-03-25","autochek_api_negative.UserService.UserServiceNegative","Autochek_API_Automation","autochek_api_negative.UserService.UserServiceNegative","UpdateFranchise"
"Create Inspection for the carID generated in Car Creation","0","PostCreateInspection - Too long inspection_request_summary_id","API_Regression_Suite","2026-03-25","skipped","2026-03-25","autochek_api_negative.DetachTyresSpecification.DetachTyresSpecificationNegative","Autochek_API_Automation","autochek_api_negative.DetachTyresSpecification.DetachTyresSpecificationNegative","PostCreateInspection"
"","999","CreateFranchise - owner is numeric string","API_Regression_Suite","2026-03-25","passed","2026-03-25","autochek_api_negative.UserService.UserServiceNegative","Autochek_API_Automation","autochek_api_negative.UserService.UserServiceNegative","CreateFranchise"
"Validates GET /v1/origination/offers/{offer_Id}/loan-document with dynamic parameters - Negative Test","706","GetLoanDocumentsByOfferIdNegative - HTML tag injection","API_Regression_Suite","2026-03-25","passed","2026-03-25","autochek_api_negative.OriginationService.ResponsePayloadReductionV2APIsNegative","Autochek_API_Automation","autochek_api_negative.OriginationService.ResponsePayloadReductionV2APIsNegative","GetLoanDocumentsByOfferIdNegative"
"Validates GET /v1/inspection with dynamic parameters - Negative Test","1","GetInspectionNegative - Validate API fails when passing special characters as relation value","API_Regression_Suite","2026-03-25","skipped","2026-03-25","autochek_api_negative.InventoryService.DynamicResponseNegative","Autochek_API_Automation","autochek_api_negative.InventoryService.DynamicResponseNegative","GetInspectionNegative"
"Validates GET /v1/inventory/make with dynamic fields filtering - Positive Test","0","GetMake - Verify response returns only id, name, imageUrl fields","API_Regression_Suite","2026-03-25","skipped","2026-03-25","autochek_api_positive.InventoryService.DynamicResponsePositive","Autochek_API_Automation","autochek_api_positive.InventoryService.DynamicResponsePositive","GetMake"
"","441","UpdateFranchise - account_number as object","API_Regression_Suite","2026-03-25","passed","2026-03-25","autochek_api_negative.UserService.UserServiceNegative","Autochek_API_Automation","autochek_api_negative.UserService.UserServiceNegative","UpdateFranchise"
"Create Inspection for the carID generated in Car Creation","0","PostCreateInspection - Empty inspection_type should be rejected","API_Regression_Suite","2026-03-25","skipped","2026-03-25","autochek_api_negative.DetachTyresSpecification.DetachTyresSpecificationNegative","Autochek_API_Automation","autochek_api_negative.DetachTyresSpecification.DetachTyresSpecificationNegative","PostCreateInspection"
"Get Offer Details by LoanID","427","GetOffersByLoanIdNegative - Send loan_id as empty string","API_Regression_Suite","2026-03-25","passed","2026-03-25","autochek_api_negative.OriginationService.ResponsePayloadReductionV2APIsNegative","Autochek_API_Automation","autochek_api_negative.OriginationService.ResponsePayloadReductionV2APIsNegative","GetOffersByLoanIdNegative"
"","1219","CreateFranchise - bank_name special chars","API_Regression_Suite","2026-03-25","passed","2026-03-25","autochek_api_negative.UserService.UserServiceNegative","Autochek_API_Automation","autochek_api_negative.UserService.UserServiceNegative","CreateFranchise"
"Validates GET /v1/inspection with dynamic parameters - Negative Test","0","GetInspectionNegative - Pass invalid structure in relations","API_Regression_Suite","2026-03-25","skipped","2026-03-25","autochek_api_negative.InventoryService.DynamicResponseNegative","Autochek_API_Automation","autochek_api_negative.InventoryService.DynamicResponseNegative","GetInspectionNegative"
"","0","PostUserSignUpV2 - Verify signup with userType = dsa","API_Regression_Suite","2026-03-25","skipped","2026-03-25","autochek_api_positive.UserService.UserServiceV2","Autochek_API_Automation","autochek_api_positive.UserService.UserServiceV2","PostUserSignUpV2"
"Create Car and Validate Response","0","CreateCar - Verify car creation with latest year 2025","API_Regression_Suite","2026-03-25","skipped","2026-03-25","autochek_api_positive.DetachTyreSpecification.DetachTyreSpecificationPositive","Autochek_API_Automation","autochek_api_positive.DetachTyreSpecification.DetachTyreSpecificationPositive","CreateCar"
"Validates GET /v1/inventory/body_type with dynamic parameters - Negative Test","0","GetBodyTypeNegative - Pass numeric value as field","API_Regression_Suite","2026-03-25","skipped","2026-03-25","autochek_api_negative.InventoryService.DynamicResponseNegative","Autochek_API_Automation","autochek_api_negative.InventoryService.DynamicResponseNegative","GetBodyTypeNegative"
"","1","PostLookUpV2Negative - Send no access token in cookie/header","API_Regression_Suite","2026-03-25","skipped","2026-03-25","autochek_api_negative.UserService.UserServiceV2Negative","Autochek_API_Automation","autochek_api_negative.UserService.UserServiceV2Negative","PostLookUpV2Negative"
"","720","CreateFranchise - name contains script tag (xss)","API_Regression_Suite","2026-03-25","passed","2026-03-25","autochek_api_negative.UserService.UserServiceNegative","Autochek_API_Automation","autochek_api_negative.UserService.UserServiceNegative","CreateFranchise"
"","443","UpdateFranchise - map_address is null","API_Regression_Suite","2026-03-25","passed","2026-03-25","autochek_api_negative.UserService.UserServiceNegative","Autochek_API_Automation","autochek_api_negative.UserService.UserServiceNegative","UpdateFranchise"
"Validates GET /v2/origination/loans/{loan_id}/accepted-offer - Negative Test","507","GetAcceptedOfferByLoanIdNegative - offer_id with only special characters","API_Regression_Suite","2026-03-25","passed","2026-03-25","autochek_api_negative.OriginationService.ResponsePayloadReductionV2APIsNegative","Autochek_API_Automation","autochek_api_negative.OriginationService.ResponsePayloadReductionV2APIsNegative","GetAcceptedOfferByLoanIdNegative"
"Negative test for Create System Config V2","0","PostSystemConfigV2 - DISALLOW_WHITESPACES array structure passed","API_Regression_Suite","2026-03-25","skipped","2026-03-25","autochek_api_negative.UserService.UserServiceV2Negative","Autochek_API_Automation","autochek_api_negative.UserService.UserServiceV2Negative","PostSystemConfigV2"
"Update System Config dynamically for PASSWORD_POLICY or USER_SESSION","1","PatchSystemConfigV2 - Enforce maximum requirement","API_Regression_Suite","2026-03-25","skipped","2026-03-25","autochek_api_negative.UserService.UserServiceV2Negative","Autochek_API_Automation","autochek_api_negative.UserService.UserServiceV2Negative","PatchSystemConfigV2"
"","445","GetFranchiseByID - xss payload as id","API_Regression_Suite","2026-03-25","passed","2026-03-25","autochek_api_negative.UserService.UserServiceNegative","Autochek_API_Automation","autochek_api_negative.UserService.UserServiceNegative","GetFranchiseByID"
"Submit Loan Customer Preferences","404","SubmitLoanPreferencesNegative - dealDiscount 0%","API_Regression_Suite","2026-03-25","failed","2026-03-25","autochek_api_negative.OfferSimulation.OfferSimulationNegative","Autochek_API_Automation","autochek_api_negative.OfferSimulation.OfferSimulationNegative","SubmitLoanPreferencesNegative"
"Validates GET /v1/inventory/obds with dynamic parameters - Positive Test","0","GetObds - Validate only createdAt field is returned","API_Regression_Suite","2026-03-25","skipped","2026-03-25","autochek_api_positive.InventoryService.DynamicResponsePositive","Autochek_API_Automation","autochek_api_positive.InventoryService.DynamicResponsePositive","GetObds"
"","792","CreateFranchise - city ID is a very large number","API_Regression_Suite","2026-03-25","passed","2026-03-25","autochek_api_negative.UserService.UserServiceNegative","Autochek_API_Automation","autochek_api_negative.UserService.UserServiceNegative","CreateFranchise"
"","423","GetFranchiseList - all params as special chars","API_Regression_Suite","2026-03-25","passed","2026-03-25","autochek_api_negative.UserService.UserServiceNegative","Autochek_API_Automation","autochek_api_negative.UserService.UserServiceNegative","GetFranchiseList"
"","1","PostLoginV2Negative - Username is null","API_Regression_Suite","2026-03-25","skipped","2026-03-25","autochek_api_negative.UserService.UserServiceV2Negative","Autochek_API_Automation","autochek_api_negative.UserService.UserServiceV2Negative","PostLoginV2Negative"
